ISO-10303-21;
HEADER;
FILE_DESCRIPTION (( 'STEP AP203' ),
    '1' );
FILE_NAME ('smt_tray_01.STEP',
    '2026-08-09T07:19:25',
    ( '' ),
    ( '' ),
    'SwSTEP 2.0',
    'SolidWorks 2020',
    '' );
FILE_SCHEMA (( 'CONFIG_CONTROL_DESIGN' ));
ENDSEC;

DATA;
#1 = ADVANCED_FACE ( 'NONE', ( #514 ), #6378, .F. ) ;
#2 = CARTESIAN_POINT ( 'NONE',  ( -33.95447164295445219, 10.36068798139403846, -4.500000000000000000 ) ) ;
#3 = ORIENTED_EDGE ( 'NONE', *, *, #6254, .F. ) ;
#4 = ADVANCED_FACE ( 'NONE', ( #2902 ), #6931, .T. ) ;
#5 = LINE ( 'NONE', #362, #6153 ) ;
#6 = ORIENTED_EDGE ( 'NONE', *, *, #7141, .T. ) ;
#7 = ORIENTED_EDGE ( 'NONE', *, *, #4489, .T. ) ;
#8 = DIRECTION ( 'NONE',  ( 0.000000000000000000, 0.000000000000000000, -1.000000000000000000 ) ) ;
#9 = LINE ( 'NONE', #1294, #2911 ) ;
#10 = EDGE_CURVE ( 'NONE', #2782, #1361, #6240, .T. ) ;
#11 = DIRECTION ( 'NONE',  ( 0.000000000000000000, 0.000000000000000000, -1.000000000000000000 ) ) ;
#12 = AXIS2_PLACEMENT_3D ( 'NONE', #2702, #7522, #6331 ) ;
#13 = CARTESIAN_POINT ( 'NONE',  ( 0.000000000000000000, 0.000000000000000000, -3.299999999999999822 ) ) ;
#14 = CIRCLE ( 'NONE', #1358, 5.999999999999998224 ) ;
#15 = EDGE_LOOP ( 'NONE', ( #1833, #1301, #704, #2430 ) ) ;
#16 = EDGE_CURVE ( 'NONE', #2942, #4133, #5212, .T. ) ;
#17 = LINE ( 'NONE', #4794, #3112 ) ;
#18 = ORIENTED_EDGE ( 'NONE', *, *, #1330, .T. ) ;
#19 = DIRECTION ( 'NONE',  ( 1.000000000000000000, 0.000000000000000000, 0.000000000000000000 ) ) ;
#20 = DIRECTION ( 'NONE',  ( 0.02981887472493775088, -0.7064777666070940487, 0.7071067811865410224 ) ) ;
#21 = EDGE_CURVE ( 'NONE', #6292, #2016, #1740, .T. ) ;
#22 = APPROVAL_ROLE ( '' ) ;
#23 = VECTOR ( 'NONE', #164, 1000.000000000000114 ) ;
#24 = VERTEX_POINT ( 'NONE', #5172 ) ;
#25 = CARTESIAN_POINT ( 'NONE',  ( 4.537564434701829796, -10.65929214352101972, -5.000000000000000000 ) ) ;
#26 = DIRECTION ( 'NONE',  ( 0.000000000000000000, 0.000000000000000000, -1.000000000000000000 ) ) ;
#27 = EDGE_CURVE ( 'NONE', #1331, #5501, #4047, .T. ) ;
#28 = ORIENTED_EDGE ( 'NONE', *, *, #3280, .F. ) ;
#29 = CARTESIAN_POINT ( 'NONE',  ( 14.80357795871362114, -70.97255863797140307, -5.000000000000000000 ) ) ;
#30 = DIRECTION ( 'NONE',  ( 1.000000000000000000, 0.000000000000000000, 0.000000000000000000 ) ) ;
#31 = EDGE_CURVE ( 'NONE', #5604, #1647, #7249, .T. ) ;
#32 = CARTESIAN_POINT ( 'NONE',  ( 5.875545186896980354, -4.976742785872279917, -5.000000000000000000 ) ) ;
#33 = DIRECTION ( 'NONE',  ( 1.000000000000000000, 6.883382752675970551E-15, 0.000000000000000000 ) ) ;
#34 = VECTOR ( 'NONE', #6673, 1000.000000000000114 ) ;
#35 = ORIENTED_EDGE ( 'NONE', *, *, #3043, .F. ) ;
#36 = DIRECTION ( 'NONE',  ( -0.2549582041139534794, 0.6595425036758446602, -0.7071067811865376918 ) ) ;
#37 = ORIENTED_EDGE ( 'NONE', *, *, #6616, .T. ) ;
#38 = VECTOR ( 'NONE', #2021, 999.9999999999998863 ) ;
#39 = AXIS2_PLACEMENT_3D ( 'NONE', #1600, #5725, #4011 ) ;
#40 = LINE ( 'NONE', #1869, #1707 ) ;
#41 = ORIENTED_EDGE ( 'NONE', *, *, #7035, .F. ) ;
#42 = CARTESIAN_POINT ( 'NONE',  ( -4.681346652052649659, -12.30833024919770047, 5.000000000000000000 ) ) ;
#43 = ORIENTED_EDGE ( 'NONE', *, *, #6771, .T. ) ;
#44 = AXIS2_PLACEMENT_3D ( 'NONE', #1794, #7240, #77 ) ;
#45 = EDGE_LOOP ( 'NONE', ( #3334, #68, #2582, #1044 ) ) ;
#46 = AXIS2_PLACEMENT_3D ( 'NONE', #4897, #4171, #1191 ) ;
#47 = DIRECTION ( 'NONE',  ( 1.000000000000000000, 0.000000000000000000, 0.000000000000000000 ) ) ;
#48 = DIRECTION ( 'NONE',  ( 0.000000000000000000, 0.000000000000000000, 1.000000000000000000 ) ) ;
#49 = EDGE_CURVE ( 'NONE', #7191, #2820, #3580, .T. ) ;
#50 = CIRCLE ( 'NONE', #5790, 2.100000000000000089 ) ;
#51 = EDGE_CURVE ( 'NONE', #3850, #5557, #5375, .T. ) ;
#52 = LOCAL_TIME ( 15, 19, 25.00000000000000000, #4645 ) ;
#53 = CIRCLE ( 'NONE', #5671, 66.50000000000000000 ) ;
#54 = LINE ( 'NONE', #5413, #5294 ) ;
#55 = DIRECTION ( 'NONE',  ( 0.000000000000000000, 0.000000000000000000, -1.000000000000000000 ) ) ;
#56 = ORIENTED_EDGE ( 'NONE', *, *, #4605, .T. ) ;
#57 = ORIENTED_EDGE ( 'NONE', *, *, #5411, .T. ) ;
#58 = EDGE_CURVE ( 'NONE', #3584, #1300, #1749, .T. ) ;
#59 = DIRECTION ( 'NONE',  ( 0.5000000000000012212, 0.8660254037844380415, 0.000000000000000000 ) ) ;
#60 = FACE_OUTER_BOUND ( 'NONE', #602, .T. ) ;
#61 = APPROVAL_DATE_TIME ( #4182, #5267 ) ;
#62 = AXIS2_PLACEMENT_3D ( 'NONE', #3649, #7281, #1832 ) ;
#63 = CIRCLE ( 'NONE', #4437, 6.000000000000005329 ) ;
#64 = EDGE_LOOP ( 'NONE', ( #600, #5928, #5909, #487 ) ) ;
#65 = CARTESIAN_POINT ( 'NONE',  ( 13.00000000000000000, -2.099999999999909495, 0.5999999999999999778 ) ) ;
#66 = CYLINDRICAL_SURFACE ( 'NONE', #3000, 5.999999999999998224 ) ;
#67 = CIRCLE ( 'NONE', #4440, 5.999999999999998224 ) ;
#68 = ORIENTED_EDGE ( 'NONE', *, *, #5022, .F. ) ;
#69 = FACE_OUTER_BOUND ( 'NONE', #1012, .T. ) ;
#70 = CARTESIAN_POINT ( 'NONE',  ( 14.80357795871362114, -70.97255863797140307, -0.5999999999999999778 ) ) ;
#71 = CONICAL_SURFACE ( 'NONE', #3694, 35.50000000000000000, 0.7853981633974547183 ) ;
#72 = LINE ( 'NONE', #3712, #5769 ) ;
#73 = LINE ( 'NONE', #5396, #4965 ) ;
#74 = ORIENTED_EDGE ( 'NONE', *, *, #5991, .F. ) ;
#75 = CARTESIAN_POINT ( 'NONE',  ( -16.28058613717050207, 23.99880236658015065, 5.000000000000000000 ) ) ;
#76 = CARTESIAN_POINT ( 'NONE',  ( 12.80006992841635949, -33.11205535492555185, -4.500000000000000000 ) ) ;
#77 = DIRECTION ( 'NONE',  ( 1.000000000000000000, 0.000000000000000000, 0.000000000000000000 ) ) ;
#78 = DIRECTION ( 'NONE',  ( 0.000000000000000000, 0.000000000000000000, -1.000000000000000000 ) ) ;
#79 = ORIENTED_EDGE ( 'NONE', *, *, #4338, .F. ) ;
#80 = CARTESIAN_POINT ( 'NONE',  ( 13.00000000000000000, -2.099999999999909495, -0.5999999999999999778 ) ) ;
#81 = VERTEX_POINT ( 'NONE', #5931 ) ;
#82 = ORIENTED_EDGE ( 'NONE', *, *, #893, .T. ) ;
#83 = DIRECTION ( 'NONE',  ( 1.000000000000000000, 0.000000000000000000, 0.000000000000000000 ) ) ;
#84 = CARTESIAN_POINT ( 'NONE',  ( -11.50000000000000000, 1.399999999999999911, 5.000000000000000000 ) ) ;
#85 = DIRECTION ( 'NONE',  ( 0.000000000000000000, 0.000000000000000000, 1.000000000000000000 ) ) ;
#86 = ORIENTED_EDGE ( 'NONE', *, *, #49, .F. ) ;
#87 = ORIENTED_EDGE ( 'NONE', *, *, #3854, .T. ) ;
#88 = ADVANCED_FACE ( 'NONE', ( #6511, #7261 ), #611, .T. ) ;
#89 = CARTESIAN_POINT ( 'NONE',  ( -29.50000000000000000, 3.612708057484690026E-15, 3.299999999999999822 ) ) ;
#90 = CARTESIAN_POINT ( 'NONE',  ( 5.875545186896980354, -4.976742785872279917, -0.5999999999999999778 ) ) ;
#91 = EDGE_CURVE ( 'NONE', #4218, #1620, #5756, .T. ) ;
#92 = APPLICATION_PROTOCOL_DEFINITION ( 'international standard', 'config_control_design', 1994, #5005 ) ;
#93 = VECTOR ( 'NONE', #2413, 1000.000000000000227 ) ;
#94 = ORIENTED_EDGE ( 'NONE', *, *, #860, .F. ) ;
#95 = DIRECTION ( 'NONE',  ( 0.000000000000000000, 0.000000000000000000, 1.000000000000000000 ) ) ;
#96 = LINE ( 'NONE', #4872, #6125 ) ;
#97 = ORIENTED_EDGE ( 'NONE', *, *, #3212, .F. ) ;
#98 = CARTESIAN_POINT ( 'NONE',  ( 21.00937513109125021, 1.527877985666330041, 3.799999999999999822 ) ) ;
#99 = FACE_OUTER_BOUND ( 'NONE', #4900, .T. ) ;
#100 = ADVANCED_FACE ( 'NONE', ( #7102 ), #2447, .F. ) ;
#101 = VECTOR ( 'NONE', #5077, 1000.000000000000000 ) ;
#102 = VECTOR ( 'NONE', #3372, 1000.000000000000114 ) ;
#103 = DIRECTION ( 'NONE',  ( -1.000000000000000000, 0.000000000000000000, 0.000000000000000000 ) ) ;
#104 = CARTESIAN_POINT ( 'NONE',  ( -82.79999999999999716, 0.000000000000000000, 3.799999999999999822 ) ) ;
#105 = AXIS2_PLACEMENT_3D ( 'NONE', #2115, #7613, #6340 ) ;
#106 = ORIENTED_EDGE ( 'NONE', *, *, #6181, .F. ) ;
#107 = DIRECTION ( 'NONE',  ( 0.000000000000000000, 0.000000000000000000, 1.000000000000000000 ) ) ;
#108 = DIRECTION ( 'NONE',  ( -0.8660254037844379305, 0.5000000000000011102, 0.000000000000000000 ) ) ;
#109 = DATE_AND_TIME ( #3162, #174 ) ;
#110 = EDGE_CURVE ( 'NONE', #5670, #5078, #6731, .T. ) ;
#111 = CIRCLE ( 'NONE', #3626, 4.499999999999997335 ) ;
#112 = VECTOR ( 'NONE', #5619, 1000.000000000000114 ) ;
#113 = CARTESIAN_POINT ( 'NONE',  ( 36.67431014136210621, -10.24588957259826039, -4.500000000000000000 ) ) ;
#114 = ORIENTED_EDGE ( 'NONE', *, *, #6159, .T. ) ;
#115 = DIRECTION ( 'NONE',  ( 1.000000000000000000, 0.000000000000000000, 0.000000000000000000 ) ) ;
#116 = ORIENTED_EDGE ( 'NONE', *, *, #4123, .T. ) ;
#117 = ORIENTED_EDGE ( 'NONE', *, *, #3448, .F. ) ;
#118 = EDGE_CURVE ( 'NONE', #3376, #2338, #7745, .T. ) ;
#119 = CYLINDRICAL_SURFACE ( 'NONE', #5910, 6.000000000000005329 ) ;
#120 = ORIENTED_EDGE ( 'NONE', *, *, #1050, .F. ) ;
#121 = SHAPE_REPRESENTATION ( 'smt_tray_01', ( #6906, #6538, #4181 ), #4417 ) ;
#122 = CARTESIAN_POINT ( 'NONE',  ( 12.80006992841635949, -33.11205535492555185, -4.500000000000000000 ) ) ;
#123 = CARTESIAN_POINT ( 'NONE',  ( -84.40000000000000568, 0.000000000000000000, 4.499999999999954703 ) ) ;
#124 = ORIENTED_EDGE ( 'NONE', *, *, #5903, .T. ) ;
#125 = ORIENTED_EDGE ( 'NONE', *, *, #321, .F. ) ;
#126 = CONICAL_SURFACE ( 'NONE', #3516, 79.00000000000000000, 0.7853981633974476129 ) ;
#127 = FACE_OUTER_BOUND ( 'NONE', #6295, .T. ) ;
#128 = DIRECTION ( 'NONE',  ( -1.000000000000000000, 7.771561172376090853E-16, 0.000000000000000000 ) ) ;
#129 = PERSON_AND_ORGANIZATION ( #2664, #7165 ) ;
#130 = VERTEX_POINT ( 'NONE', #1776 ) ;
#131 = ORIENTED_EDGE ( 'NONE', *, *, #2915, .T. ) ;
#132 = DIRECTION ( 'NONE',  ( 0.000000000000000000, 0.000000000000000000, 1.000000000000000000 ) ) ;
#133 = CARTESIAN_POINT ( 'NONE',  ( 5.875545186896980354, 4.976742785872269259, 30.80087640576605068 ) ) ;
#134 = ORIENTED_EDGE ( 'NONE', *, *, #7661, .F. ) ;
#135 = FACE_OUTER_BOUND ( 'NONE', #2486, .T. ) ;
#136 = CARTESIAN_POINT ( 'NONE',  ( -70.97255863797140307, -14.80357795871386095, -5.000000000000000000 ) ) ;
#137 = DIRECTION ( 'NONE',  ( 0.000000000000000000, 0.000000000000000000, 1.000000000000000000 ) ) ;
#138 = ADVANCED_FACE ( 'NONE', ( #1308 ), #2238, .F. ) ;
#139 = ADVANCED_FACE ( 'NONE', ( #5389 ), #66, .F. ) ;
#140 = EDGE_CURVE ( 'NONE', #4465, #3247, #1601, .T. ) ;
#141 = EDGE_LOOP ( 'NONE', ( #5987, #1161, #1558, #745 ) ) ;
#142 = VECTOR ( 'NONE', #4470, 1000.000000000000000 ) ;
#143 = DIRECTION ( 'NONE',  ( 0.000000000000000000, 0.000000000000000000, 1.000000000000000000 ) ) ;
#144 = FACE_BOUND ( 'NONE', #1098, .T. ) ;
#145 = SECURITY_CLASSIFICATION_LEVEL ( 'unclassified' ) ;
#146 = ADVANCED_FACE ( 'NONE', ( #5966 ), #3392, .F. ) ;
#147 = VECTOR ( 'NONE', #2005, 1000.000000000000114 ) ;
#148 = CARTESIAN_POINT ( 'NONE',  ( -65.00000000000000000, 0.000000000000000000, -3.299999999999999822 ) ) ;
#149 = ORIENTED_EDGE ( 'NONE', *, *, #3043, .T. ) ;
#150 = DIRECTION ( 'NONE',  ( -1.000000000000000000, 0.000000000000000000, 0.000000000000000000 ) ) ;
#151 = ORIENTED_EDGE ( 'NONE', *, *, #7687, .F. ) ;
#152 = ORIENTED_EDGE ( 'NONE', *, *, #2069, .T. ) ;
#153 = VECTOR ( 'NONE', #6584, 1000.000000000000000 ) ;
#154 = DIRECTION ( 'NONE',  ( 1.000000000000000000, 0.000000000000000000, 0.000000000000000000 ) ) ;
#155 = ORIENTED_EDGE ( 'NONE', *, *, #4305, .F. ) ;
#156 = EDGE_CURVE ( 'NONE', #1361, #3510, #14, .T. ) ;
#157 = VECTOR ( 'NONE', #5082, 1000.000000000000114 ) ;
#158 = VERTEX_POINT ( 'NONE', #4804 ) ;
#159 = CARTESIAN_POINT ( 'NONE',  ( 36.67431014136205647, 10.24588957259849842, -4.499999999999944933 ) ) ;
#160 = CARTESIAN_POINT ( 'NONE',  ( 11.27330309624256088, -0.4758213614811779846, 5.000000000000000000 ) ) ;
#161 = ORIENTED_EDGE ( 'NONE', *, *, #2069, .F. ) ;
#162 = ORIENTED_EDGE ( 'NONE', *, *, #1520, .T. ) ;
#163 = VECTOR ( 'NONE', #4335, 1000.000000000000000 ) ;
#164 = DIRECTION ( 'NONE',  ( -0.04217025705071829333, 0.9991104390507968835, 0.000000000000000000 ) ) ;
#165 = CARTESIAN_POINT ( 'NONE',  ( -16.28058613717050207, 23.99880236658015065, 5.000000000000000000 ) ) ;
#166 = AXIS2_PLACEMENT_3D ( 'NONE', #5326, #585, #4157 ) ;
#167 = COORDINATED_UNIVERSAL_TIME_OFFSET ( 8, 0, .AHEAD. ) ;
#168 = EDGE_CURVE ( 'NONE', #5397, #7270, #96, .T. ) ;
#169 = AXIS2_PLACEMENT_3D ( 'NONE', #4244, #3581, #2507 ) ;
#170 = VERTEX_POINT ( 'NONE', #4142 ) ;
#171 = LINE ( 'NONE', #1231, #2798 ) ;
#172 = DIRECTION ( 'NONE',  ( 1.000000000000000000, 0.000000000000000000, 0.000000000000000000 ) ) ;
#173 = ORIENTED_EDGE ( 'NONE', *, *, #3643, .F. ) ;
#174 = LOCAL_TIME ( 15, 19, 25.00000000000000000, #4922 ) ;
#175 = CARTESIAN_POINT ( 'NONE',  ( 8.808915324408838288, -70.71953709566709279, 3.799999999999999822 ) ) ;
#176 = FACE_OUTER_BOUND ( 'NONE', #2122, .T. ) ;
#177 = CARTESIAN_POINT ( 'NONE',  ( 28.92386557844574924, 2.100000000000195044, 5.000000000000000000 ) ) ;
#178 = ORIENTED_EDGE ( 'NONE', *, *, #2132, .T. ) ;
#179 = AXIS2_PLACEMENT_3D ( 'NONE', #5002, #7392, #3880 ) ;
#180 = ORIENTED_EDGE ( 'NONE', *, *, #5888, .T. ) ;
#181 = DIRECTION ( 'NONE',  ( 0.000000000000000000, 0.000000000000000000, 1.000000000000000000 ) ) ;
#182 = DIRECTION ( 'NONE',  ( 0.000000000000000000, 0.000000000000000000, -1.000000000000000000 ) ) ;
#183 = AXIS2_PLACEMENT_3D ( 'NONE', #2175, #2131, #4529 ) ;
#184 = VECTOR ( 'NONE', #3141, 1000.000000000000000 ) ;
#185 = DATE_AND_TIME ( #2054, #6911 ) ;
#186 = EDGE_CURVE ( 'NONE', #6503, #6111, #2734, .T. ) ;
#187 = DIRECTION ( 'NONE',  ( 1.000000000000000000, 0.000000000000000000, 0.000000000000000000 ) ) ;
#188 = EDGE_CURVE ( 'NONE', #5863, #2595, #3137, .T. ) ;
#189 = DIRECTION ( 'NONE',  ( 1.000000000000000000, 0.000000000000000000, 0.000000000000000000 ) ) ;
#190 = ORIENTED_EDGE ( 'NONE', *, *, #3622, .T. ) ;
#191 = DIRECTION ( 'NONE',  ( 0.9991104390507971056, -0.04217025705071496267, 0.000000000000000000 ) ) ;
#192 = EDGE_LOOP ( 'NONE', ( #3410, #1324, #6512, #4892 ) ) ;
#193 = ORIENTED_EDGE ( 'NONE', *, *, #2467, .F. ) ;
#194 = DIRECTION ( 'NONE',  ( 0.000000000000000000, 0.000000000000000000, -1.000000000000000000 ) ) ;
#195 = ORIENTED_EDGE ( 'NONE', *, *, #1723, .T. ) ;
#196 = APPROVAL ( #811, 'UNKNOWN' ) ;
#197 = CARTESIAN_POINT ( 'NONE',  ( 0.000000000000000000, 0.000000000000000000, 5.000000000000000000 ) ) ;
#198 = ORIENTED_EDGE ( 'NONE', *, *, #6699, .T. ) ;
#199 = FACE_OUTER_BOUND ( 'NONE', #4954, .T. ) ;
#200 = CARTESIAN_POINT ( 'NONE',  ( -33.11205535492550212, -12.80006992841648028, -0.5999999999999999778 ) ) ;
#201 = ORIENTED_EDGE ( 'NONE', *, *, #2557, .F. ) ;
#202 = ORIENTED_EDGE ( 'NONE', *, *, #7430, .F. ) ;
#203 = FACE_OUTER_BOUND ( 'NONE', #7413, .T. ) ;
#204 = EDGE_CURVE ( 'NONE', #6813, #6591, #2918, .T. ) ;
#205 = CARTESIAN_POINT ( 'NONE',  ( 28.92386557844574924, 2.100000000000195044, -5.000000000000000000 ) ) ;
#206 = ORIENTED_EDGE ( 'NONE', *, *, #2715, .F. ) ;
#207 = CYLINDRICAL_SURFACE ( 'NONE', #6672, 88.50000000000000000 ) ;
#208 = CYLINDRICAL_SURFACE ( 'NONE', #3248, 29.00000000000000000 ) ;
#209 = ORIENTED_EDGE ( 'NONE', *, *, #5305, .T. ) ;
#210 = CARTESIAN_POINT ( 'NONE',  ( 9.338733222303439163, -46.31023384327180281, 5.000000000000000000 ) ) ;
#211 = DIRECTION ( 'NONE',  ( 0.000000000000000000, 0.000000000000000000, -1.000000000000000000 ) ) ;
#212 = VECTOR ( 'NONE', #2499, 1000.000000000000000 ) ;
#213 = CARTESIAN_POINT ( 'NONE',  ( 5.875545186896980354, 4.976742785872269259, -5.000000000000000000 ) ) ;
#214 = EDGE_CURVE ( 'NONE', #6139, #5650, #3665, .T. ) ;
#215 = EDGE_CURVE ( 'NONE', #4785, #6657, #4726, .T. ) ;
#216 = ORIENTED_EDGE ( 'NONE', *, *, #215, .T. ) ;
#217 = DIRECTION ( 'NONE',  ( 0.000000000000000000, 0.000000000000000000, 1.000000000000000000 ) ) ;
#218 = DIRECTION ( 'NONE',  ( -0.5000000000000099920, 0.8660254037844328234, 0.000000000000000000 ) ) ;
#219 = DIRECTION ( 'NONE',  ( 0.000000000000000000, 0.000000000000000000, 1.000000000000000000 ) ) ;
#220 = PERSON_AND_ORGANIZATION ( #793, #5306 ) ;
#221 = DIRECTION ( 'NONE',  ( 0.000000000000000000, 0.000000000000000000, 1.000000000000000000 ) ) ;
#222 = AXIS2_PLACEMENT_3D ( 'NONE', #5620, #6823, #6901 ) ;
#223 = CIRCLE ( 'NONE', #4233, 66.50000000000000000 ) ;
#224 = EDGE_CURVE ( 'NONE', #2300, #5125, #3632, .T. ) ;
#225 = CARTESIAN_POINT ( 'NONE',  ( 0.000000000000000000, 0.000000000000000000, 3.799999999999999822 ) ) ;
#226 = ORIENTED_EDGE ( 'NONE', *, *, #2285, .F. ) ;
#227 = CIRCLE ( 'NONE', #1970, 4.499999999999997335 ) ;
#228 = LINE ( 'NONE', #3209, #1188 ) ;
#229 = VERTEX_POINT ( 'NONE', #6152 ) ;
#230 = ORIENTED_EDGE ( 'NONE', *, *, #5484, .T. ) ;
#231 = CARTESIAN_POINT ( 'NONE',  ( -7.247758274114829646, -2.600000000000000089, 5.000000000000000000 ) ) ;
#232 = VECTOR ( 'NONE', #4757, 1000.000000000000114 ) ;
#233 = EDGE_LOOP ( 'NONE', ( #7556, #5008, #2223, #3624 ) ) ;
#234 = EDGE_CURVE ( 'NONE', #5197, #6461, #7368, .T. ) ;
#235 = EDGE_CURVE ( 'NONE', #5676, #4476, #3995, .T. ) ;
#236 = LINE ( 'NONE', #4538, #1321 ) ;
#237 = PLANE ( 'NONE',  #4418 ) ;
#238 = FACE_OUTER_BOUND ( 'NONE', #5053, .T. ) ;
#239 = ORIENTED_EDGE ( 'NONE', *, *, #6397, .F. ) ;
#240 = EDGE_LOOP ( 'NONE', ( #7402, #1831, #5330, #4493 ) ) ;
#241 = DIRECTION ( 'NONE',  ( 1.000000000000000000, 0.000000000000000000, 0.000000000000000000 ) ) ;
#242 = VECTOR ( 'NONE', #1417, 1000.000000000000000 ) ;
#243 = CARTESIAN_POINT ( 'NONE',  ( -12.64327944127586001, 26.09880236658020181, -5.000000000000000000 ) ) ;
#244 = EDGE_CURVE ( 'NONE', #2980, #1453, #7496, .T. ) ;
#245 = ADVANCED_FACE ( 'NONE', ( #755 ), #4444, .T. ) ;
#246 = ORIENTED_EDGE ( 'NONE', *, *, #4352, .T. ) ;
#247 = CARTESIAN_POINT ( 'NONE',  ( 28.96379781475134862, -1.448591090061330133, -3.799999999999999822 ) ) ;
#248 = CARTESIAN_POINT ( 'NONE',  ( -11.77285831576796049, -0.4969064900065369716, 3.799999999999999822 ) ) ;
#249 = DESIGN_CONTEXT ( 'detailed design', #1804, 'design' ) ;
#250 = ORIENTED_EDGE ( 'NONE', *, *, #7182, .T. ) ;
#251 = FACE_OUTER_BOUND ( 'NONE', #6193, .T. ) ;
#252 = LINE ( 'NONE', #3154, #1172 ) ;
#253 = CARTESIAN_POINT ( 'NONE',  ( -33.11205535492550212, 12.80006992841649982, -3.799999999999999822 ) ) ;
#254 = ADVANCED_FACE ( 'NONE', ( #1452 ), #3861, .F. ) ;
#255 = VERTEX_POINT ( 'NONE', #6855 ) ;
#256 = LINE ( 'NONE', #2640, #1118 ) ;
#257 = DIRECTION ( 'NONE',  ( 0.000000000000000000, 0.000000000000000000, -1.000000000000000000 ) ) ;
#258 = FACE_BOUND ( 'NONE', #4661, .T. ) ;
#260 = EDGE_CURVE ( 'NONE', #7282, #2980, #2632, .T. ) ;
#259 = VECTOR ( 'NONE', #3947, 1000.000000000000227 ) ;
#261 = DATE_TIME_ROLE ( 'classification_date' ) ;
#262 = CARTESIAN_POINT ( 'NONE',  ( 0.000000000000000000, 0.000000000000000000, -5.000000000000000000 ) ) ;
#263 = AXIS2_PLACEMENT_3D ( 'NONE', #3458, #5800, #1632 ) ;
#264 = EDGE_CURVE ( 'NONE', #7489, #3744, #4949, .T. ) ;
#265 = DIRECTION ( 'NONE',  ( 1.000000000000000000, 0.000000000000000000, 0.000000000000000000 ) ) ;
#266 = VERTEX_POINT ( 'NONE', #870 ) ;
#267 = CYLINDRICAL_SURFACE ( 'NONE', #1803, 28.50000000000000000 ) ;
#268 = VERTEX_POINT ( 'NONE', #1377 ) ;
#269 = ORIENTED_EDGE ( 'NONE', *, *, #6017, .T. ) ;
#270 = DIRECTION ( 'NONE',  ( 0.000000000000000000, 0.000000000000000000, 1.000000000000000000 ) ) ;
#271 = CIRCLE ( 'NONE', #4282, 78.50000000000000000 ) ;
#272 = PLANE ( 'NONE',  #6556 ) ;
#273 = ORIENTED_EDGE ( 'NONE', *, *, #1040, .T. ) ;
#274 = FACE_BOUND ( 'NONE', #7303, .T. ) ;
#275 = LINE ( 'NONE', #1366, #6179 ) ;
#276 = ORIENTED_EDGE ( 'NONE', *, *, #831, .T. ) ;
#277 = ORIENTED_EDGE ( 'NONE', *, *, #1054, .T. ) ;
#278 = EDGE_CURVE ( 'NONE', #889, #5715, #6192, .T. ) ;
#279 = DIRECTION ( 'NONE',  ( -0.5000000000000011102, 0.8660254037844379305, 0.000000000000000000 ) ) ;
#280 = ADVANCED_FACE ( 'NONE', ( #1963 ), #4364, .F. ) ;
#281 = CARTESIAN_POINT ( 'NONE',  ( 76.84614969766539616, 16.02870165184935303, -0.5999999999999999778 ) ) ;
#282 = ADVANCED_FACE ( 'NONE', ( #7373 ), #734, .F. ) ;
#283 = ORIENTED_EDGE ( 'NONE', *, *, #5423, .T. ) ;
#284 = CARTESIAN_POINT ( 'NONE',  ( 20.99529699264139992, 0.5278586372672050553, -3.799999999999999822 ) ) ;
#285 = CC_DESIGN_DATE_AND_TIME_ASSIGNMENT ( #1031, #5925, ( #3047 ) ) ;
#286 = DIRECTION ( 'NONE',  ( 1.000000000000000000, 0.000000000000000000, 0.000000000000000000 ) ) ;
#287 = CIRCLE ( 'NONE', #5781, 29.00000000000000000 ) ;
#288 = ORIENTED_EDGE ( 'NONE', *, *, #7405, .T. ) ;
#289 = DIRECTION ( 'NONE',  ( -0.02981887472493775088, 0.7064777666070940487, 0.7071067811865410224 ) ) ;
#290 = CARTESIAN_POINT ( 'NONE',  ( 28.92386557844574924, 2.100000000000195044, 5.000000000000000000 ) ) ;
#291 =( GEOMETRIC_REPRESENTATION_CONTEXT ( 3 ) GLOBAL_UNCERTAINTY_ASSIGNED_CONTEXT ( ( #871 ) ) GLOBAL_UNIT_ASSIGNED_CONTEXT ( ( #3608, #1747, #1355 ) ) REPRESENTATION_CONTEXT ( 'NONE', 'WORKASPACE' ) );
#292 = CARTESIAN_POINT ( 'NONE',  ( -12.69999999999999929, 2.600000000000000089, 30.56012519531154936 ) ) ;
#293 = CIRCLE ( 'NONE', #4299, 4.000000000000000000 ) ;
#294 = LOCAL_TIME ( 15, 19, 25.00000000000000000, #2249 ) ;
#295 = ORIENTED_EDGE ( 'NONE', *, *, #5401, .F. ) ;
#296 = CARTESIAN_POINT ( 'NONE',  ( -36.84299116956495368, 14.24233132880143948, -0.5999999999999999778 ) ) ;
#297 = CARTESIAN_POINT ( 'NONE',  ( -12.61978725336826024, -32.64568837809559909, -5.000000000000000000 ) ) ;
#298 = CARTESIAN_POINT ( 'NONE',  ( 0.000000000000000000, 0.000000000000000000, 30.80087640576605068 ) ) ;
#299 = CARTESIAN_POINT ( 'NONE',  ( 36.84299116956495368, -14.24233132880143948, -5.000000000000000000 ) ) ;
#300 = VECTOR ( 'NONE', #2730, 1000.000000000000114 ) ;
#301 = AXIS2_PLACEMENT_3D ( 'NONE', #4340, #3240, #4373 ) ;
#302 = CARTESIAN_POINT ( 'NONE',  ( -8.500000000000000000, 78.03845206050668537, 0.5999999999999999778 ) ) ;
#303 = ORIENTED_EDGE ( 'NONE', *, *, #5929, .F. ) ;
#304 = CIRCLE ( 'NONE', #4683, 6.499999999999999112 ) ;
#305 = CARTESIAN_POINT ( 'NONE',  ( 16.02870165184855011, -76.84614969766559511, -4.500000000000000000 ) ) ;
#306 = ORIENTED_EDGE ( 'NONE', *, *, #6567, .T. ) ;
#307 = VERTEX_POINT ( 'NONE', #6737 ) ;
#308 = VECTOR ( 'NONE', #6946, 1000.000000000000114 ) ;
#309 = CARTESIAN_POINT ( 'NONE',  ( 28.42252627758479733, 2.100000000000195044, 0.5999999999999999778 ) ) ;
#310 = CIRCLE ( 'NONE', #1316, 28.50000000000000000 ) ;
#311 = LINE ( 'NONE', #6841, #5318 ) ;
#312 = VERTEX_POINT ( 'NONE', #7411 ) ;
#313 = CARTESIAN_POINT ( 'NONE',  ( 58.20652884342099753, -42.00000000000000000, 5.000000000000000000 ) ) ;
#314 = CARTESIAN_POINT ( 'NONE',  ( 0.000000000000000000, 0.000000000000000000, 30.80087640576605068 ) ) ;
#315 = VERTEX_POINT ( 'NONE', #5648 ) ;
#316 = ORIENTED_EDGE ( 'NONE', *, *, #728, .T. ) ;
#317 = VECTOR ( 'NONE', #4073, 1000.000000000000000 ) ;
#318 = DIRECTION ( 'NONE',  ( 0.000000000000000000, 0.000000000000000000, -1.000000000000000000 ) ) ;
#319 = LINE ( 'NONE', #2706, #6765 ) ;
#320 = ORIENTED_EDGE ( 'NONE', *, *, #7286, .T. ) ;
#321 = EDGE_CURVE ( 'NONE', #1854, #4834, #1244, .T. ) ;
#322 = CARTESIAN_POINT ( 'NONE',  ( 33.95447164295445219, -10.36068798139403846, -4.500000000000000000 ) ) ;
#323 = LINE ( 'NONE', #4552, #5976 ) ;
#324 = EDGE_LOOP ( 'NONE', ( #6143, #124, #4379, #4629 ) ) ;
#325 = CARTESIAN_POINT ( 'NONE',  ( 0.000000000000000000, 0.000000000000000000, -5.000000000000000000 ) ) ;
#326 = DIRECTION ( 'NONE',  ( 0.000000000000000000, 0.000000000000000000, -1.000000000000000000 ) ) ;
#327 = SHAPE_REPRESENTATION ( 'smt_tray_011.STEP', ( #44 ), #2288 ) ;
#328 = ADVANCED_FACE ( 'NONE', ( #2001 ), #208, .T. ) ;
#329 = LINE ( 'NONE', #213, #3029 ) ;
#330 = ORIENTED_EDGE ( 'NONE', *, *, #4535, .F. ) ;
#331 = ADVANCED_FACE ( 'NONE', ( #6773 ), #5500, .T. ) ;
#332 = DIRECTION ( 'NONE',  ( 0.4999999999999995004, 0.8660254037844390407, 0.000000000000000000 ) ) ;
#333 = DIRECTION ( 'NONE',  ( -0.04217025705070797520, -0.9991104390507974387, 0.000000000000000000 ) ) ;
#334 = CARTESIAN_POINT ( 'NONE',  ( 70.97255863797130360, 14.80357795871436188, -3.799999999999999822 ) ) ;
#335 = CARTESIAN_POINT ( 'NONE',  ( -13.83473019803201964, -46.50000000000000000, 3.799999999999999822 ) ) ;
#336 = FACE_OUTER_BOUND ( 'NONE', #1863, .T. ) ;
#337 = EDGE_CURVE ( 'NONE', #3174, #2591, #2518, .T. ) ;
#338 = AXIS2_PLACEMENT_3D ( 'NONE', #4811, #5466, #4877 ) ;
#339 = EDGE_CURVE ( 'NONE', #5723, #5528, #6891, .T. ) ;
#340 = CARTESIAN_POINT ( 'NONE',  ( 1.372213087217910132, 7.576742785872299990, 5.000000000000000000 ) ) ;
#341 = CARTESIAN_POINT ( 'NONE',  ( 1.961284649213400177, -6.197044660542629479, 5.000000000000000000 ) ) ;
#342 = EDGE_LOOP ( 'NONE', ( #4292, #7614, #5905, #5807, #87, #1666, #4238, #4207, #5866, #4081, #4648, #551 ) ) ;
#343 = ORIENTED_EDGE ( 'NONE', *, *, #27, .F. ) ;
#344 = AXIS2_PLACEMENT_3D ( 'NONE', #4708, #1548, #5795 ) ;
#345 = CARTESIAN_POINT ( 'NONE',  ( -13.83473019803201964, -42.50000000000000000, 4.500000000000000000 ) ) ;
#346 = AXIS2_PLACEMENT_3D ( 'NONE', #985, #5214, #3970 ) ;
#347 = AXIS2_PLACEMENT_3D ( 'NONE', #408, #2804, #4411 ) ;
#348 = DIRECTION ( 'NONE',  ( 1.000000000000000000, 0.000000000000000000, 0.000000000000000000 ) ) ;
#349 = ORIENTED_EDGE ( 'NONE', *, *, #7430, .T. ) ;
#350 = DIRECTION ( 'NONE',  ( 1.000000000000000000, 0.000000000000000000, 0.000000000000000000 ) ) ;
#351 = DIRECTION ( 'NONE',  ( 1.000000000000000000, 0.000000000000000000, 0.000000000000000000 ) ) ;
#352 = ORIENTED_EDGE ( 'NONE', *, *, #4118, .F. ) ;
#353 = EDGE_LOOP ( 'NONE', ( #5133, #7397, #120, #946, #6998, #1306, #7283, #2960, #3375 ) ) ;
#354 = EDGE_CURVE ( 'NONE', #7513, #382, #3763, .T. ) ;
#355 = LINE ( 'NONE', #2741, #7515 ) ;
#356 = DIRECTION ( 'NONE',  ( 1.000000000000000000, 0.000000000000000000, 0.000000000000000000 ) ) ;
#357 = EDGE_LOOP ( 'NONE', ( #6371, #7684, #86, #6703, #4950, #1984, #5089, #5890, #4581, #216 ) ) ;
#358 = CYLINDRICAL_SURFACE ( 'NONE', #1661, 88.50000000000000000 ) ;
#359 = CARTESIAN_POINT ( 'NONE',  ( -1.818653347947315035, -1.050000000000021805, 0.5999999999999999778 ) ) ;
#360 = ORIENTED_EDGE ( 'NONE', *, *, #6440, .F. ) ;
#361 = CARTESIAN_POINT ( 'NONE',  ( 6.349999999999999645, -10.99852262806233938, -0.5999999999999999778 ) ) ;
#362 = CARTESIAN_POINT ( 'NONE',  ( -16.02870165184855011, -76.84614969766559511, 0.5999999999999999778 ) ) ;
#363 = CARTESIAN_POINT ( 'NONE',  ( -58.20652884342099753, -46.50000000000000000, 3.799999999999999822 ) ) ;
#364 = EDGE_LOOP ( 'NONE', ( #4016, #3083, #3170, #6133 ) ) ;
#365 = CARTESIAN_POINT ( 'NONE',  ( 36.67431014136205647, 10.24588957259849842, -3.799999999999999822 ) ) ;
#366 = FACE_OUTER_BOUND ( 'NONE', #2019, .T. ) ;
#367 = DIRECTION ( 'NONE',  ( 0.04217025705071829333, 0.9991104390507968835, 0.000000000000000000 ) ) ;
#368 = DIRECTION ( 'NONE',  ( 0.04217025705071829333, -0.9991104390507968835, 0.000000000000000000 ) ) ;
#369 = AXIS2_PLACEMENT_3D ( 'NONE', #1238, #7750, #4774 ) ;
#370 = DIRECTION ( 'NONE',  ( -1.000000000000000000, 0.000000000000000000, 0.000000000000000000 ) ) ;
#371 = EDGE_CURVE ( 'NONE', #1200, #7164, #2474, .T. ) ;
#372 = CONICAL_SURFACE ( 'NONE', #2508, 6.499999999999999112, 0.7853981633974335130 ) ;
#373 = VECTOR ( 'NONE', #2986, 1000.000000000000000 ) ;
#374 = DIRECTION ( 'NONE',  ( 0.000000000000000000, 0.000000000000000000, 1.000000000000000000 ) ) ;
#375 = ADVANCED_FACE ( 'NONE', ( #3936 ), #5255, .T. ) ;
#376 = CARTESIAN_POINT ( 'NONE',  ( 8.601666049839581163, -9.698522628062329787, -0.5999999999999999778 ) ) ;
#377 = ORIENTED_EDGE ( 'NONE', *, *, #1957, .T. ) ;
#378 = ORIENTED_EDGE ( 'NONE', *, *, #2814, .F. ) ;
#379 = VECTOR ( 'NONE', #3815, 1000.000000000000114 ) ;
#380 = CARTESIAN_POINT ( 'NONE',  ( 5.875545186896980354, 4.976742785872269259, 5.000000000000000000 ) ) ;
#381 = PLANE ( 'NONE',  #2972 ) ;
#382 = VERTEX_POINT ( 'NONE', #4674 ) ;
#383 = CARTESIAN_POINT ( 'NONE',  ( -8.808915324408838288, 70.71953709566709279, -3.799999999999999822 ) ) ;
#384 = VECTOR ( 'NONE', #3790, 1000.000000000000000 ) ;
#385 = CARTESIAN_POINT ( 'NONE',  ( -7.247758274114829646, -2.600000000000000089, 30.56012519531154936 ) ) ;
#386 = EDGE_LOOP ( 'NONE', ( #3700, #7746, #3457, #3699 ) ) ;
#387 = ORIENTED_EDGE ( 'NONE', *, *, #156, .F. ) ;
#388 = ORIENTED_EDGE ( 'NONE', *, *, #5360, .F. ) ;
#389 = CARTESIAN_POINT ( 'NONE',  ( 61.72235944470150315, 49.30872483221479996, 5.000000000000000000 ) ) ;
#390 = CIRCLE ( 'NONE', #5898, 6.499999999999999112 ) ;
#391 = CARTESIAN_POINT ( 'NONE',  ( -12.64327944127550118, -26.09880236658035102, -3.799999999999999822 ) ) ;
#392 = EDGE_CURVE ( 'NONE', #2338, #2448, #5477, .T. ) ;
#393 = CARTESIAN_POINT ( 'NONE',  ( 36.84299116956490394, 14.24233132880170061, -3.799999999999999822 ) ) ;
#394 = VECTOR ( 'NONE', #7529, 1000.000000000000000 ) ;
#395 = LINE ( 'NONE', #3461, #4801 ) ;
#396 = DIRECTION ( 'NONE',  ( 0.000000000000000000, 0.000000000000000000, 1.000000000000000000 ) ) ;
#397 = VERTEX_POINT ( 'NONE', #2272 ) ;
#398 = DIRECTION ( 'NONE',  ( 0.000000000000000000, 0.000000000000000000, 1.000000000000000000 ) ) ;
#399 = CARTESIAN_POINT ( 'NONE',  ( -16.28058613717050207, 23.99880236658015065, 3.799999999999999822 ) ) ;
#400 = EDGE_CURVE ( 'NONE', #2833, #6011, #5722, .T. ) ;
#401 = FACE_OUTER_BOUND ( 'NONE', #6333, .T. ) ;
#402 = VECTOR ( 'NONE', #1679, 1000.000000000000000 ) ;
#403 = APPROVAL_STATUS ( 'not_yet_approved' ) ;
#404 = EDGE_LOOP ( 'NONE', ( #2566, #3, #1477, #6 ) ) ;
#405 = CYLINDRICAL_SURFACE ( 'NONE', #681, 29.00000000000000000 ) ;
#406 = CARTESIAN_POINT ( 'NONE',  ( -84.40000000000000568, 0.000000000000000000, -3.799999999999999822 ) ) ;
#407 = CONICAL_SURFACE ( 'NONE', #5546, 4.500000000000000888, 0.7853981633974602694 ) ;
#408 = CARTESIAN_POINT ( 'NONE',  ( 0.000000000000000000, 0.000000000000000000, -0.5999999999999999778 ) ) ;
#409 = CARTESIAN_POINT ( 'NONE',  ( 4.098333950160519379, 12.29852262806234009, 30.80087640576605068 ) ) ;
#410 = COORDINATED_UNIVERSAL_TIME_OFFSET ( 8, 0, .AHEAD. ) ;
#411 = CARTESIAN_POINT ( 'NONE',  ( 28.42252627758479733, 2.100000000000195044, 5.000000000000000000 ) ) ;
#412 = VECTOR ( 'NONE', #6116, 1000.000000000000000 ) ;
#413 = LOCAL_TIME ( 15, 19, 25.00000000000000000, #5182 ) ;
#414 = CYLINDRICAL_SURFACE ( 'NONE', #4932, 78.50000000000000000 ) ;
#415 = EDGE_CURVE ( 'NONE', #6103, #4355, #5688, .T. ) ;
#416 = CARTESIAN_POINT ( 'NONE',  ( 0.000000000000000000, 0.000000000000000000, 0.5999999999999999778 ) ) ;
#417 = EDGE_LOOP ( 'NONE', ( #569, #6031, #6063, #1016 ) ) ;
#418 = ORIENTED_EDGE ( 'NONE', *, *, #2699, .F. ) ;
#419 = ADVANCED_FACE ( 'NONE', ( #3462 ), #2865, .F. ) ;
#420 = LINE ( 'NONE', #935, #157 ) ;
#421 = CIRCLE ( 'NONE', #7313, 35.00000000000000000 ) ;
#422 = AXIS2_PLACEMENT_3D ( 'NONE', #4598, #2875, #6389 ) ;
#423 = EDGE_CURVE ( 'NONE', #2046, #6884, #2353, .T. ) ;
#424 = CARTESIAN_POINT ( 'NONE',  ( 0.000000000000000000, 0.000000000000000000, 3.799999999999999822 ) ) ;
#425 = ORIENTED_EDGE ( 'NONE', *, *, #4637, .T. ) ;
#426 = DIRECTION ( 'NONE',  ( 0.000000000000000000, 0.000000000000000000, 1.000000000000000000 ) ) ;
#427 = DIRECTION ( 'NONE',  ( 0.000000000000000000, 0.000000000000000000, -1.000000000000000000 ) ) ;
#428 = ORIENTED_EDGE ( 'NONE', *, *, #470, .F. ) ;
#429 = EDGE_LOOP ( 'NONE', ( #1102, #816, #4052, #2846 ) ) ;
#430 = VECTOR ( 'NONE', #6984, 1000.000000000000114 ) ;
#431 = DIRECTION ( 'NONE',  ( -1.000000000000000000, 0.000000000000000000, 0.000000000000000000 ) ) ;
#432 = CARTESIAN_POINT ( 'NONE',  ( 9.746334353072429124, 36.65322501283684886, -5.000000000000000000 ) ) ;
#433 = CARTESIAN_POINT ( 'NONE',  ( 28.96379781475134862, -1.448591090061330133, 3.799999999999999822 ) ) ;
#434 = CARTESIAN_POINT ( 'NONE',  ( -77.47255863797131781, -14.80357795871386095, -5.000000000000000000 ) ) ;
#435 = DIRECTION ( 'NONE',  ( -1.000000000000000000, 0.000000000000000000, 0.000000000000000000 ) ) ;
#436 = ORIENTED_EDGE ( 'NONE', *, *, #4647, .F. ) ;
#437 = EDGE_CURVE ( 'NONE', #3577, #6145, #948, .T. ) ;
#438 = LINE ( 'NONE', #5920, #4248 ) ;
#439 = DIRECTION ( 'NONE',  ( 0.000000000000000000, 0.000000000000000000, 1.000000000000000000 ) ) ;
#440 = DIRECTION ( 'NONE',  ( 1.000000000000000000, -1.776356839400250070E-15, 0.000000000000000000 ) ) ;
#441 = COORDINATED_UNIVERSAL_TIME_OFFSET ( 8, 0, .AHEAD. ) ;
#442 = ORIENTED_EDGE ( 'NONE', *, *, #3883, .T. ) ;
#443 = FACE_OUTER_BOUND ( 'NONE', #5346, .T. ) ;
#444 = CYLINDRICAL_SURFACE ( 'NONE', #6632, 88.50000000000000000 ) ;
#445 = ORIENTED_EDGE ( 'NONE', *, *, #7360, .F. ) ;
#446 = CARTESIAN_POINT ( 'NONE',  ( 14.24233132880129915, -36.84299116956504605, -4.500000000000000000 ) ) ;
#447 = CARTESIAN_POINT ( 'NONE',  ( -8.803577958713621143, 70.97255863797140307, 0.5999999999999999778 ) ) ;
#448 = EDGE_CURVE ( 'NONE', #6145, #3494, #2233, .T. ) ;
#449 = DATE_AND_TIME ( #5820, #1659 ) ;
#450 = CARTESIAN_POINT ( 'NONE',  ( -70.97255863797140307, 14.80357795871386095, -5.000000000000000000 ) ) ;
#451 = EDGE_LOOP ( 'NONE', ( #1964, #3345, #7092, #1060 ) ) ;
#452 = CARTESIAN_POINT ( 'NONE',  ( 13.83473019803201964, -42.00000000000000000, 5.000000000000000000 ) ) ;
#453 = DIRECTION ( 'NONE',  ( 0.000000000000000000, 0.000000000000000000, 1.000000000000000000 ) ) ;
#454 = ORIENTED_EDGE ( 'NONE', *, *, #707, .T. ) ;
#455 = VERTEX_POINT ( 'NONE', #5135 ) ;
#456 = VECTOR ( 'NONE', #3996, 1000.000000000000000 ) ;
#457 = DIRECTION ( 'NONE',  ( 0.000000000000000000, 0.000000000000000000, 1.000000000000000000 ) ) ;
#458 = ADVANCED_FACE ( 'NONE', ( #7575 ), #1715, .F. ) ;
#459 = CONICAL_SURFACE ( 'NONE', #2082, 78.50000000000000000, 0.7853981633974348453 ) ;
#460 = CARTESIAN_POINT ( 'NONE',  ( -12.64327944127586001, 26.09880236658020181, -5.000000000000000000 ) ) ;
#461 = ORIENTED_EDGE ( 'NONE', *, *, #5809, .T. ) ;
#462 = DIRECTION ( 'NONE',  ( 1.000000000000000000, 0.000000000000000000, 0.000000000000000000 ) ) ;
#463 = AXIS2_PLACEMENT_3D ( 'NONE', #3925, #5832, #7600 ) ;
#464 = DIRECTION ( 'NONE',  ( 1.000000000000000000, 0.000000000000000000, 0.000000000000000000 ) ) ;
#465 = ORIENTED_EDGE ( 'NONE', *, *, #7712, .T. ) ;
#466 = ORIENTED_EDGE ( 'NONE', *, *, #6477, .F. ) ;
#467 = VERTEX_POINT ( 'NONE', #3311 ) ;
#468 = CARTESIAN_POINT ( 'NONE',  ( -11.50000000000000000, -1.399999999999999911, 30.56012519531154936 ) ) ;
#469 = DIRECTION ( 'NONE',  ( -1.000000000000000000, 0.000000000000000000, 0.000000000000000000 ) ) ;
#470 = EDGE_CURVE ( 'NONE', #6809, #2178, #323, .T. ) ;
#471 = EDGE_CURVE ( 'NONE', #5715, #682, #2791, .T. ) ;
#472 = EDGE_CURVE ( 'NONE', #6145, #3722, #6215, .T. ) ;
#473 = CONICAL_SURFACE ( 'NONE', #3105, 78.50000000000000000, 0.7853981633974617127 ) ;
#474 = VERTEX_POINT ( 'NONE', #1024 ) ;
#475 = DIRECTION ( 'NONE',  ( 0.000000000000000000, 0.000000000000000000, -1.000000000000000000 ) ) ;
#476 = CARTESIAN_POINT ( 'NONE',  ( 0.000000000000000000, 0.000000000000000000, 3.299999999999999822 ) ) ;
#477 = ORIENTED_EDGE ( 'NONE', *, *, #1051, .F. ) ;
#478 = DIRECTION ( 'NONE',  ( 7.771561172376090853E-16, 1.000000000000000000, 0.000000000000000000 ) ) ;
#479 = ORIENTED_EDGE ( 'NONE', *, *, #7544, .T. ) ;
#480 = AXIS2_PLACEMENT_3D ( 'NONE', #5341, #4134, #1112 ) ;
#481 = ADVANCED_FACE ( 'NONE', ( #3423 ), #7478, .T. ) ;
#482 = LINE ( 'NONE', #5882, #4103 ) ;
#483 = DIRECTION ( 'NONE',  ( 0.000000000000000000, 0.000000000000000000, -1.000000000000000000 ) ) ;
#484 = PERSON_AND_ORGANIZATION ( #2664, #7165 ) ;
#485 = EDGE_CURVE ( 'NONE', #7164, #1200, #7605, .T. ) ;
#486 = AXIS2_PLACEMENT_3D ( 'NONE', #1533, #806, #6822 ) ;
#487 = ORIENTED_EDGE ( 'NONE', *, *, #5612, .F. ) ;
#488 = DIRECTION ( 'NONE',  ( 0.000000000000000000, 0.000000000000000000, -1.000000000000000000 ) ) ;
#489 = DIRECTION ( 'NONE',  ( 0.000000000000000000, 0.000000000000000000, -1.000000000000000000 ) ) ;
#490 = ORIENTED_EDGE ( 'NONE', *, *, #4739, .F. ) ;
#491 = DIRECTION ( 'NONE',  ( 0.000000000000000000, 0.000000000000000000, -1.000000000000000000 ) ) ;
#492 = CARTESIAN_POINT ( 'NONE',  ( 8.601666049839581163, -9.698522628062329787, 30.80087640576605068 ) ) ;
#493 = APPROVAL_STATUS ( 'not_yet_approved' ) ;
#494 = CARTESIAN_POINT ( 'NONE',  ( -7.247758274114829646, 2.600000000000000089, 5.000000000000000000 ) ) ;
#495 = AXIS2_PLACEMENT_3D ( 'NONE', #7732, #2193, #596 ) ;
#496 = EDGE_CURVE ( 'NONE', #315, #4255, #6422, .T. ) ;
#497 = ORIENTED_EDGE ( 'NONE', *, *, #7464, .T. ) ;
#498 = EDGE_CURVE ( 'NONE', #2651, #7513, #2436, .T. ) ;
#499 = CARTESIAN_POINT ( 'NONE',  ( -13.83473019803201964, -42.00000000000000000, 5.000000000000000000 ) ) ;
#500 = CYLINDRICAL_SURFACE ( 'NONE', #1553, 78.50000000000000000 ) ;
#501 = ORIENTED_EDGE ( 'NONE', *, *, #3062, .T. ) ;
#502 = ORIENTED_EDGE ( 'NONE', *, *, #586, .F. ) ;
#503 = EDGE_CURVE ( 'NONE', #1260, #5947, #4825, .T. ) ;
#504 = VECTOR ( 'NONE', #3833, 1000.000000000000000 ) ;
#505 = FACE_OUTER_BOUND ( 'NONE', #4058, .T. ) ;
#506 = ORIENTED_EDGE ( 'NONE', *, *, #3014, .F. ) ;
#507 = DIRECTION ( 'NONE',  ( 0.000000000000000000, 0.000000000000000000, -1.000000000000000000 ) ) ;
#508 = EDGE_LOOP ( 'NONE', ( #1137, #2979 ) ) ;
#509 = ORIENTED_EDGE ( 'NONE', *, *, #3876, .F. ) ;
#510 = AXIS2_PLACEMENT_3D ( 'NONE', #2225, #3926, #5678 ) ;
#511 = LINE ( 'NONE', #468, #884 ) ;
#512 = LINE ( 'NONE', #5802, #394 ) ;
#513 = VECTOR ( 'NONE', #2944, 1000.000000000000000 ) ;
#514 = FACE_OUTER_BOUND ( 'NONE', #3456, .T. ) ;
#515 = DIRECTION ( 'NONE',  ( 1.000000000000000000, 0.000000000000000000, 0.000000000000000000 ) ) ;
#516 = PLANE ( 'NONE',  #1463 ) ;
#517 = ADVANCED_FACE ( 'NONE', ( #3656, #3502 ), #516, .F. ) ;
#518 = ORIENTED_EDGE ( 'NONE', *, *, #5111, .T. ) ;
#519 = CARTESIAN_POINT ( 'NONE',  ( 76.84614969766559511, -16.02870165184879880, -4.500000000000000000 ) ) ;
#520 = ORIENTED_EDGE ( 'NONE', *, *, #1656, .T. ) ;
#521 = EDGE_CURVE ( 'NONE', #4169, #637, #223, .T. ) ;
#522 = CARTESIAN_POINT ( 'NONE',  ( -10.24588957259812005, 36.67431014136215595, -3.799999999999999822 ) ) ;
#523 = CARTESIAN_POINT ( 'NONE',  ( 4.537564434701829796, -10.65929214352101972, 5.000000000000000000 ) ) ;
#524 = EDGE_CURVE ( 'NONE', #1386, #2863, #7232, .T. ) ;
#525 = APPROVAL_DATE_TIME ( #5345, #3551 ) ;
#526 = CC_DESIGN_PERSON_AND_ORGANIZATION_ASSIGNMENT ( #2201, #1729, ( #5428 ) ) ;
#527 = VERTEX_POINT ( 'NONE', #3067 ) ;
#528 = CARTESIAN_POINT ( 'NONE',  ( -12.39260979084503944, -25.66462979611925022, -4.500000000000000000 ) ) ;
#529 = DIRECTION ( 'NONE',  ( 0.000000000000000000, 0.000000000000000000, 1.000000000000000000 ) ) ;
#530 = VERTEX_POINT ( 'NONE', #2988 ) ;
#531 = DIRECTION ( 'NONE',  ( 1.000000000000000000, 0.000000000000000000, 0.000000000000000000 ) ) ;
#532 = CARTESIAN_POINT ( 'NONE',  ( 0.000000000000000000, 0.000000000000000000, -3.299999999999999822 ) ) ;
#533 = AXIS2_PLACEMENT_3D ( 'NONE', #1814, #2994, #128 ) ;
#534 = APPROVAL_DATE_TIME ( #5230, #4709 ) ;
#535 = PLANE ( 'NONE',  #999 ) ;
#536 = CC_DESIGN_PERSON_AND_ORGANIZATION_ASSIGNMENT ( #6436, #1165, ( #7172 ) ) ;
#537 = AXIS2_PLACEMENT_3D ( 'NONE', #3618, #632, #5410 ) ;
#538 = ORIENTED_EDGE ( 'NONE', *, *, #3464, .T. ) ;
#539 = CARTESIAN_POINT ( 'NONE',  ( 28.99685864425680037, -0.4268357588007369863, -3.799999999999999822 ) ) ;
#540 = VECTOR ( 'NONE', #2692, 1000.000000000000000 ) ;
#541 = DIRECTION ( 'NONE',  ( 0.000000000000000000, 0.000000000000000000, 1.000000000000000000 ) ) ;
#542 = ORIENTED_EDGE ( 'NONE', *, *, #3835, .F. ) ;
#543 = ORIENTED_EDGE ( 'NONE', *, *, #4789, .T. ) ;
#544 = AXIS2_PLACEMENT_3D ( 'NONE', #6325, #457, #7637 ) ;
#545 = CIRCLE ( 'NONE', #1530, 2.100000000000000089 ) ;
#546 = LOCAL_TIME ( 15, 19, 25.00000000000000000, #4832 ) ;
#547 = LINE ( 'NONE', #5830, #4463 ) ;
#548 = ORIENTED_EDGE ( 'NONE', *, *, #7117, .F. ) ;
#549 = CYLINDRICAL_SURFACE ( 'NONE', #720, 66.50000000000000000 ) ;
#550 = PLANE ( 'NONE',  #3672 ) ;
#551 = ORIENTED_EDGE ( 'NONE', *, *, #586, .T. ) ;
#552 = ORIENTED_EDGE ( 'NONE', *, *, #6358, .T. ) ;
#553 = DIRECTION ( 'NONE',  ( 0.000000000000000000, 0.000000000000000000, -1.000000000000000000 ) ) ;
#554 = CARTESIAN_POINT ( 'NONE',  ( 0.000000000000000000, 0.000000000000000000, 3.299999999999999822 ) ) ;
#555 = EDGE_CURVE ( 'NONE', #6963, #4491, #2472, .T. ) ;
#556 = CIRCLE ( 'NONE', #2950, 6.000000000000005329 ) ;
#557 = DIRECTION ( 'NONE',  ( 1.000000000000000000, 0.000000000000000000, 0.000000000000000000 ) ) ;
#558 = AXIS2_PLACEMENT_3D ( 'NONE', #6200, #2009, #4454 ) ;
#559 = CARTESIAN_POINT ( 'NONE',  ( -61.72235944470150315, -49.30872483221479996, 5.000000000000000000 ) ) ;
#560 = CARTESIAN_POINT ( 'NONE',  ( 8.303577958713649565, -70.97255863797140307, -5.000000000000000000 ) ) ;
#561 = AXIS2_PLACEMENT_3D ( 'NONE', #123, #5570, #3730 ) ;
#562 = ORIENTED_EDGE ( 'NONE', *, *, #6551, .T. ) ;
#563 = DIRECTION ( 'NONE',  ( -1.000000000000000000, 0.000000000000000000, 0.000000000000000000 ) ) ;
#564 = VERTEX_POINT ( 'NONE', #7175 ) ;
#565 = DIRECTION ( 'NONE',  ( -1.000000000000000000, 0.000000000000000000, 0.000000000000000000 ) ) ;
#566 = CARTESIAN_POINT ( 'NONE',  ( -77.33561561930669370, 16.13079529294340020, -5.000000000000000000 ) ) ;
#567 = APPROVAL_ROLE ( '' ) ;
#568 = ADVANCED_FACE ( 'NONE', ( #3026 ), #2480, .F. ) ;
#569 = ORIENTED_EDGE ( 'NONE', *, *, #4179, .F. ) ;
#570 = CARTESIAN_POINT ( 'NONE',  ( -12.55972481796306184, -25.95408151379595196, -4.833329469438149673 ) ) ;
#571 = EDGE_CURVE ( 'NONE', #7279, #1170, #6224, .T. ) ;
#572 = CARTESIAN_POINT ( 'NONE',  ( 58.20652884342099753, -46.50000000000000000, 3.799999999999999822 ) ) ;
#573 = ORIENTED_EDGE ( 'NONE', *, *, #1623, .F. ) ;
#574 = CARTESIAN_POINT ( 'NONE',  ( 61.33171160011479373, -48.99664429530200493, 3.799999999999999822 ) ) ;
#575 = DIRECTION ( 'NONE',  ( 1.000000000000000000, 0.000000000000000000, 0.000000000000000000 ) ) ;
#576 = PERSON_AND_ORGANIZATION ( #2664, #7165 ) ;
#577 = CARTESIAN_POINT ( 'NONE',  ( 62.20652884342100464, -46.50000000000000000, 4.500000000000000000 ) ) ;
#578 = VECTOR ( 'NONE', #3445, 1000.000000000000114 ) ;
#579 = EDGE_CURVE ( 'NONE', #1292, #3605, #6030, .T. ) ;
#580 = ORIENTED_EDGE ( 'NONE', *, *, #1153, .T. ) ;
#581 = DIRECTION ( 'NONE',  ( 1.000000000000000000, 0.000000000000000000, 0.000000000000000000 ) ) ;
#582 = CARTESIAN_POINT ( 'NONE',  ( 0.000000000000000000, 0.000000000000000000, -0.5999999999999999778 ) ) ;
#583 = EDGE_LOOP ( 'NONE', ( #5627, #938, #983, #6362 ) ) ;
#584 = ADVANCED_FACE ( 'NONE', ( #3582 ), #2322, .F. ) ;
#585 = DIRECTION ( 'NONE',  ( 0.000000000000000000, 0.000000000000000000, 1.000000000000000000 ) ) ;
#586 = EDGE_CURVE ( 'NONE', #3100, #1260, #2850, .T. ) ;
#587 = DIRECTION ( 'NONE',  ( 0.000000000000000000, 0.000000000000000000, -1.000000000000000000 ) ) ;
#588 = ORIENTED_EDGE ( 'NONE', *, *, #2594, .T. ) ;
#589 = DIRECTION ( 'NONE',  ( 1.000000000000000000, 0.000000000000000000, 0.000000000000000000 ) ) ;
#590 = ORIENTED_EDGE ( 'NONE', *, *, #27, .T. ) ;
#591 = ORIENTED_EDGE ( 'NONE', *, *, #2859, .F. ) ;
#592 = CARTESIAN_POINT ( 'NONE',  ( -16.28058613717050207, 23.99880236658015065, -5.000000000000000000 ) ) ;
#593 = CARTESIAN_POINT ( 'NONE',  ( -88.50000000000000000, 0.000000000000000000, 3.799999999999999822 ) ) ;
#594 = EDGE_CURVE ( 'NONE', #1217, #7235, #7213, .T. ) ;
#595 = AXIS2_PLACEMENT_3D ( 'NONE', #3490, #5283, #5904 ) ;
#596 = DIRECTION ( 'NONE',  ( 1.000000000000000000, 0.000000000000000000, 0.000000000000000000 ) ) ;
#597 = CARTESIAN_POINT ( 'NONE',  ( -58.20652884342099753, -46.50000000000000000, 4.500000000000000000 ) ) ;
#598 = ADVANCED_FACE ( 'NONE', ( #4089 ), #1764, .T. ) ;
#599 = CARTESIAN_POINT ( 'NONE',  ( -12.64327944127550118, -26.09880236658035102, 5.000000000000000000 ) ) ;
#600 = ORIENTED_EDGE ( 'NONE', *, *, #234, .F. ) ;
#601 = DIRECTION ( 'NONE',  ( 0.000000000000000000, 0.000000000000000000, 1.000000000000000000 ) ) ;
#602 = EDGE_LOOP ( 'NONE', ( #6573, #18, #3778, #4100 ) ) ;
#603 = CARTESIAN_POINT ( 'NONE',  ( 13.00000000000000000, 2.100000000000090239, 0.5999999999999999778 ) ) ;
#604 = VECTOR ( 'NONE', #4339, 1000.000000000000000 ) ;
#605 = CARTESIAN_POINT ( 'NONE',  ( 0.000000000000000000, 0.000000000000000000, 5.000000000000000000 ) ) ;
#606 = DATE_AND_TIME ( #1848, #3179 ) ;
#607 = AXIS2_PLACEMENT_3D ( 'NONE', #476, #6267, #435 ) ;
#608 = ORIENTED_EDGE ( 'NONE', *, *, #7357, .F. ) ;
#609 = FACE_OUTER_BOUND ( 'NONE', #7675, .T. ) ;
#610 = VECTOR ( 'NONE', #1379, 1000.000000000000000 ) ;
#611 = PLANE ( 'NONE',  #4988 ) ;
#612 = ORIENTED_EDGE ( 'NONE', *, *, #1877, .F. ) ;
#613 = LINE ( 'NONE', #5272, #5979 ) ;
#614 = DIRECTION ( 'NONE',  ( 1.000000000000000000, 0.000000000000000000, 0.000000000000000000 ) ) ;
#615 = CARTESIAN_POINT ( 'NONE',  ( 0.000000000000000000, 0.000000000000000000, -3.799999999999999822 ) ) ;
#616 = DIRECTION ( 'NONE',  ( 1.000000000000000000, 0.000000000000000000, 0.000000000000000000 ) ) ;
#617 = VECTOR ( 'NONE', #4452, 1000.000000000000114 ) ;
#618 = ORIENTED_EDGE ( 'NONE', *, *, #186, .T. ) ;
#619 = CARTESIAN_POINT ( 'NONE',  ( 0.000000000000000000, 0.000000000000000000, -0.5999999999999999778 ) ) ;
#620 = EDGE_LOOP ( 'NONE', ( #2228, #1458, #7030, #4320 ) ) ;
#621 = EDGE_CURVE ( 'NONE', #4654, #2058, #4071, .T. ) ;
#622 = AXIS2_PLACEMENT_3D ( 'NONE', #5310, #4254, #680 ) ;
#623 = DIRECTION ( 'NONE',  ( 0.000000000000000000, 0.000000000000000000, 1.000000000000000000 ) ) ;
#624 = APPROVAL ( #6663, '未指定' ) ;
#625 = DIRECTION ( 'NONE',  ( 1.000000000000000000, 0.000000000000000000, 0.000000000000000000 ) ) ;
#626 = ORIENTED_EDGE ( 'NONE', *, *, #4739, .T. ) ;
#627 = DIRECTION ( 'NONE',  ( 1.000000000000000000, 0.000000000000000000, 0.000000000000000000 ) ) ;
#628 = ORIENTED_EDGE ( 'NONE', *, *, #1381, .T. ) ;
#629 = ORIENTED_EDGE ( 'NONE', *, *, #3760, .T. ) ;
#630 = DIRECTION ( 'NONE',  ( -1.000000000000000000, 0.000000000000000000, 0.000000000000000000 ) ) ;
#631 = AXIS2_PLACEMENT_3D ( 'NONE', #5110, #1574, #2841 ) ;
#632 = DIRECTION ( 'NONE',  ( 1.000000000000000000, 8.500145032286349714E-14, 0.000000000000000000 ) ) ;
#633 = CARTESIAN_POINT ( 'NONE',  ( -16.28058613717015035, -23.99880236658034960, -5.000000000000000000 ) ) ;
#634 = CIRCLE ( 'NONE', #2629, 79.00000000000000000 ) ;
#635 = DIRECTION ( 'NONE',  ( 1.000000000000000000, 0.000000000000000000, -0.000000000000000000 ) ) ;
#636 = EDGE_LOOP ( 'NONE', ( #3318, #3800 ) ) ;
#637 = VERTEX_POINT ( 'NONE', #7734 ) ;
#638 = EDGE_CURVE ( 'NONE', #2311, #1471, #6500, .T. ) ;
#639 = DIRECTION ( 'NONE',  ( 0.000000000000000000, 0.000000000000000000, -1.000000000000000000 ) ) ;
#640 = LINE ( 'NONE', #4761, #4528 ) ;
#641 = COORDINATED_UNIVERSAL_TIME_OFFSET ( 8, 0, .AHEAD. ) ;
#642 = VECTOR ( 'NONE', #901, 1000.000000000000114 ) ;
#643 = VERTEX_POINT ( 'NONE', #560 ) ;
#644 = CYLINDRICAL_SURFACE ( 'NONE', #7426, 79.00000000000000000 ) ;
#645 = DIRECTION ( 'NONE',  ( -1.000000000000000000, 0.000000000000000000, 0.000000000000000000 ) ) ;
#646 = ORIENTED_EDGE ( 'NONE', *, *, #4751, .F. ) ;
#647 = CARTESIAN_POINT ( 'NONE',  ( 4.386155779809904232, 4.797044660542590933, -5.000000000000000000 ) ) ;
#648 = CARTESIAN_POINT ( 'NONE',  ( -8.309360104883438680, -70.69845196714169333, 5.000000000000000000 ) ) ;
#649 = CARTESIAN_POINT ( 'NONE',  ( -10.36068798139391944, -33.95447164295450193, -4.500000000000000000 ) ) ;
#650 = CARTESIAN_POINT ( 'NONE',  ( 0.000000000000000000, 0.000000000000000000, -4.500000000000000000 ) ) ;
#651 = VECTOR ( 'NONE', #4448, 1000.000000000000114 ) ;
#652 = ORIENTED_EDGE ( 'NONE', *, *, #6349, .F. ) ;
#653 = DIRECTION ( 'NONE',  ( 1.000000000000000000, 0.000000000000000000, 0.000000000000000000 ) ) ;
#654 = APPROVAL_DATE_TIME ( #449, #6563 ) ;
#655 = VECTOR ( 'NONE', #1802, 1000.000000000000000 ) ;
#656 = EDGE_CURVE ( 'NONE', #3723, #4408, #1683, .T. ) ;
#657 = CARTESIAN_POINT ( 'NONE',  ( 28.92386557844574924, 2.100000000000195044, 5.000000000000000000 ) ) ;
#658 = ORIENTED_EDGE ( 'NONE', *, *, #6109, .F. ) ;
#659 = ADVANCED_FACE ( 'NONE', ( #6460 ), #1110, .F. ) ;
#660 = CARTESIAN_POINT ( 'NONE',  ( 8.808915324408838288, -70.71953709566709279, -5.000000000000000000 ) ) ;
#661 = EDGE_LOOP ( 'NONE', ( #5897, #2623 ) ) ;
#662 = APPROVAL_PERSON_ORGANIZATION ( #2479, #3163, #3738 ) ;
#663 = ORIENTED_EDGE ( 'NONE', *, *, #3844, .T. ) ;
#664 = CARTESIAN_POINT ( 'NONE',  ( -84.40000000000000568, 0.000000000000000000, 3.799999999999999822 ) ) ;
#665 = CARTESIAN_POINT ( 'NONE',  ( 0.000000000000000000, 0.000000000000000000, 3.299999999999999822 ) ) ;
#666 = CC_DESIGN_APPROVAL ( #4709, ( #1915 ) ) ;
#667 = ADVANCED_FACE ( 'NONE', ( #3697 ), #1808, .F. ) ;
#668 = CIRCLE ( 'NONE', #7173, 78.50000000000000000 ) ;
#669 = CARTESIAN_POINT ( 'NONE',  ( -8.808915324408838288, -70.71953709566709279, -3.799999999999999822 ) ) ;
#670 = DIRECTION ( 'NONE',  ( 1.000000000000000000, 0.000000000000000000, 0.000000000000000000 ) ) ;
#671 = ORIENTED_EDGE ( 'NONE', *, *, #3620, .F. ) ;
#672 = ORIENTED_EDGE ( 'NONE', *, *, #3940, .F. ) ;
#673 = CARTESIAN_POINT ( 'NONE',  ( -10.00000000000000000, -42.50000000000000000, 4.500000000000000000 ) ) ;
#674 = DIRECTION ( 'NONE',  ( 0.000000000000000000, 0.000000000000000000, 1.000000000000000000 ) ) ;
#675 = APPROVAL_DATE_TIME ( #5495, #3163 ) ;
#676 = AXIS2_PLACEMENT_3D ( 'NONE', #4570, #7554, #6321 ) ;
#677 = ADVANCED_FACE ( 'NONE', ( #5639 ), #4434, .F. ) ;
#678 = ORIENTED_EDGE ( 'NONE', *, *, #4885, .T. ) ;
#679 = CARTESIAN_POINT ( 'NONE',  ( 14.80357795871312021, 70.97255863797150255, -5.000000000000000000 ) ) ;
#680 = DIRECTION ( 'NONE',  ( 1.000000000000000000, 0.000000000000000000, 0.000000000000000000 ) ) ;
#681 = AXIS2_PLACEMENT_3D ( 'NONE', #2284, #5186, #5225 ) ;
#682 = VERTEX_POINT ( 'NONE', #7329 ) ;
#683 = DIRECTION ( 'NONE',  ( 0.000000000000000000, 0.000000000000000000, 1.000000000000000000 ) ) ;
#684 = DIRECTION ( 'NONE',  ( 0.000000000000000000, 0.000000000000000000, 1.000000000000000000 ) ) ;
#685 = AXIS2_PLACEMENT_3D ( 'NONE', #6745, #5586, #7383 ) ;
#686 = CARTESIAN_POINT ( 'NONE',  ( 8.808915324408838288, 70.71953709566709279, 4.499999999999944933 ) ) ;
#687 = DIRECTION ( 'NONE',  ( 1.000000000000000000, 0.000000000000000000, 0.000000000000000000 ) ) ;
#688 = ORIENTED_EDGE ( 'NONE', *, *, #6109, .T. ) ;
#689 = FACE_OUTER_BOUND ( 'NONE', #895, .T. ) ;
#690 = DIRECTION ( 'NONE',  ( 0.000000000000000000, 0.000000000000000000, -1.000000000000000000 ) ) ;
#691 = EDGE_CURVE ( 'NONE', #1471, #6553, #2585, .T. ) ;
#692 = EDGE_CURVE ( 'NONE', #797, #2684, #7194, .T. ) ;
#693 = APPROVAL_DATE_TIME ( #109, #6217 ) ;
#694 = CARTESIAN_POINT ( 'NONE',  ( -8.803577958713621143, -70.97255863797140307, 0.5999999999999999778 ) ) ;
#695 = EDGE_LOOP ( 'NONE', ( #5204, #5698, #3227, #2465 ) ) ;
#696 = DIRECTION ( 'NONE',  ( -1.000000000000000000, 0.000000000000000000, 0.000000000000000000 ) ) ;
#697 = ORIENTED_EDGE ( 'NONE', *, *, #916, .F. ) ;
#698 = ORIENTED_EDGE ( 'NONE', *, *, #2682, .T. ) ;
#699 = CARTESIAN_POINT ( 'NONE',  ( -70.97255863797140307, -14.80357795871386095, -4.500000000000000000 ) ) ;
#700 = ORIENTED_EDGE ( 'NONE', *, *, #49, .T. ) ;
#701 = ORIENTED_EDGE ( 'NONE', *, *, #4697, .T. ) ;
#702 = DIRECTION ( 'NONE',  ( 0.000000000000000000, 0.000000000000000000, 1.000000000000000000 ) ) ;
#703 = CARTESIAN_POINT ( 'NONE',  ( 0.000000000000000000, 0.000000000000000000, -0.5999999999999999778 ) ) ;
#704 = ORIENTED_EDGE ( 'NONE', *, *, #6161, .F. ) ;
#705 = ORIENTED_EDGE ( 'NONE', *, *, #3827, .T. ) ;
#706 = DIRECTION ( 'NONE',  ( -1.000000000000000000, 0.000000000000000000, 0.000000000000000000 ) ) ;
#707 = EDGE_CURVE ( 'NONE', #4576, #467, #4354, .T. ) ;
#708 = EDGE_CURVE ( 'NONE', #3722, #2216, #310, .T. ) ;
#709 = CARTESIAN_POINT ( 'NONE',  ( 16.13079529294310177, -77.33561561930680739, 5.000000000000000000 ) ) ;
#710 = COORDINATED_UNIVERSAL_TIME_OFFSET ( 8, 0, .AHEAD. ) ;
#711 = VECTOR ( 'NONE', #2815, 1000.000000000000000 ) ;
#712 = ORIENTED_EDGE ( 'NONE', *, *, #1201, .T. ) ;
#713 = DIRECTION ( 'NONE',  ( -0.000000000000000000, -0.000000000000000000, -1.000000000000000000 ) ) ;
#714 = EDGE_CURVE ( 'NONE', #7439, #6416, #275, .T. ) ;
#715 = CARTESIAN_POINT ( 'NONE',  ( -12.64327944127550118, -26.09880236658035102, 5.000000000000000000 ) ) ;
#716 = ORIENTED_EDGE ( 'NONE', *, *, #7035, .T. ) ;
#717 = CARTESIAN_POINT ( 'NONE',  ( -84.40000000000000568, 0.000000000000000000, -5.000000000000000000 ) ) ;
#718 = DIRECTION ( 'NONE',  ( 1.000000000000000000, 0.000000000000000000, 0.000000000000000000 ) ) ;
#719 = AXIS2_PLACEMENT_3D ( 'NONE', #5626, #6246, #265 ) ;
#720 = AXIS2_PLACEMENT_3D ( 'NONE', #6122, #2567, #7311 ) ;
#721 = CARTESIAN_POINT ( 'NONE',  ( -14.80357795871362114, 70.97255863797140307, 5.000000000000000000 ) ) ;
#722 = CIRCLE ( 'NONE', #7744, 5.999999999999998224 ) ;
#723 = EDGE_LOOP ( 'NONE', ( #2847, #737, #979, #5415, #775, #1032, #5579, #3916, #2361 ) ) ;
#724 = PLANE ( 'NONE',  #4108 ) ;
#725 = DIRECTION ( 'NONE',  ( 0.000000000000000000, 0.000000000000000000, -1.000000000000000000 ) ) ;
#726 = APPROVAL_STATUS ( 'not_yet_approved' ) ;
#727 = VECTOR ( 'NONE', #4174, 1000.000000000000000 ) ;
#728 = EDGE_CURVE ( 'NONE', #1361, #6264, #4863, .T. ) ;
#729 = PERSON_AND_ORGANIZATION_ROLE ( 'design_owner' ) ;
#730 = ADVANCED_FACE ( 'NONE', ( #7291 ), #810, .F. ) ;
#731 = B_SPLINE_CURVE_WITH_KNOTS ( 'NONE', 2,
 ( #7502, #3357, #7587 ),
 .UNSPECIFIED., .F., .F.,
 ( 3, 3 ),
 ( 0.9871637959192589573, 1.000000000000000000 ),
 .UNSPECIFIED. ) ;
#732 = CARTESIAN_POINT ( 'NONE',  ( 1.372213087217907912, -7.576742785872299990, 5.000000000000000000 ) ) ;
#733 = ORIENTED_EDGE ( 'NONE', *, *, #3352, .T. ) ;
#734 = CONICAL_SURFACE ( 'NONE', #4149, 4.499999999999997335, 0.7853981633974447263 ) ;
#735 = DIRECTION ( 'NONE',  ( 1.000000000000000000, 0.000000000000000000, 0.000000000000000000 ) ) ;
#736 = VERTEX_POINT ( 'NONE', #6071 ) ;
#737 = ORIENTED_EDGE ( 'NONE', *, *, #5633, .T. ) ;
#738 = EDGE_CURVE ( 'NONE', #1128, #2309, #7364, .T. ) ;
#739 = DIRECTION ( 'NONE',  ( 1.000000000000000000, 8.673617379884027583E-16, 0.000000000000000000 ) ) ;
#740 = CLOSED_SHELL ( 'NONE', ( #7269, #4455, #88, #517, #6916, #4332 ) ) ;
#741 = EDGE_LOOP ( 'NONE', ( #2740, #1910, #5387, #6410 ) ) ;
#742 = DIRECTION ( 'NONE',  ( 0.000000000000000000, 0.000000000000000000, -1.000000000000000000 ) ) ;
#743 = LINE ( 'NONE', #3182, #184 ) ;
#744 = ORIENTED_EDGE ( 'NONE', *, *, #2965, .F. ) ;
#745 = ORIENTED_EDGE ( 'NONE', *, *, #471, .T. ) ;
#746 = AXIS2_PLACEMENT_3D ( 'NONE', #5035, #2055, #6575 ) ;
#747 = CARTESIAN_POINT ( 'NONE',  ( 70.97255863797140307, -14.80357795871386095, -5.000000000000000000 ) ) ;
#748 = DIRECTION ( 'NONE',  ( 0.000000000000000000, 0.000000000000000000, 1.000000000000000000 ) ) ;
#749 = SECURITY_CLASSIFICATION_LEVEL ( 'unclassified' ) ;
#750 = CIRCLE ( 'NONE', #6746, 4.499999999999997335 ) ;
#751 = VECTOR ( 'NONE', #5023, 1000.000000000000114 ) ;
#752 = ORIENTED_EDGE ( 'NONE', *, *, #692, .F. ) ;
#753 = ADVANCED_FACE ( 'NONE', ( #4939 ), #5184, .F. ) ;
#754 = DIRECTION ( 'NONE',  ( 1.000000000000000000, 0.000000000000000000, 0.000000000000000000 ) ) ;
#755 = FACE_OUTER_BOUND ( 'NONE', #1081, .T. ) ;
#756 = ORIENTED_EDGE ( 'NONE', *, *, #6929, .F. ) ;
#757 = CARTESIAN_POINT ( 'NONE',  ( 4.537564434701829796, -10.65929214352101972, 30.80087640576605068 ) ) ;
#758 = DIRECTION ( 'NONE',  ( 0.000000000000000000, 0.000000000000000000, -1.000000000000000000 ) ) ;
#759 = EDGE_CURVE ( 'NONE', #3900, #1078, #4934, .T. ) ;
#760 = CIRCLE ( 'NONE', #1383, 6.000000000000000000 ) ;
#761 = LINE ( 'NONE', #5971, #34 ) ;
#762 = ORIENTED_EDGE ( 'NONE', *, *, #4186, .T. ) ;
#763 = AXIS2_PLACEMENT_3D ( 'NONE', #262, #6749, #3875 ) ;
#764 = DIRECTION ( 'NONE',  ( 0.000000000000000000, 0.000000000000000000, 1.000000000000000000 ) ) ;
#765 = CARTESIAN_POINT ( 'NONE',  ( 58.20652884342099753, 42.00000000000000000, 5.000000000000000000 ) ) ;
#766 = APPROVAL_ROLE ( '' ) ;
#767 = VECTOR ( 'NONE', #2080, 1000.000000000000114 ) ;
#768 = PERSON_AND_ORGANIZATION ( #2664, #7165 ) ;
#769 = APPROVAL ( #726, 'UNKNOWN' ) ;
#770 = AXIS2_PLACEMENT_3D ( 'NONE', #5718, #2189, #469 ) ;
#771 = ADVANCED_FACE ( 'NONE', ( #4899 ), #6692, .F. ) ;
#772 = CARTESIAN_POINT ( 'NONE',  ( 28.92386557844579897, -2.099999999999804690, -5.000000000000000000 ) ) ;
#773 = ORIENTED_EDGE ( 'NONE', *, *, #6777, .F. ) ;
#774 = DIRECTION ( 'NONE',  ( 0.000000000000000000, 0.000000000000000000, 1.000000000000000000 ) ) ;
#775 = ORIENTED_EDGE ( 'NONE', *, *, #3716, .T. ) ;
#776 = EDGE_LOOP ( 'NONE', ( #3057, #4532, #5063, #1586, #1844, #4298, #5081, #2134, #562, #2287, #4864, #2895 ) ) ;
#777 = AXIS2_PLACEMENT_3D ( 'NONE', #1593, #4667, #4004 ) ;
#778 = LINE ( 'NONE', #6688, #5541 ) ;
#779 = ORIENTED_EDGE ( 'NONE', *, *, #6867, .F. ) ;
#780 = CIRCLE ( 'NONE', #1906, 29.00000000000000000 ) ;
#781 = VECTOR ( 'NONE', #1668, 1000.000000000000000 ) ;
#782 = ORIENTED_EDGE ( 'NONE', *, *, #1077, .T. ) ;
#783 = LINE ( 'NONE', #6806, #5915 ) ;
#784 = CARTESIAN_POINT ( 'NONE',  ( 12.74414409577097906, 1.527858637266509945, -3.799999999999999822 ) ) ;
#785 = ORIENTED_EDGE ( 'NONE', *, *, #6597, .T. ) ;
#786 = ORIENTED_EDGE ( 'NONE', *, *, #850, .F. ) ;
#787 = VECTOR ( 'NONE', #5581, 1000.000000000000000 ) ;
#788 = FACE_BOUND ( 'NONE', #776, .T. ) ;
#789 = CARTESIAN_POINT ( 'NONE',  ( 29.20453601124035004, -0.4780010011199599673, 3.799999999999999822 ) ) ;
#790 = APPROVAL_PERSON_ORGANIZATION ( #129, #5267, #22 ) ;
#791 = PERSON_AND_ORGANIZATION ( #2664, #7165 ) ;
#792 = VECTOR ( 'NONE', #5011, 1000.000000000000114 ) ;
#793 = PERSON ( 'NAUO-PER3', 'UNSPECIFIED', 'UNSPECIFIED', ('UNSPECIFIED'), ('UNSPECIFIED'), ('UNSPECIFIED') ) ;
#794 = ORIENTED_EDGE ( 'NONE', *, *, #4194, .T. ) ;
#795 = DIRECTION ( 'NONE',  ( -0.8660254037844380415, 0.5000000000000012212, 0.000000000000000000 ) ) ;
#796 = DIRECTION ( 'NONE',  ( 1.000000000000000000, 0.000000000000000000, 0.000000000000000000 ) ) ;
#797 = VERTEX_POINT ( 'NONE', #784 ) ;
#798 = LOCAL_TIME ( 15, 19, 25.00000000000000000, #7056 ) ;
#799 = DIRECTION ( 'NONE',  ( 0.000000000000000000, 0.000000000000000000, 1.000000000000000000 ) ) ;
#800 = LINE ( 'NONE', #2597, #6407 ) ;
#801 = DIRECTION ( 'NONE',  ( -1.000000000000000000, 0.000000000000000000, 0.000000000000000000 ) ) ;
#802 = EDGE_CURVE ( 'NONE', #3247, #6338, #743, .T. ) ;
#803 = EDGE_CURVE ( 'NONE', #1911, #5863, #5525, .T. ) ;
#804 = AXIS2_PLACEMENT_3D ( 'NONE', #6988, #1089, #2254 ) ;
#805 = ORIENTED_EDGE ( 'NONE', *, *, #5991, .T. ) ;
#806 = DIRECTION ( 'NONE',  ( 0.000000000000000000, 0.000000000000000000, 1.000000000000000000 ) ) ;
#807 = FACE_OUTER_BOUND ( 'NONE', #5444, .T. ) ;
#808 = CARTESIAN_POINT ( 'NONE',  ( 36.67431014136205647, 10.24588957259849842, -4.499999999999944933 ) ) ;
#809 = AXIS2_PLACEMENT_3D ( 'NONE', #6908, #1541, #1577 ) ;
#810 = CONICAL_SURFACE ( 'NONE', #2935, 6.499999999999999112, 0.7853981633974335130 ) ;
#811 = APPROVAL_STATUS ( 'not_yet_approved' ) ;
#812 = DIRECTION ( 'NONE',  ( 0.000000000000000000, 0.000000000000000000, 1.000000000000000000 ) ) ;
#813 = EDGE_CURVE ( 'NONE', #1712, #4531, #4388, .T. ) ;
#814 = ADVANCED_FACE ( 'NONE', ( #238 ), #2622, .F. ) ;
#815 = CARTESIAN_POINT ( 'NONE',  ( 36.84299116956490394, 14.24233132880170061, -0.5999999999999999778 ) ) ;
#816 = ORIENTED_EDGE ( 'NONE', *, *, #7370, .F. ) ;
#817 = ADVANCED_FACE ( 'NONE', ( #4541 ), #4037, .T. ) ;
#818 = CARTESIAN_POINT ( 'NONE',  ( -16.02870165184855011, 76.84614969766559511, 0.5999999999999999778 ) ) ;
#819 = ORIENTED_EDGE ( 'NONE', *, *, #1877, .T. ) ;
#820 = ORIENTED_EDGE ( 'NONE', *, *, #2373, .T. ) ;
#821 = LINE ( 'NONE', #4933, #2278 ) ;
#822 = EDGE_CURVE ( 'NONE', #1765, #3070, #3068, .T. ) ;
#823 = DIRECTION ( 'NONE',  ( 0.000000000000000000, 0.000000000000000000, 1.000000000000000000 ) ) ;
#824 = LINE ( 'NONE', #5050, #6539 ) ;
#825 = CARTESIAN_POINT ( 'NONE',  ( 21.00937513109125021, 1.527877985666330041, -3.799999999999999822 ) ) ;
#826 = ORIENTED_EDGE ( 'NONE', *, *, #5634, .T. ) ;
#827 = ORIENTED_EDGE ( 'NONE', *, *, #1040, .F. ) ;
#828 = DIRECTION ( 'NONE',  ( 0.000000000000000000, 0.000000000000000000, 1.000000000000000000 ) ) ;
#829 = LINE ( 'NONE', #7452, #3783 ) ;
#830 = ADVANCED_FACE ( 'NONE', ( #6369 ), #5833, .F. ) ;
#831 = EDGE_CURVE ( 'NONE', #4504, #3577, #3950, .T. ) ;
#832 = ORIENTED_EDGE ( 'NONE', *, *, #1509, .T. ) ;
#833 = CARTESIAN_POINT ( 'NONE',  ( 0.000000000000000000, 0.000000000000000000, 5.000000000000000000 ) ) ;
#834 = DIRECTION ( 'NONE',  ( 0.000000000000000000, 0.000000000000000000, -1.000000000000000000 ) ) ;
#835 = ORIENTED_EDGE ( 'NONE', *, *, #1025, .T. ) ;
#836 = CARTESIAN_POINT ( 'NONE',  ( 12.74414409577106078, 0.5278586372665100557, -3.799999999999999822 ) ) ;
#837 = DIRECTION ( 'NONE',  ( 0.000000000000000000, 0.000000000000000000, -1.000000000000000000 ) ) ;
#838 = DIRECTION ( 'NONE',  ( -1.000000000000000000, 0.000000000000000000, 0.000000000000000000 ) ) ;
#839 = EDGE_LOOP ( 'NONE', ( #2061, #4889, #7245, #4767, #3486, #3882, #6100, #226, #2586, #698 ) ) ;
#840 = CIRCLE ( 'NONE', #1840, 6.500000000000000000 ) ;
#841 = CARTESIAN_POINT ( 'NONE',  ( 9.838288441828840547, -46.33131897179710279, 4.500000000000000000 ) ) ;
#842 = CIRCLE ( 'NONE', #3612, 6.000000000000005329 ) ;
#843 = CARTESIAN_POINT ( 'NONE',  ( -66.50000000000000000, 8.143901214329899974E-15, 3.299999999999999822 ) ) ;
#844 = CARTESIAN_POINT ( 'NONE',  ( -70.97255863797140307, 14.80357795871386095, -5.000000000000000000 ) ) ;
#845 = PERSON_AND_ORGANIZATION_ROLE ( 'classification_officer' ) ;
#846 = CYLINDRICAL_SURFACE ( 'NONE', #746, 78.50000000000000000 ) ;
#847 = DIRECTION ( 'NONE',  ( 0.000000000000000000, 0.000000000000000000, 1.000000000000000000 ) ) ;
#848 = CIRCLE ( 'NONE', #1348, 29.00000000000000000 ) ;
#849 = VECTOR ( 'NONE', #7131, 1000.000000000000000 ) ;
#850 = EDGE_CURVE ( 'NONE', #2820, #1048, #2252, .T. ) ;
#851 = CARTESIAN_POINT ( 'NONE',  ( -9.838288441828840547, 46.33131897179710279, 3.799999999999999822 ) ) ;
#852 = ORIENTED_EDGE ( 'NONE', *, *, #3010, .T. ) ;
#853 = ADVANCED_FACE ( 'NONE', ( #6294 ), #1479, .T. ) ;
#854 = CIRCLE ( 'NONE', #1852, 4.000000000000000000 ) ;
#855 = DIRECTION ( 'NONE',  ( 1.000000000000000000, 0.000000000000000000, 0.000000000000000000 ) ) ;
#856 = ORIENTED_EDGE ( 'NONE', *, *, #2212, .T. ) ;
#857 = ORIENTED_EDGE ( 'NONE', *, *, #58, .F. ) ;
#858 = DIRECTION ( 'NONE',  ( 0.000000000000000000, 0.000000000000000000, -1.000000000000000000 ) ) ;
#859 = VECTOR ( 'NONE', #478, 1000.000000000000000 ) ;
#860 = EDGE_CURVE ( 'NONE', #2455, #4572, #1003, .T. ) ;
#861 = LINE ( 'NONE', #5675, #7561 ) ;
#862 = LINE ( 'NONE', #1365, #5548 ) ;
#863 = CARTESIAN_POINT ( 'NONE',  ( -16.28058613717015035, -23.99880236658034960, 5.000000000000000000 ) ) ;
#864 = ORIENTED_EDGE ( 'NONE', *, *, #118, .T. ) ;
#865 = ORIENTED_EDGE ( 'NONE', *, *, #10, .F. ) ;
#866 = LINE ( 'NONE', #1554, #142 ) ;
#867 = CARTESIAN_POINT ( 'NONE',  ( -82.79999999999999716, 0.000000000000000000, -5.000000000000000000 ) ) ;
#868 = ORIENTED_EDGE ( 'NONE', *, *, #4427, .T. ) ;
#869 = DIRECTION ( 'NONE',  ( 0.000000000000000000, 0.000000000000000000, -1.000000000000000000 ) ) ;
#870 = CARTESIAN_POINT ( 'NONE',  ( -9.838288441828840547, 46.33131897179710279, 4.500000000000000000 ) ) ;
#871 = UNCERTAINTY_MEASURE_WITH_UNIT (LENGTH_MEASURE( 1.000000000000000082E-05 ), #3608, 'distance_accuracy_value', 'NONE');
#872 = EDGE_CURVE ( 'NONE', #3530, #4688, #3373, .T. ) ;
#873 = VERTEX_POINT ( 'NONE', #897 ) ;
#874 = DIRECTION ( 'NONE',  ( 0.000000000000000000, 0.000000000000000000, -1.000000000000000000 ) ) ;
#875 = DIRECTION ( 'NONE',  ( -1.000000000000000000, 0.000000000000000000, 0.000000000000000000 ) ) ;
#876 = CARTESIAN_POINT ( 'NONE',  ( 0.4969064900064149581, 11.77285831576796049, -3.799999999999999822 ) ) ;
#877 = VECTOR ( 'NONE', #7150, 1000.000000000000000 ) ;
#878 = ORIENTED_EDGE ( 'NONE', *, *, #4391, .F. ) ;
#879 = FACE_OUTER_BOUND ( 'NONE', #2691, .T. ) ;
#880 = CARTESIAN_POINT ( 'NONE',  ( 9.838288441828840547, 46.33131897179710279, 4.499999999999944933 ) ) ;
#881 = CARTESIAN_POINT ( 'NONE',  ( 8.601666049839581163, -9.698522628062329787, 30.80087640576605068 ) ) ;
#882 = CIRCLE ( 'NONE', #2754, 7.700000000000000178 ) ;
#883 = CARTESIAN_POINT ( 'NONE',  ( 0.000000000000000000, -42.00000000000000000, 5.000000000000000000 ) ) ;
#884 = VECTOR ( 'NONE', #8, 1000.000000000000000 ) ;
#885 = DIRECTION ( 'NONE',  ( 0.000000000000000000, 0.000000000000000000, 1.000000000000000000 ) ) ;
#886 = ORIENTED_EDGE ( 'NONE', *, *, #5460, .T. ) ;
#887 = DIRECTION ( 'NONE',  ( 0.000000000000000000, 0.000000000000000000, -1.000000000000000000 ) ) ;
#888 = ORIENTED_EDGE ( 'NONE', *, *, #6001, .T. ) ;
#889 = VERTEX_POINT ( 'NONE', #1059 ) ;
#890 = CARTESIAN_POINT ( 'NONE',  ( -11.27330309624259996, 0.4758213614811809822, -5.000000000000000000 ) ) ;
#891 = AXIS2_PLACEMENT_3D ( 'NONE', #5465, #6595, #4876 ) ;
#892 = EDGE_CURVE ( 'NONE', #4786, #474, #5087, .T. ) ;
#893 = EDGE_CURVE ( 'NONE', #2897, #4465, #4509, .T. ) ;
#894 = DIRECTION ( 'NONE',  ( -0.7064777666070779505, 0.02981887472494584509, -0.7071067811865568986 ) ) ;
#895 = EDGE_LOOP ( 'NONE', ( #856, #3802 ) ) ;
#896 = CARTESIAN_POINT ( 'NONE',  ( 0.000000000000000000, 0.000000000000000000, 3.799999999999999822 ) ) ;
#897 = CARTESIAN_POINT ( 'NONE',  ( -88.50000000000000000, 0.000000000000000000, -3.799999999999999822 ) ) ;
#898 = ORIENTED_EDGE ( 'NONE', *, *, #6365, .T. ) ;
#899 = VECTOR ( 'NONE', #20, 1000.000000000000000 ) ;
#900 = EDGE_LOOP ( 'NONE', ( #4481, #7602, #1746, #2462 ) ) ;
#901 = DIRECTION ( 'NONE',  ( 0.5000000000000099920, -0.8660254037844328234, 0.000000000000000000 ) ) ;
#902 = DIRECTION ( 'NONE',  ( 0.000000000000000000, 0.000000000000000000, -1.000000000000000000 ) ) ;
#903 = EDGE_CURVE ( 'NONE', #5803, #5670, #6844, .T. ) ;
#904 = VECTOR ( 'NONE', #858, 1000.000000000000000 ) ;
#905 = ORIENTED_EDGE ( 'NONE', *, *, #7691, .T. ) ;
#906 = DIRECTION ( 'NONE',  ( 0.000000000000000000, 0.000000000000000000, -1.000000000000000000 ) ) ;
#907 = CARTESIAN_POINT ( 'NONE',  ( -1.818653347947315035, -1.050000000000021805, -0.5999999999999999778 ) ) ;
#908 = AXIS2_PLACEMENT_3D ( 'NONE', #1359, #4855, #4271 ) ;
#909 = EDGE_LOOP ( 'NONE', ( #461, #2060, #2620, #7300 ) ) ;
#910 = CARTESIAN_POINT ( 'NONE',  ( 8.803577958713610485, -70.97255863797140307, -4.500000000000000000 ) ) ;
#911 = DIRECTION ( 'NONE',  ( 0.000000000000000000, 0.000000000000000000, 1.000000000000000000 ) ) ;
#912 = CC_DESIGN_PERSON_AND_ORGANIZATION_ASSIGNMENT ( #791, #3188, ( #4128 ) ) ;
#913 = AXIS2_PLACEMENT_3D ( 'NONE', #6445, #3291, #1009 ) ;
#914 = DIRECTION ( 'NONE',  ( 0.000000000000000000, 0.000000000000000000, -1.000000000000000000 ) ) ;
#915 = AXIS2_PLACEMENT_3D ( 'NONE', #5841, #1109, #4625 ) ;
#916 = EDGE_CURVE ( 'NONE', #1799, #4461, #7448, .T. ) ;
#917 = CC_DESIGN_APPROVAL ( #4796, ( #1296 ) ) ;
#918 = ORIENTED_EDGE ( 'NONE', *, *, #415, .T. ) ;
#919 = PLANE ( 'NONE',  #1240 ) ;
#920 = VECTOR ( 'NONE', #5805, 1000.000000000000000 ) ;
#921 = DIRECTION ( 'NONE',  ( -0.2549582041139534794, -0.6595425036758446602, 0.7071067811865376918 ) ) ;
#922 = CARTESIAN_POINT ( 'NONE',  ( -33.95447164295445219, -10.36068798139402070, -4.500000000000000000 ) ) ;
#923 = FACE_OUTER_BOUND ( 'NONE', #6209, .T. ) ;
#924 = LOCAL_TIME ( 15, 19, 25.00000000000000000, #3678 ) ;
#925 = AXIS2_PLACEMENT_3D ( 'NONE', #2583, #5600, #7444 ) ;
#926 = AXIS2_PLACEMENT_3D ( 'NONE', #5236, #374, #5861 ) ;
#927 = ADVANCED_FACE ( 'NONE', ( #4000 ), #5124, .T. ) ;
#928 = LINE ( 'NONE', #5665, #3059 ) ;
#929 = ORIENTED_EDGE ( 'NONE', *, *, #7517, .T. ) ;
#930 = AXIS2_PLACEMENT_3D ( 'NONE', #2101, #3846, #6879 ) ;
#931 = CARTESIAN_POINT ( 'NONE',  ( -76.97255863797140307, -14.80357795871386095, -3.799999999999999822 ) ) ;
#932 = ORIENTED_EDGE ( 'NONE', *, *, #6567, .F. ) ;
#933 = ORIENTED_EDGE ( 'NONE', *, *, #2199, .F. ) ;
#934 = VECTOR ( 'NONE', #2529, 1000.000000000000114 ) ;
#935 = CARTESIAN_POINT ( 'NONE',  ( -16.13079529294310177, 77.33561561930680739, 5.000000000000000000 ) ) ;
#936 = VECTOR ( 'NONE', #4212, 1000.000000000000114 ) ;
#937 = FACE_OUTER_BOUND ( 'NONE', #1870, .T. ) ;
#938 = ORIENTED_EDGE ( 'NONE', *, *, #7514, .T. ) ;
#939 = DIRECTION ( 'NONE',  ( -0.04217025705071829333, 0.9991104390507968835, 0.000000000000000000 ) ) ;
#940 = CARTESIAN_POINT ( 'NONE',  ( 61.33171160011479373, -48.99664429530200493, 0.5999999999999999778 ) ) ;
#941 = EDGE_LOOP ( 'NONE', ( #2073, #2421, #5704, #1873 ) ) ;
#942 = ORIENTED_EDGE ( 'NONE', *, *, #6578, .T. ) ;
#943 = VECTOR ( 'NONE', #5900, 1000.000000000000000 ) ;
#944 = LINE ( 'NONE', #3339, #1621 ) ;
#945 = CARTESIAN_POINT ( 'NONE',  ( 28.42252627758484707, -2.099999999999804690, -0.5999999999999999778 ) ) ;
#946 = ORIENTED_EDGE ( 'NONE', *, *, #5980, .T. ) ;
#947 = CARTESIAN_POINT ( 'NONE',  ( -4.681346652052820190, 12.30833024919764007, -0.5999999999999999778 ) ) ;
#948 = LINE ( 'NONE', #907, #3358 ) ;
#949 = EDGE_CURVE ( 'NONE', #1292, #2311, #1615, .T. ) ;
#950 = ORIENTED_EDGE ( 'NONE', *, *, #7639, .T. ) ;
#951 = CARTESIAN_POINT ( 'NONE',  ( -2.020605904817789952E-15, -2.600000000000000089, -0.5999999999999999778 ) ) ;
#952 = DIRECTION ( 'NONE',  ( 0.000000000000000000, 0.000000000000000000, 1.000000000000000000 ) ) ;
#953 = EDGE_CURVE ( 'NONE', #5125, #4545, #2818, .T. ) ;
#954 = DIRECTION ( 'NONE',  ( 0.4999999999999921729, 0.8660254037844431485, 0.000000000000000000 ) ) ;
#955 = EDGE_CURVE ( 'NONE', #1713, #24, #634, .T. ) ;
#956 = VERTEX_POINT ( 'NONE', #6962 ) ;
#957 = LINE ( 'NONE', #841, #112 ) ;
#958 = CARTESIAN_POINT ( 'NONE',  ( 0.000000000000000000, 0.000000000000000000, -4.500000000000000000 ) ) ;
#959 = DIRECTION ( 'NONE',  ( 1.000000000000000000, 0.000000000000000000, 0.000000000000000000 ) ) ;
#960 = LINE ( 'NONE', #6435, #308 ) ;
#961 = PERSON_AND_ORGANIZATION_ROLE ( 'classification_officer' ) ;
#962 = DIRECTION ( 'NONE',  ( 1.000000000000000000, 0.000000000000000000, 0.000000000000000000 ) ) ;
#963 = VECTOR ( 'NONE', #3507, 1000.000000000000114 ) ;
#964 = CARTESIAN_POINT ( 'NONE',  ( -6.347440429023340158, 1.399999999999999911, -5.000000000000000000 ) ) ;
#965 = LINE ( 'NONE', #7511, #3941 ) ;
#966 = EDGE_CURVE ( 'NONE', #6564, #1647, #7601, .T. ) ;
#967 = ORIENTED_EDGE ( 'NONE', *, *, #3301, .T. ) ;
#968 = ORIENTED_EDGE ( 'NONE', *, *, #1382, .T. ) ;
#969 = AXIS2_PLACEMENT_3D ( 'NONE', #5549, #181, #2722 ) ;
#970 = LINE ( 'NONE', #7033, #1521 ) ;
#971 = CIRCLE ( 'NONE', #6840, 35.00000000000000000 ) ;
#972 = DIRECTION ( 'NONE',  ( -1.000000000000000000, 0.000000000000000000, 0.000000000000000000 ) ) ;
#973 = ADVANCED_FACE ( 'NONE', ( #2855 ), #372, .F. ) ;
#974 = ORIENTED_EDGE ( 'NONE', *, *, #31, .T. ) ;
#975 = FACE_OUTER_BOUND ( 'NONE', #6658, .T. ) ;
#976 = CARTESIAN_POINT ( 'NONE',  ( 10.36068798139389990, -33.95447164295450193, -4.500000000000000000 ) ) ;
#977 = ORIENTED_EDGE ( 'NONE', *, *, #4979, .F. ) ;
#978 = ORIENTED_EDGE ( 'NONE', *, *, #3245, .F. ) ;
#979 = ORIENTED_EDGE ( 'NONE', *, *, #4695, .T. ) ;
#980 = CARTESIAN_POINT ( 'NONE',  ( 8.309360104883408482, 70.69845196714169333, 5.000000000000000000 ) ) ;
#981 = VECTOR ( 'NONE', #7414, 1000.000000000000000 ) ;
#982 = CARTESIAN_POINT ( 'NONE',  ( 1.961284649213485221, 6.197044660542599281, 5.000000000000000000 ) ) ;
#983 = ORIENTED_EDGE ( 'NONE', *, *, #1658, .F. ) ;
#984 = CARTESIAN_POINT ( 'NONE',  ( 0.000000000000000000, 0.000000000000000000, 0.5999999999999999778 ) ) ;
#985 = CARTESIAN_POINT ( 'NONE',  ( 0.000000000000000000, 0.000000000000000000, 30.80087640576605068 ) ) ;
#986 = ORIENTED_EDGE ( 'NONE', *, *, #6639, .T. ) ;
#987 = CYLINDRICAL_SURFACE ( 'NONE', #3869, 28.50000000000000000 ) ;
#988 = CARTESIAN_POINT ( 'NONE',  ( 0.000000000000000000, 0.000000000000000000, -4.500000000000000000 ) ) ;
#989 = AXIS2_PLACEMENT_3D ( 'NONE', #5889, #3555, #2407 ) ;
#990 = DIRECTION ( 'NONE',  ( 0.000000000000000000, 0.000000000000000000, -1.000000000000000000 ) ) ;
#991 = PERSON_AND_ORGANIZATION ( #2664, #7165 ) ;
#992 = EDGE_CURVE ( 'NONE', #7099, #2801, #5246, .T. ) ;
#993 = VERTEX_POINT ( 'NONE', #6316 ) ;
#994 = CARTESIAN_POINT ( 'NONE',  ( 5.875545186896980354, 4.976742785872269259, 5.000000000000000000 ) ) ;
#995 = EDGE_CURVE ( 'NONE', #5950, #1878, #5755, .T. ) ;
#996 = DIRECTION ( 'NONE',  ( -1.000000000000000000, 0.000000000000000000, 0.000000000000000000 ) ) ;
#997 = CARTESIAN_POINT ( 'NONE',  ( -29.50000000000000000, 3.612708057484690026E-15, -191.8904037956214950 ) ) ;
#998 = LINE ( 'NONE', #409, #2052 ) ;
#999 = AXIS2_PLACEMENT_3D ( 'NONE', #6634, #2375, #6596 ) ;
#1000 = COORDINATED_UNIVERSAL_TIME_OFFSET ( 8, 0, .AHEAD. ) ;
#1001 = DIRECTION ( 'NONE',  ( 1.000000000000000000, -3.885780586188044933E-16, 0.000000000000000000 ) ) ;
#1002 = ADVANCED_FACE ( 'NONE', ( #366 ), #1139, .F. ) ;
#1003 = CIRCLE ( 'NONE', #1880, 2.100000000000000089 ) ;
#1004 = DIRECTION ( 'NONE',  ( 0.000000000000000000, 0.000000000000000000, -1.000000000000000000 ) ) ;
#1005 = DIRECTION ( 'NONE',  ( -1.000000000000000000, 0.000000000000000000, 0.000000000000000000 ) ) ;
#1006 = ORIENTED_EDGE ( 'NONE', *, *, #6202, .F. ) ;
#1007 = ORIENTED_EDGE ( 'NONE', *, *, #1811, .F. ) ;
#1008 = AXIS2_PLACEMENT_3D ( 'NONE', #4546, #3223, #6261 ) ;
#1009 = DIRECTION ( 'NONE',  ( 1.000000000000000000, 0.000000000000000000, 0.000000000000000000 ) ) ;
#1010 = EDGE_CURVE ( 'NONE', #4793, #7568, #5266, .T. ) ;
#1011 = CARTESIAN_POINT ( 'NONE',  ( 65.00000000000000000, 7.960204194457797252E-15, 3.299999999999999822 ) ) ;
#1012 = EDGE_LOOP ( 'NONE', ( #3194, #5850, #5834, #671 ) ) ;
#1013 = DIRECTION ( 'NONE',  ( 0.000000000000000000, 0.000000000000000000, -1.000000000000000000 ) ) ;
#1014 = DIRECTION ( 'NONE',  ( 0.000000000000000000, 0.000000000000000000, -1.000000000000000000 ) ) ;
#1015 = ORIENTED_EDGE ( 'NONE', *, *, #1511, .F. ) ;
#1016 = ORIENTED_EDGE ( 'NONE', *, *, #1656, .F. ) ;
#1017 = DIRECTION ( 'NONE',  ( 1.000000000000000000, 0.000000000000000000, 0.000000000000000000 ) ) ;
#1018 = VECTOR ( 'NONE', #6118, 1000.000000000000114 ) ;
#1019 = CARTESIAN_POINT ( 'NONE',  ( -11.77285831576796049, 0.4969064900065390256, -3.799999999999999822 ) ) ;
#1020 = ORIENTED_EDGE ( 'NONE', *, *, #4398, .F. ) ;
#1021 = CIRCLE ( 'NONE', #7403, 6.000000000000000000 ) ;
#1022 = LINE ( 'NONE', #4088, #2417 ) ;
#1023 = ADVANCED_FACE ( 'NONE', ( #5733 ), #444, .T. ) ;
#1024 = CARTESIAN_POINT ( 'NONE',  ( -70.69845196714169333, -8.309360104883719345, -5.000000000000000000 ) ) ;
#1025 = EDGE_CURVE ( 'NONE', #7393, #1072, #1080, .T. ) ;
#1026 = ORIENTED_EDGE ( 'NONE', *, *, #1318, .F. ) ;
#1027 = DIRECTION ( 'NONE',  ( 4.440892098500625176E-16, 1.000000000000000000, 0.000000000000000000 ) ) ;
#1028 = DIRECTION ( 'NONE',  ( 1.000000000000000000, 0.000000000000000000, 0.000000000000000000 ) ) ;
#1029 = CARTESIAN_POINT ( 'NONE',  ( 16.13079529294314796, 77.33561561930680739, 5.000000000000000000 ) ) ;
#1030 = AXIS2_PLACEMENT_3D ( 'NONE', #7323, #4894, #5485 ) ;
#1031 = DATE_AND_TIME ( #5811, #5037 ) ;
#1032 = ORIENTED_EDGE ( 'NONE', *, *, #5953, .T. ) ;
#1033 = DIRECTION ( 'NONE',  ( -0.6595425036758392201, 0.2549582041139550892, 0.7071067811865421326 ) ) ;
#1034 = CARTESIAN_POINT ( 'NONE',  ( 28.42252627758484707, -2.099999999999804690, 0.5999999999999999778 ) ) ;
#1035 = LOCAL_TIME ( 15, 19, 25.00000000000000000, #2532 ) ;
#1036 = CYLINDRICAL_SURFACE ( 'NONE', #2091, 88.50000000000000000 ) ;
#1037 = FACE_OUTER_BOUND ( 'NONE', #2670, .T. ) ;
#1038 = APPROVAL_ROLE ( '' ) ;
#1039 = DIRECTION ( 'NONE',  ( 0.000000000000000000, 0.000000000000000000, 1.000000000000000000 ) ) ;
#1040 = EDGE_CURVE ( 'NONE', #4277, #2178, #5631, .T. ) ;
#1041 = AXIS2_PLACEMENT_3D ( 'NONE', #3746, #211, #718 ) ;
#1042 = APPROVAL_PERSON_ORGANIZATION ( #5999, #4548, #7139 ) ;
#1043 = VECTOR ( 'NONE', #4330, 1000.000000000000114 ) ;
#1044 = ORIENTED_EDGE ( 'NONE', *, *, #2573, .F. ) ;
#1045 = DIRECTION ( 'NONE',  ( 0.000000000000000000, 0.000000000000000000, 1.000000000000000000 ) ) ;
#1046 = EDGE_CURVE ( 'NONE', #3651, #2231, #4146, .T. ) ;
#1047 = LINE ( 'NONE', #2215, #943 ) ;
#1048 = VERTEX_POINT ( 'NONE', #5772 ) ;
#1049 = ORIENTED_EDGE ( 'NONE', *, *, #892, .T. ) ;
#1050 = EDGE_CURVE ( 'NONE', #4911, #3798, #1649, .T. ) ;
#1051 = EDGE_CURVE ( 'NONE', #6367, #7362, #6944, .T. ) ;
#1052 = DIRECTION ( 'NONE',  ( -0.7064777666070959361, -0.02981887472494821473, 0.7071067811865388020 ) ) ;
#1053 = AXIS2_PLACEMENT_3D ( 'NONE', #7200, #3715, #1788 ) ;
#1054 = EDGE_CURVE ( 'NONE', #3250, #4576, #6876, .T. ) ;
#1055 = VECTOR ( 'NONE', #1926, 1000.000000000000000 ) ;
#1056 = DIRECTION ( 'NONE',  ( 0.000000000000000000, 0.000000000000000000, 1.000000000000000000 ) ) ;
#1057 = ORIENTED_EDGE ( 'NONE', *, *, #4585, .T. ) ;
#1058 = DIRECTION ( 'NONE',  ( -0.000000000000000000, -0.000000000000000000, -1.000000000000000000 ) ) ;
#1059 = CARTESIAN_POINT ( 'NONE',  ( -7.247758274114829646, 2.600000000000000089, -5.000000000000000000 ) ) ;
#1060 = ORIENTED_EDGE ( 'NONE', *, *, #1660, .F. ) ;
#1061 = ORIENTED_EDGE ( 'NONE', *, *, #3527, .T. ) ;
#1062 = ORIENTED_EDGE ( 'NONE', *, *, #2321, .F. ) ;
#1063 = VECTOR ( 'NONE', #5012, 1000.000000000000114 ) ;
#1064 = CARTESIAN_POINT ( 'NONE',  ( -9.746334353072761303, 36.65322501283679912, -5.000000000000000000 ) ) ;
#1065 = EDGE_CURVE ( 'NONE', #7287, #2856, #5394, .T. ) ;
#1066 = CARTESIAN_POINT ( 'NONE',  ( -12.69999999999999929, 4.934941344458819560E-15, -0.5999999999999999778 ) ) ;
#1067 = EDGE_CURVE ( 'NONE', #1386, #2503, #3982, .T. ) ;
#1068 = AXIS2_PLACEMENT_3D ( 'NONE', #5165, #427, #5796 ) ;
#1069 = ORIENTED_EDGE ( 'NONE', *, *, #521, .T. ) ;
#1070 = CARTESIAN_POINT ( 'NONE',  ( -1.818653347947319920, 1.050000000000000044, 0.5999999999999999778 ) ) ;
#1071 = CARTESIAN_POINT ( 'NONE',  ( -77.47255863797131781, 14.80357795871386095, -5.000000000000000000 ) ) ;
#1072 = VERTEX_POINT ( 'NONE', #1122 ) ;
#1073 = CARTESIAN_POINT ( 'NONE',  ( -7.247758274114829646, 2.600000000000000089, 30.56012519531154936 ) ) ;
#1074 = DIRECTION ( 'NONE',  ( 0.000000000000000000, 0.000000000000000000, -1.000000000000000000 ) ) ;
#1075 = CARTESIAN_POINT ( 'NONE',  ( -86.00000000000000000, 1.959434878635775091E-16, 3.799999999999999822 ) ) ;
#1076 = PERSON_AND_ORGANIZATION_ROLE ( 'design_supplier' ) ;
#1077 = EDGE_CURVE ( 'NONE', #6743, #6654, #5514, .T. ) ;
#1078 = VERTEX_POINT ( 'NONE', #1034 ) ;
#1079 = DIRECTION ( 'NONE',  ( 0.000000000000000000, 0.000000000000000000, 1.000000000000000000 ) ) ;
#1080 = LINE ( 'NONE', #7500, #4383 ) ;
#1081 = EDGE_LOOP ( 'NONE', ( #852, #5919, #1544, #2539 ) ) ;
#1082 = LINE ( 'NONE', #5855, #6975 ) ;
#1083 = DIRECTION ( 'NONE',  ( 0.8660254037844379305, -0.5000000000000011102, 0.000000000000000000 ) ) ;
#1084 = ADVANCED_FACE ( 'NONE', ( #5187 ), #3433, .F. ) ;
#1085 = PERSON_AND_ORGANIZATION ( #2664, #7165 ) ;
#1086 = DIRECTION ( 'NONE',  ( 0.000000000000000000, 0.000000000000000000, 1.000000000000000000 ) ) ;
#1087 = VERTEX_POINT ( 'NONE', #6432 ) ;
#1088 = CARTESIAN_POINT ( 'NONE',  ( 0.000000000000000000, 0.000000000000000000, 0.5999999999999999778 ) ) ;
#1089 = DIRECTION ( 'NONE',  ( 0.000000000000000000, 0.000000000000000000, -1.000000000000000000 ) ) ;
#1090 = ORIENTED_EDGE ( 'NONE', *, *, #5543, .F. ) ;
#1091 = EDGE_LOOP ( 'NONE', ( #2251, #117, #4724, #7114 ) ) ;
#1092 = VECTOR ( 'NONE', #1812, 1000.000000000000114 ) ;
#1093 = SHAPE_REPRESENTATION_RELATIONSHIP ( 'NONE' , 'NONE' ,  #1422, #2569 ) ;
#1094 = EDGE_CURVE ( 'NONE', #7342, #5566, #750, .T. ) ;
#1095 = EDGE_CURVE ( 'NONE', #5566, #5803, #4099, .T. ) ;
#1096 = CIRCLE ( 'NONE', #3480, 6.000000000000005329 ) ;
#1097 = CARTESIAN_POINT ( 'NONE',  ( 10.90000000000000036, 8.933825901280559061E-14, 5.000000000000000000 ) ) ;
#1098 = EDGE_LOOP ( 'NONE', ( #306, #4677, #6250, #2710, #3731, #4902, #762 ) ) ;
#1099 = CYLINDRICAL_SURFACE ( 'NONE', #6837, 5.999999999999998224 ) ;
#1100 = AXIS2_PLACEMENT_3D ( 'NONE', #1319, #143, #5436 ) ;
#1101 = EDGE_CURVE ( 'NONE', #4408, #5604, #5127, .T. ) ;
#1102 = ORIENTED_EDGE ( 'NONE', *, *, #5319, .F. ) ;
#1103 = ORIENTED_EDGE ( 'NONE', *, *, #2171, .F. ) ;
#1104 = PLANE ( 'NONE',  #4274 ) ;
#1105 = DIRECTION ( 'NONE',  ( 1.000000000000000000, 0.000000000000000000, 0.000000000000000000 ) ) ;
#1106 = EDGE_CURVE ( 'NONE', #5784, #1799, #3134, .T. ) ;
#1107 = CIRCLE ( 'NONE', #2601, 35.00000000000000000 ) ;
#1108 = ORIENTED_EDGE ( 'NONE', *, *, #7188, .F. ) ;
#1109 = DIRECTION ( 'NONE',  ( 0.000000000000000000, 0.000000000000000000, 1.000000000000000000 ) ) ;
#1110 = CYLINDRICAL_SURFACE ( 'NONE', #7058, 4.000000000000003553 ) ;
#1111 = EDGE_LOOP ( 'NONE', ( #3841, #6531 ) ) ;
#1112 = DIRECTION ( 'NONE',  ( 1.000000000000000000, 0.000000000000000000, 0.000000000000000000 ) ) ;
#1113 = ORIENTED_EDGE ( 'NONE', *, *, #4179, .T. ) ;
#1114 = LINE ( 'NONE', #4215, #1092 ) ;
#1115 = CARTESIAN_POINT ( 'NONE',  ( -16.28058613717050207, 23.99880236658015065, -5.000000000000000000 ) ) ;
#1116 = APPROVAL ( #1373, '未指定' ) ;
#1117 = COORDINATED_UNIVERSAL_TIME_OFFSET ( 8, 0, .AHEAD. ) ;
#1118 = VECTOR ( 'NONE', #5030, 1000.000000000000114 ) ;
#1119 = ORIENTED_EDGE ( 'NONE', *, *, #2603, .F. ) ;
#1120 = CARTESIAN_POINT ( 'NONE',  ( 12.80006992841635949, -33.11205535492555185, -0.5999999999999999778 ) ) ;
#1121 = VECTOR ( 'NONE', #4836, 1000.000000000000000 ) ;
#1122 = CARTESIAN_POINT ( 'NONE',  ( 4.098333950160509609, -12.29852262806234009, -5.000000000000000000 ) ) ;
#1123 = ORIENTED_EDGE ( 'NONE', *, *, #5953, .F. ) ;
#1124 = LINE ( 'NONE', #1694, #7101 ) ;
#1125 = LINE ( 'NONE', #7264, #1657 ) ;
#1126 = COORDINATED_UNIVERSAL_TIME_OFFSET ( 8, 0, .AHEAD. ) ;
#1127 = DIRECTION ( 'NONE',  ( 0.000000000000000000, 0.000000000000000000, -1.000000000000000000 ) ) ;
#1128 = VERTEX_POINT ( 'NONE', #3144 ) ;
#1129 = DIRECTION ( 'NONE',  ( -0.9991104390507969946, 0.04217025705071830027, 0.000000000000000000 ) ) ;
#1130 = DIRECTION ( 'NONE',  ( -7.771561172376090853E-16, -1.000000000000000000, 0.000000000000000000 ) ) ;
#1131 = ORIENTED_EDGE ( 'NONE', *, *, #2035, .T. ) ;
#1132 = ORIENTED_EDGE ( 'NONE', *, *, #3593, .F. ) ;
#1133 = AXIS2_PLACEMENT_3D ( 'NONE', #4600, #333, #6473 ) ;
#1134 = LINE ( 'NONE', #3610, #212 ) ;
#1135 = ORIENTED_EDGE ( 'NONE', *, *, #4352, .F. ) ;
#1136 = DIRECTION ( 'NONE',  ( 0.000000000000000000, 0.000000000000000000, 1.000000000000000000 ) ) ;
#1137 = ORIENTED_EDGE ( 'NONE', *, *, #485, .T. ) ;
#1138 = ORIENTED_EDGE ( 'NONE', *, *, #5066, .F. ) ;
#1139 = CONICAL_SURFACE ( 'NONE', #3645, 4.499999999999997335, 0.7853981633974589371 ) ;
#1140 = CARTESIAN_POINT ( 'NONE',  ( 1.961284649213485221, 6.197044660542599281, -5.000000000000000000 ) ) ;
#1141 = EDGE_CURVE ( 'NONE', #2376, #4035, #6373, .T. ) ;
#1142 = CARTESIAN_POINT ( 'NONE',  ( 10.00000000000000000, 42.50000000000000000, 0.5999999999999999778 ) ) ;
#1143 = EDGE_CURVE ( 'NONE', #7087, #6942, #1748, .T. ) ;
#1144 = MANIFOLD_SOLID_BREP ( '凸台-拉伸1', #740 ) ;
#1145 = ORIENTED_EDGE ( 'NONE', *, *, #1382, .F. ) ;
#1146 = DIRECTION ( 'NONE',  ( 1.000000000000000000, 0.000000000000000000, 0.000000000000000000 ) ) ;
#1147 = DIRECTION ( 'NONE',  ( 1.000000000000000000, 0.000000000000000000, 0.000000000000000000 ) ) ;
#1148 = ORIENTED_EDGE ( 'NONE', *, *, #3301, .F. ) ;
#1149 = VECTOR ( 'NONE', #2831, 1000.000000000000000 ) ;
#1150 = DIRECTION ( 'NONE',  ( -0.7071067811865435759, 0.000000000000000000, -0.7071067811865515695 ) ) ;
#1151 = ORIENTED_EDGE ( 'NONE', *, *, #4613, .T. ) ;
#1152 = DIRECTION ( 'NONE',  ( -1.000000000000000000, -6.883382752675970551E-15, 0.000000000000000000 ) ) ;
#1153 = EDGE_CURVE ( 'NONE', #158, #5068, #7367, .T. ) ;
#1154 = PLANE ( 'NONE',  #1277 ) ;
#1155 = PERSON_AND_ORGANIZATION_ROLE ( 'design_owner' ) ;
#1156 = CIRCLE ( 'NONE', #5020, 4.000000000000001776 ) ;
#1157 = ORIENTED_EDGE ( 'NONE', *, *, #3444, .F. ) ;
#1158 = CARTESIAN_POINT ( 'NONE',  ( 13.00000000000000000, 8.933825901280559061E-14, 5.000000000000000000 ) ) ;
#1159 = EDGE_CURVE ( 'NONE', #4083, #2500, #882, .T. ) ;
#1160 = DIRECTION ( 'NONE',  ( 0.000000000000000000, 0.000000000000000000, -1.000000000000000000 ) ) ;
#1161 = ORIENTED_EDGE ( 'NONE', *, *, #7117, .T. ) ;
#1162 = CARTESIAN_POINT ( 'NONE',  ( 0.000000000000000000, 0.000000000000000000, 5.000000000000000000 ) ) ;
#1163 = CARTESIAN_POINT ( 'NONE',  ( -36.84299116956499631, -14.24233132880143948, -0.5999999999999999778 ) ) ;
#1164 = CIRCLE ( 'NONE', #2903, 65.00000000000000000 ) ;
#1165 = PERSON_AND_ORGANIZATION_ROLE ( 'design_supplier' ) ;
#1166 = LINE ( 'NONE', #5433, #2881 ) ;
#1167 = EDGE_CURVE ( 'NONE', #2261, #6002, #2476, .T. ) ;
#1168 = CIRCLE ( 'NONE', #1402, 7.700000000000000178 ) ;
#1169 = CIRCLE ( 'NONE', #2152, 6.000000000000005329 ) ;
#1170 = VERTEX_POINT ( 'NONE', #3734 ) ;
#1171 = CYLINDRICAL_SURFACE ( 'NONE', #5563, 78.50000000000000000 ) ;
#1172 = VECTOR ( 'NONE', #3780, 1000.000000000000000 ) ;
#1173 = CYLINDRICAL_SURFACE ( 'NONE', #7324, 28.50000000000000000 ) ;
#1174 = ORIENTED_EDGE ( 'NONE', *, *, #7360, .T. ) ;
#1175 = CARTESIAN_POINT ( 'NONE',  ( -12.39260979084503944, -25.66462979611925022, -4.500000000000000000 ) ) ;
#1176 = DIRECTION ( 'NONE',  ( 1.000000000000000000, 0.000000000000000000, 0.000000000000000000 ) ) ;
#1177 = VECTOR ( 'NONE', #7574, 1000.000000000000000 ) ;
#1178 = ADVANCED_FACE ( 'NONE', ( #1411 ), #7216, .T. ) ;
#1179 = PERSON ( 'NAUO-PER2', 'UNSPECIFIED', 'UNSPECIFIED', ('UNSPECIFIED'), ('UNSPECIFIED'), ('UNSPECIFIED') ) ;
#1180 = APPROVAL_PERSON_ORGANIZATION ( #6089, #6217, #5471 ) ;
#1181 = DIRECTION ( 'NONE',  ( 0.000000000000000000, 0.000000000000000000, 1.000000000000000000 ) ) ;
#1182 = ORIENTED_EDGE ( 'NONE', *, *, #3464, .F. ) ;
#1183 = LINE ( 'NONE', #5948, #2414 ) ;
#1184 = ORIENTED_EDGE ( 'NONE', *, *, #1094, .T. ) ;
#1185 = ORIENTED_EDGE ( 'NONE', *, *, #5484, .F. ) ;
#1186 = CARTESIAN_POINT ( 'NONE',  ( -8.309360104883459996, 70.69845196714169333, 5.000000000000000000 ) ) ;
#1187 = CARTESIAN_POINT ( 'NONE',  ( -12.69999999999999929, 2.600000000000000089, 30.56012519531154936 ) ) ;
#1188 = VECTOR ( 'NONE', #5593, 999.9999999999998863 ) ;
#1189 = CARTESIAN_POINT ( 'NONE',  ( -61.33171160011479373, -48.99664429530200493, 0.5999999999999999778 ) ) ;
#1190 = AXIS2_PLACEMENT_3D ( 'NONE', #1827, #1865, #690 ) ;
#1191 = DIRECTION ( 'NONE',  ( 1.000000000000000000, 0.000000000000000000, 0.000000000000000000 ) ) ;
#1192 = DIRECTION ( 'NONE',  ( 0.000000000000000000, 0.000000000000000000, -1.000000000000000000 ) ) ;
#1193 = EDGE_LOOP ( 'NONE', ( #6289, #2265, #2135, #1378 ) ) ;
#1194 = DIRECTION ( 'NONE',  ( 1.000000000000000000, -7.771561172376090853E-16, 0.000000000000000000 ) ) ;
#1195 = ORIENTED_EDGE ( 'NONE', *, *, #4403, .T. ) ;
#1196 = DIRECTION ( 'NONE',  ( 1.000000000000000000, 0.000000000000000000, 0.000000000000000000 ) ) ;
#1197 = FACE_OUTER_BOUND ( 'NONE', #7207, .T. ) ;
#1198 = CALENDAR_DATE ( 2026, 9, 8 ) ;
#1199 = ADVANCED_FACE ( 'NONE', ( #6035 ), #4516, .F. ) ;
#1200 = VERTEX_POINT ( 'NONE', #89 ) ;
#1201 = EDGE_CURVE ( 'NONE', #3584, #1489, #2551, .T. ) ;
#1202 = DIRECTION ( 'NONE',  ( 0.000000000000000000, 0.000000000000000000, 1.000000000000000000 ) ) ;
#1203 = DIRECTION ( 'NONE',  ( -1.000000000000000000, 0.000000000000000000, 0.000000000000000000 ) ) ;
#1204 = ORIENTED_EDGE ( 'NONE', *, *, #6117, .F. ) ;
#1205 = CARTESIAN_POINT ( 'NONE',  ( -76.84614969766559511, 16.02870165184879880, -0.5999999999999999778 ) ) ;
#1206 = CARTESIAN_POINT ( 'NONE',  ( 62.70652884342099753, -46.50000000000000000, 5.000000000000000000 ) ) ;
#1207 = CARTESIAN_POINT ( 'NONE',  ( 8.601666049839581163, -9.698522628062329787, 0.5999999999999999778 ) ) ;
#1208 = CARTESIAN_POINT ( 'NONE',  ( 12.74414409577106078, 0.5278586372665100557, 20.52733730540035140 ) ) ;
#1209 = CC_DESIGN_PERSON_AND_ORGANIZATION_ASSIGNMENT ( #5142, #6128, ( #1905 ) ) ;
#1210 = ORIENTED_EDGE ( 'NONE', *, *, #3403, .F. ) ;
#1211 = DIRECTION ( 'NONE',  ( 1.000000000000000000, 0.000000000000000000, 0.000000000000000000 ) ) ;
#1212 = ORIENTED_EDGE ( 'NONE', *, *, #2441, .F. ) ;
#1213 = DIRECTION ( 'NONE',  ( 1.000000000000000000, 0.000000000000000000, 0.000000000000000000 ) ) ;
#1214 = CARTESIAN_POINT ( 'NONE',  ( 8.808915324408349790, 70.71953709566719226, -4.499999999999944933 ) ) ;
#1215 = ORIENTED_EDGE ( 'NONE', *, *, #4305, .T. ) ;
#1216 = DIRECTION ( 'NONE',  ( 0.000000000000000000, 0.000000000000000000, 1.000000000000000000 ) ) ;
#1217 = VERTEX_POINT ( 'NONE', #6660 ) ;
#1218 = EDGE_LOOP ( 'NONE', ( #190, #7485, #4001, #4857 ) ) ;
#1219 = VECTOR ( 'NONE', #1830, 1000.000000000000000 ) ;
#1220 = DIRECTION ( 'NONE',  ( 0.000000000000000000, 0.000000000000000000, 1.000000000000000000 ) ) ;
#1221 = FACE_OUTER_BOUND ( 'NONE', #5666, .T. ) ;
#1222 = EDGE_CURVE ( 'NONE', #3891, #7321, #4903, .T. ) ;
#1223 = CARTESIAN_POINT ( 'NONE',  ( 32.64568837809559909, -12.61978725336839879, -5.000000000000000000 ) ) ;
#1224 = DIRECTION ( 'NONE',  ( 3.885780586188044933E-16, 1.000000000000000000, 0.000000000000000000 ) ) ;
#1225 = ORIENTED_EDGE ( 'NONE', *, *, #4961, .T. ) ;
#1226 = VERTEX_POINT ( 'NONE', #6106 ) ;
#1227 = CARTESIAN_POINT ( 'NONE',  ( 11.77285831576796049, 0.4969064900066229029, -3.799999999999999822 ) ) ;
#1228 = DIRECTION ( 'NONE',  ( -1.000000000000000000, 0.000000000000000000, 0.000000000000000000 ) ) ;
#1229 = SHAPE_DEFINITION_REPRESENTATION ( #2112, #4681 ) ;
#1230 = ORIENTED_EDGE ( 'NONE', *, *, #7370, .T. ) ;
#1231 = CARTESIAN_POINT ( 'NONE',  ( 4.098333950160519379, 12.29852262806234009, 30.80087640576605068 ) ) ;
#1232 = CONICAL_SURFACE ( 'NONE', #4976, 4.499999999999997335, 0.7853981633974236320 ) ;
#1233 = DIRECTION ( 'NONE',  ( 0.000000000000000000, 0.000000000000000000, -1.000000000000000000 ) ) ;
#1234 = EDGE_LOOP ( 'NONE', ( #7199, #116, #7208, #1132 ) ) ;
#1235 = CARTESIAN_POINT ( 'NONE',  ( -32.64568837809559909, -12.61978725336835971, -5.000000000000000000 ) ) ;
#1236 = CARTESIAN_POINT ( 'NONE',  ( -13.83473019803201964, 46.50000000000000000, 3.799999999999999822 ) ) ;
#1237 = DIRECTION ( 'NONE',  ( 1.000000000000000000, 0.000000000000000000, 0.000000000000000000 ) ) ;
#1238 = CARTESIAN_POINT ( 'NONE',  ( 0.000000000000000000, 0.000000000000000000, -4.500000000000000000 ) ) ;
#1239 = EDGE_CURVE ( 'NONE', #2736, #229, #760, .T. ) ;
#1240 = AXIS2_PLACEMENT_3D ( 'NONE', #3785, #1459, #1496 ) ;
#1241 = EDGE_CURVE ( 'NONE', #1290, #956, #6012, .T. ) ;
#1242 = ORIENTED_EDGE ( 'NONE', *, *, #6299, .T. ) ;
#1243 = DIRECTION ( 'NONE',  ( 1.000000000000000000, 8.881784197001250351E-16, 0.000000000000000000 ) ) ;
#1244 = CIRCLE ( 'NONE', #1732, 3.999999999999996447 ) ;
#1245 = ADVANCED_FACE ( 'NONE', ( #1302 ), #3701, .F. ) ;
#1246 = LINE ( 'NONE', #3088, #3096 ) ;
#1247 = ORIENTED_EDGE ( 'NONE', *, *, #822, .F. ) ;
#1248 = CC_DESIGN_PERSON_AND_ORGANIZATION_ASSIGNMENT ( #6712, #845, ( #7309 ) ) ;
#1249 = FACE_OUTER_BOUND ( 'NONE', #2544, .T. ) ;
#1250 = ORIENTED_EDGE ( 'NONE', *, *, #2013, .T. ) ;
#1251 = ORIENTED_EDGE ( 'NONE', *, *, #3107, .F. ) ;
#1252 = CARTESIAN_POINT ( 'NONE',  ( 79.00000000000000000, 9.674709713264090904E-15, 3.299999999999999822 ) ) ;
#1253 = CIRCLE ( 'NONE', #6742, 6.499999999999999112 ) ;
#1254 = DIRECTION ( 'NONE',  ( -0.000000000000000000, -0.000000000000000000, -1.000000000000000000 ) ) ;
#1255 = ADVANCED_FACE ( 'NONE', ( #1920 ), #1265, .F. ) ;
#1256 = B_SPLINE_CURVE_WITH_KNOTS ( 'NONE', 3,
 ( #4810, #3747, #7195, #1781 ),
 .UNSPECIFIED., .F., .F.,
 ( 4, 4 ),
 ( 0.000000000000000000, 0.0007080544432370589883 ),
 .UNSPECIFIED. ) ;
#1257 = LINE ( 'NONE', #3655, #5663 ) ;
#1258 = AXIS2_PLACEMENT_3D ( 'NONE', #3104, #1338, #3660 ) ;
#1259 = DIRECTION ( 'NONE',  ( 0.1443822118680071764, 0.6922093447044188608, 0.7071067811865339170 ) ) ;
#1260 = VERTEX_POINT ( 'NONE', #5997 ) ;
#1261 = ORIENTED_EDGE ( 'NONE', *, *, #4407, .T. ) ;
#1262 = DIRECTION ( 'NONE',  ( 1.000000000000000000, 0.000000000000000000, 0.000000000000000000 ) ) ;
#1263 = DIRECTION ( 'NONE',  ( 0.000000000000000000, 0.000000000000000000, -1.000000000000000000 ) ) ;
#1264 = APPROVAL_STATUS ( 'not_yet_approved' ) ;
#1265 = CONICAL_SURFACE ( 'NONE', #2390, 6.500000000000005329, 0.7853981633974518317 ) ;
#1266 = ADVANCED_FACE ( 'NONE', ( #127 ), #6377, .F. ) ;
#1267 = ORIENTED_EDGE ( 'NONE', *, *, #1010, .F. ) ;
#1268 = CARTESIAN_POINT ( 'NONE',  ( 0.000000000000000000, 0.000000000000000000, -4.500000000000000000 ) ) ;
#1269 = CARTESIAN_POINT ( 'NONE',  ( 13.83473019803201964, -46.50000000000000000, 5.000000000000000000 ) ) ;
#1270 = ORIENTED_EDGE ( 'NONE', *, *, #3498, .T. ) ;
#1271 = DIRECTION ( 'NONE',  ( 0.000000000000000000, 0.000000000000000000, -1.000000000000000000 ) ) ;
#1272 = DIRECTION ( 'NONE',  ( -0.02981887472493584962, -0.7064777666070977125, 0.7071067811865375807 ) ) ;
#1273 = DIRECTION ( 'NONE',  ( -0.7064777666070759521, -0.02981887472494254912, 0.7071067811865588970 ) ) ;
#1274 = LINE ( 'NONE', #3671, #2746 ) ;
#1275 = VECTOR ( 'NONE', #3274, 1000.000000000000114 ) ;
#1276 = ORIENTED_EDGE ( 'NONE', *, *, #1141, .F. ) ;
#1277 = AXIS2_PLACEMENT_3D ( 'NONE', #2365, #6550, #674 ) ;
#1278 = CARTESIAN_POINT ( 'NONE',  ( 70.97255863797130360, 14.80357795871436188, -0.5999999999999999778 ) ) ;
#1279 = CARTESIAN_POINT ( 'NONE',  ( -8.808915324408838288, -70.71953709566709279, -3.799999999999999822 ) ) ;
#1280 = CALENDAR_DATE ( 2026, 9, 8 ) ;
#1281 = DIRECTION ( 'NONE',  ( 1.000000000000000000, 0.000000000000000000, 0.000000000000000000 ) ) ;
#1282 = VECTOR ( 'NONE', #3654, 1000.000000000000000 ) ;
#1283 = ADVANCED_FACE ( 'NONE', ( #3770 ), #4325, .F. ) ;
#1284 = AXIS2_PLACEMENT_3D ( 'NONE', #6021, #5560, #150 ) ;
#1285 = ADVANCED_FACE ( 'NONE', ( #788, #203 ), #3031, .F. ) ;
#1286 = CARTESIAN_POINT ( 'NONE',  ( 0.000000000000000000, 0.000000000000000000, 30.80087640576605068 ) ) ;
#1287 = ORIENTED_EDGE ( 'NONE', *, *, #2255, .T. ) ;
#1288 = EDGE_CURVE ( 'NONE', #6971, #5403, #6129, .T. ) ;
#1289 = DIRECTION ( 'NONE',  ( 0.000000000000000000, 0.000000000000000000, 1.000000000000000000 ) ) ;
#1290 = VERTEX_POINT ( 'NONE', #389 ) ;
#1291 = AXIS2_PLACEMENT_3D ( 'NONE', #7116, #4231, #1176 ) ;
#1292 = VERTEX_POINT ( 'NONE', #5605 ) ;
#1293 = CONICAL_SURFACE ( 'NONE', #5166, 4.500000000000000888, 0.7853981633974589371 ) ;
#1294 = CARTESIAN_POINT ( 'NONE',  ( -13.83473019803201964, -42.50000000000000000, 5.000000000000000000 ) ) ;
#1295 = EDGE_CURVE ( 'NONE', #3452, #5447, #6187, .T. ) ;
#1296 = SECURITY_CLASSIFICATION ( '', '', #749 ) ;
#1297 = ORIENTED_EDGE ( 'NONE', *, *, #2915, .F. ) ;
#1298 = CARTESIAN_POINT ( 'NONE',  ( -70.71953709566709279, -8.808915324409088754, -4.500000000000000000 ) ) ;
#1299 = DIRECTION ( 'NONE',  ( 1.000000000000000000, 0.000000000000000000, 0.000000000000000000 ) ) ;
#1300 = VERTEX_POINT ( 'NONE', #5717 ) ;
#1301 = ORIENTED_EDGE ( 'NONE', *, *, #5693, .F. ) ;
#1302 = FACE_OUTER_BOUND ( 'NONE', #2275, .T. ) ;
#1303 = DIRECTION ( 'NONE',  ( 0.000000000000000000, 0.000000000000000000, -1.000000000000000000 ) ) ;
#1304 = COORDINATED_UNIVERSAL_TIME_OFFSET ( 8, 0, .AHEAD. ) ;
#1305 = VECTOR ( 'NONE', #1004, 1000.000000000000000 ) ;
#1306 = ORIENTED_EDGE ( 'NONE', *, *, #1143, .T. ) ;
#1307 = CARTESIAN_POINT ( 'NONE',  ( 33.11205535492539553, 12.80006992841672009, -4.499999999999944933 ) ) ;
#1308 = FACE_OUTER_BOUND ( 'NONE', #6629, .T. ) ;
#1309 = VECTOR ( 'NONE', #4765, 1000.000000000000000 ) ;
#1310 = ORIENTED_EDGE ( 'NONE', *, *, #6349, .T. ) ;
#1311 = LINE ( 'NONE', #7226, #4854 ) ;
#1312 = CARTESIAN_POINT ( 'NONE',  ( 28.42252627758484707, -2.099999999999804690, 0.5999999999999999778 ) ) ;
#1313 = AXIS2_PLACEMENT_3D ( 'NONE', #4102, #4063, #5148 ) ;
#1314 = EDGE_CURVE ( 'NONE', #5447, #1526, #355, .T. ) ;
#1315 = LINE ( 'NONE', #3598, #3536 ) ;
#1316 = AXIS2_PLACEMENT_3D ( 'NONE', #703, #2548, #6807 ) ;
#1317 = ORIENTED_EDGE ( 'NONE', *, *, #4605, .F. ) ;
#1318 = EDGE_CURVE ( 'NONE', #5078, #1854, #3893, .T. ) ;
#1319 = CARTESIAN_POINT ( 'NONE',  ( 0.000000000000000000, 0.000000000000000000, -3.799999999999999822 ) ) ;
#1320 = DIRECTION ( 'NONE',  ( 0.000000000000000000, 0.000000000000000000, -1.000000000000000000 ) ) ;
#1321 = VECTOR ( 'NONE', #4431, 1000.000000000000000 ) ;
#1322 = PERSON_AND_ORGANIZATION_ROLE ( 'classification_officer' ) ;
#1323 = DIRECTION ( 'NONE',  ( 0.000000000000000000, 0.000000000000000000, 1.000000000000000000 ) ) ;
#1324 = ORIENTED_EDGE ( 'NONE', *, *, #3620, .T. ) ;
#1325 = DIRECTION ( 'NONE',  ( 0.000000000000000000, 0.000000000000000000, 1.000000000000000000 ) ) ;
#1326 = ORIENTED_EDGE ( 'NONE', *, *, #3835, .T. ) ;
#1327 = EDGE_LOOP ( 'NONE', ( #3425, #3110, #1925, #1884, #6870, #162, #1184 ) ) ;
#1328 = CARTESIAN_POINT ( 'NONE',  ( 0.000000000000000000, 0.000000000000000000, -3.799999999999999822 ) ) ;
#1329 = ADVANCED_FACE ( 'NONE', ( #1518 ), #7140, .F. ) ;
#1330 = EDGE_CURVE ( 'NONE', #6707, #4861, #7003, .T. ) ;
#1331 = VERTEX_POINT ( 'NONE', #4582 ) ;
#1332 = ADVANCED_FACE ( 'NONE', ( #2783 ), #5091, .T. ) ;
#1333 = DIRECTION ( 'NONE',  ( 0.000000000000000000, 0.000000000000000000, -1.000000000000000000 ) ) ;
#1334 = CARTESIAN_POINT ( 'NONE',  ( 21.04559446594720029, 1.026403527664534021, -3.799999999999999822 ) ) ;
#1335 = ORIENTED_EDGE ( 'NONE', *, *, #2321, .T. ) ;
#1336 = ORIENTED_EDGE ( 'NONE', *, *, #2581, .T. ) ;
#1337 = EDGE_CURVE ( 'NONE', #2153, #6610, #6886, .T. ) ;
#1338 = DIRECTION ( 'NONE',  ( 0.000000000000000000, 0.000000000000000000, -1.000000000000000000 ) ) ;
#1339 = CARTESIAN_POINT ( 'NONE',  ( 1.372213087217910132, 7.576742785872299990, -0.5999999999999999778 ) ) ;
#1340 = CALENDAR_DATE ( 2026, 9, 8 ) ;
#1341 = AXIS2_PLACEMENT_3D ( 'NONE', #3082, #2491, #687 ) ;
#1342 = ORIENTED_EDGE ( 'NONE', *, *, #3352, .F. ) ;
#1343 = PLANE ( 'NONE',  #3692 ) ;
#1344 = DIRECTION ( 'NONE',  ( 0.000000000000000000, 0.000000000000000000, 1.000000000000000000 ) ) ;
#1345 = ORIENTED_EDGE ( 'NONE', *, *, #7220, .T. ) ;
#1346 = CARTESIAN_POINT ( 'NONE',  ( 12.74414409577097906, 1.527858637266509945, 3.799999999999999822 ) ) ;
#1347 = LINE ( 'NONE', #4952, #7171 ) ;
#1348 = AXIS2_PLACEMENT_3D ( 'NONE', #2184, #426, #350 ) ;
#1349 = DIRECTION ( 'NONE',  ( 0.000000000000000000, 0.000000000000000000, 1.000000000000000000 ) ) ;
#1350 = EDGE_CURVE ( 'NONE', #7409, #2347, #6965, .T. ) ;
#1351 = ORIENTED_EDGE ( 'NONE', *, *, #6384, .T. ) ;
#1352 = CARTESIAN_POINT ( 'NONE',  ( 6.962435565298259910, 9.259292143521010487, -5.000000000000000000 ) ) ;
#1353 = CARTESIAN_POINT ( 'NONE',  ( -16.02991648673999947, 23.56462979611904984, 0.5999999999999999778 ) ) ;
#1354 = SHAPE_DEFINITION_REPRESENTATION ( #3968, #327 ) ;
#1355 =( NAMED_UNIT ( * ) SI_UNIT ( $, .STERADIAN. ) SOLID_ANGLE_UNIT ( ) );
#1356 = DIRECTION ( 'NONE',  ( 0.000000000000000000, 0.000000000000000000, -1.000000000000000000 ) ) ;
#1357 = ORIENTED_EDGE ( 'NONE', *, *, #3342, .T. ) ;
#1358 = AXIS2_PLACEMENT_3D ( 'NONE', #4291, #2369, #7144 ) ;
#1359 = CARTESIAN_POINT ( 'NONE',  ( -14.80357795871362114, 70.97255863797140307, -5.000000000000000000 ) ) ;
#1360 = ORIENTED_EDGE ( 'NONE', *, *, #3733, .F. ) ;
#1361 = VERTEX_POINT ( 'NONE', #6226 ) ;
#1362 = DIRECTION ( 'NONE',  ( 1.000000000000000000, 0.000000000000000000, 0.000000000000000000 ) ) ;
#1363 = ORIENTED_EDGE ( 'NONE', *, *, #6357, .T. ) ;
#1364 = EDGE_LOOP ( 'NONE', ( #3674, #6489, #5446, #4579 ) ) ;
#1365 = CARTESIAN_POINT ( 'NONE',  ( 8.303577958713649565, -70.97255863797140307, -5.000000000000000000 ) ) ;
#1366 = CARTESIAN_POINT ( 'NONE',  ( 6.349999999999999645, -10.99852262806233938, 0.5999999999999999778 ) ) ;
#1367 = EDGE_LOOP ( 'NONE', ( #3945, #7145, #4196, #4313 ) ) ;
#1368 = ORIENTED_EDGE ( 'NONE', *, *, #2237, .T. ) ;
#1369 = VECTOR ( 'NONE', #4226, 1000.000000000000000 ) ;
#1370 = DIRECTION ( 'NONE',  ( 0.7064777666070938267, -0.02981887472494753819, -0.7071067811865408004 ) ) ;
#1371 = DIRECTION ( 'NONE',  ( 0.000000000000000000, 0.000000000000000000, 1.000000000000000000 ) ) ;
#1372 = ADVANCED_FACE ( 'NONE', ( #2625 ), #3930, .T. ) ;
#1373 = APPROVAL_STATUS ( 'not_yet_approved' ) ;
#1374 = VECTOR ( 'NONE', #6258, 1000.000000000000000 ) ;
#1375 = EDGE_LOOP ( 'NONE', ( #2144, #1469, #1148, #820 ) ) ;
#1376 = LINE ( 'NONE', #2592, #1414 ) ;
#1377 = CARTESIAN_POINT ( 'NONE',  ( 8.808915324408838288, -70.71953709566709279, -4.500000000000000000 ) ) ;
#1378 = ORIENTED_EDGE ( 'NONE', *, *, #6784, .F. ) ;
#1379 = DIRECTION ( 'NONE',  ( 0.000000000000000000, 0.000000000000000000, -1.000000000000000000 ) ) ;
#1380 = LINE ( 'NONE', #6236, #163 ) ;
#1381 = EDGE_CURVE ( 'NONE', #1217, #3840, #866, .T. ) ;
#1382 = EDGE_CURVE ( 'NONE', #3070, #1765, #4644, .T. ) ;
#1383 = AXIS2_PLACEMENT_3D ( 'NONE', #5530, #1885, #7332 ) ;
#1384 = DIRECTION ( 'NONE',  ( -1.000000000000000000, 0.000000000000000000, 0.000000000000000000 ) ) ;
#1385 = EDGE_CURVE ( 'NONE', #170, #5490, #5055, .T. ) ;
#1386 = VERTEX_POINT ( 'NONE', #4506 ) ;
#1387 = FACE_BOUND ( 'NONE', #6582, .T. ) ;
#1388 = FACE_OUTER_BOUND ( 'NONE', #4426, .T. ) ;
#1389 = EDGE_CURVE ( 'NONE', #5403, #6963, #2071, .T. ) ;
#1390 = DIRECTION ( 'NONE',  ( 0.000000000000000000, 0.7071067811865475727, -0.7071067811865475727 ) ) ;
#1391 = PERSON_AND_ORGANIZATION ( #2664, #7165 ) ;
#1392 = VECTOR ( 'NONE', #7571, 1000.000000000000000 ) ;
#1393 = LINE ( 'NONE', #3836, #101 ) ;
#1394 = VERTEX_POINT ( 'NONE', #7526 ) ;
#1395 = FACE_OUTER_BOUND ( 'NONE', #5167, .T. ) ;
#1396 = ORIENTED_EDGE ( 'NONE', *, *, #7507, .F. ) ;
#1397 = ORIENTED_EDGE ( 'NONE', *, *, #953, .F. ) ;
#1398 = CIRCLE ( 'NONE', #5779, 4.000000000000003553 ) ;
#1399 = EDGE_CURVE ( 'NONE', #6002, #5458, #5757, .T. ) ;
#1400 = LINE ( 'NONE', #3804, #38 ) ;
#1401 = ORIENTED_EDGE ( 'NONE', *, *, #4018, .T. ) ;
#1402 = AXIS2_PLACEMENT_3D ( 'NONE', #6094, #6685, #735 ) ;
#1403 = DIRECTION ( 'NONE',  ( 1.000000000000000000, 0.000000000000000000, 0.000000000000000000 ) ) ;
#1404 = ORIENTED_EDGE ( 'NONE', *, *, #2715, .T. ) ;
#1405 = CARTESIAN_POINT ( 'NONE',  ( -16.02991648673969749, -23.56462979611924879, -4.500000000000000000 ) ) ;
#1406 = DIRECTION ( 'NONE',  ( 0.000000000000000000, 0.000000000000000000, -1.000000000000000000 ) ) ;
#1407 = CIRCLE ( 'NONE', #5159, 6.000000000000000000 ) ;
#1408 = ORIENTED_EDGE ( 'NONE', *, *, #5592, .F. ) ;
#1409 = EDGE_LOOP ( 'NONE', ( #967, #2177, #6700, #209 ) ) ;
#1410 = VECTOR ( 'NONE', #3232, 1000.000000000000114 ) ;
#1411 = FACE_OUTER_BOUND ( 'NONE', #4597, .T. ) ;
#1412 = CARTESIAN_POINT ( 'NONE',  ( 21.11684887838869784, 1.527878237255794858, 3.799999999999999822 ) ) ;
#1413 = CC_DESIGN_APPROVAL ( #5267, ( #5792 ) ) ;
#1414 = VECTOR ( 'NONE', #2074, 1000.000000000000000 ) ;
#1415 = ORIENTED_EDGE ( 'NONE', *, *, #4423, .T. ) ;
#1416 = FACE_OUTER_BOUND ( 'NONE', #1561, .T. ) ;
#1417 = DIRECTION ( 'NONE',  ( 0.000000000000000000, 0.000000000000000000, -1.000000000000000000 ) ) ;
#1418 = DESIGN_CONTEXT ( 'detailed design', #5265, 'design' ) ;
#1419 = ORIENTED_EDGE ( 'NONE', *, *, #423, .F. ) ;
#1420 = CARTESIAN_POINT ( 'NONE',  ( 58.20652884342099753, -42.00000000000000000, 5.000000000000000000 ) ) ;
#1421 = CARTESIAN_POINT ( 'NONE',  ( 14.80357795871362114, -70.97255863797140307, -5.000000000000000000 ) ) ;
#1422 = SHAPE_REPRESENTATION ( 'smt_tray_012.STEP', ( #44 ), #5157 ) ;
#1423 = CARTESIAN_POINT ( 'NONE',  ( -8.808915324408838288, -70.71953709566709279, 5.000000000000000000 ) ) ;
#1424 = CIRCLE ( 'NONE', #3812, 79.00000000000000000 ) ;
#1425 = EDGE_CURVE ( 'NONE', #6011, #3577, #944, .T. ) ;
#1426 = ORIENTED_EDGE ( 'NONE', *, *, #2340, .F. ) ;
#1427 = DIRECTION ( 'NONE',  ( 0.000000000000000000, 0.000000000000000000, -1.000000000000000000 ) ) ;
#1428 = DIRECTION ( 'NONE',  ( 0.000000000000000000, 0.000000000000000000, -1.000000000000000000 ) ) ;
#1429 = CYLINDRICAL_SURFACE ( 'NONE', #3818, 7.700000000000000178 ) ;
#1430 = CONICAL_SURFACE ( 'NONE', #685, 2.100000000000004530, 0.7853981633974426169 ) ;
#1431 = VECTOR ( 'NONE', #3258, 1000.000000000000000 ) ;
#1432 = DATE_AND_TIME ( #4413, #5673 ) ;
#1433 = CC_DESIGN_PERSON_AND_ORGANIZATION_ASSIGNMENT ( #768, #729, ( #2744 ) ) ;
#1434 = DIRECTION ( 'NONE',  ( 0.000000000000000000, 0.000000000000000000, 1.000000000000000000 ) ) ;
#1435 = CARTESIAN_POINT ( 'NONE',  ( 16.02870165184855011, 76.84614969766559511, 4.499999999999944933 ) ) ;
#1436 = VERTEX_POINT ( 'NONE', #3965 ) ;
#1437 = LINE ( 'NONE', #1542, #5327 ) ;
#1438 = EDGE_LOOP ( 'NONE', ( #3934, #2243, #6694, #4573, #4928, #5561, #5794, #3634, #7720, #3371 ) ) ;
#1439 = ORIENTED_EDGE ( 'NONE', *, *, #6504, .F. ) ;
#1440 = DIRECTION ( 'NONE',  ( 1.000000000000000000, 0.000000000000000000, 0.000000000000000000 ) ) ;
#1441 = CARTESIAN_POINT ( 'NONE',  ( -8.303577958713630025, -70.97255863797140307, 5.000000000000000000 ) ) ;
#1442 = VERTEX_POINT ( 'NONE', #1678 ) ;
#1443 = CARTESIAN_POINT ( 'NONE',  ( 8.601666049839590045, 9.698522628062329787, 30.80087640576605068 ) ) ;
#1444 = DIRECTION ( 'NONE',  ( 1.000000000000000000, 0.000000000000000000, 0.000000000000000000 ) ) ;
#1445 = ORIENTED_EDGE ( 'NONE', *, *, #1483, .T. ) ;
#1446 = ORIENTED_EDGE ( 'NONE', *, *, #3857, .T. ) ;
#1447 = DIRECTION ( 'NONE',  ( 0.7064777666070799489, 0.02981887472494239300, 0.7071067811865549002 ) ) ;
#1448 = CARTESIAN_POINT ( 'NONE',  ( -12.39260979084540004, 25.66462979611909745, 5.000000000000000000 ) ) ;
#1449 = UNCERTAINTY_MEASURE_WITH_UNIT (LENGTH_MEASURE( 1.000000000000000082E-05 ), #2459, 'distance_accuracy_value', 'NONE');
#1450 = EDGE_LOOP ( 'NONE', ( #1049, #330, #2405, #3519 ) ) ;
#1451 = FACE_BOUND ( 'NONE', #6332, .T. ) ;
#1452 = FACE_OUTER_BOUND ( 'NONE', #3569, .T. ) ;
#1453 = VERTEX_POINT ( 'NONE', #7688 ) ;
#1454 = DIRECTION ( 'NONE',  ( 1.000000000000000000, 0.000000000000000000, 0.000000000000000000 ) ) ;
#1455 = LINE ( 'NONE', #1966, #1410 ) ;
#1456 = AXIS2_PLACEMENT_3D ( 'NONE', #3409, #6366, #2775 ) ;
#1457 = CARTESIAN_POINT ( 'NONE',  ( -11.27330309624258042, 0.4758213614811779846, 5.000000000000000000 ) ) ;
#1458 = ORIENTED_EDGE ( 'NONE', *, *, #6020, .F. ) ;
#1459 = DIRECTION ( 'NONE',  ( -7.771561172376090853E-16, -1.000000000000000000, 0.000000000000000000 ) ) ;
#1460 = AXIS2_PLACEMENT_3D ( 'NONE', #1278, #2528, #4992 ) ;
#1461 = FACE_OUTER_BOUND ( 'NONE', #2630, .T. ) ;
#1462 = DIRECTION ( 'NONE',  ( 0.000000000000000000, 0.000000000000000000, -1.000000000000000000 ) ) ;
#1463 = AXIS2_PLACEMENT_3D ( 'NONE', #13, #5918, #635 ) ;
#1464 = EDGE_CURVE ( 'NONE', #4394, #4786, #4003, .T. ) ;
#1465 = FACE_OUTER_BOUND ( 'NONE', #4140, .T. ) ;
#1466 = VECTOR ( 'NONE', #7382, 1000.000000000000114 ) ;
#1467 = EDGE_CURVE ( 'NONE', #7243, #2464, #3528, .T. ) ;
#1468 = CARTESIAN_POINT ( 'NONE',  ( -10.24588957259812005, -36.67431014136215595, -5.000000000000000000 ) ) ;
#1469 = ORIENTED_EDGE ( 'NONE', *, *, #714, .T. ) ;
#1470 = DIRECTION ( 'NONE',  ( 1.000000000000000000, 0.000000000000000000, 0.000000000000000000 ) ) ;
#1471 = VERTEX_POINT ( 'NONE', #4042 ) ;
#1472 = ORIENTED_EDGE ( 'NONE', *, *, #7752, .T. ) ;
#1473 = ADVANCED_FACE ( 'NONE', ( #2391 ), #4022, .F. ) ;
#1474 = DIRECTION ( 'NONE',  ( -0.7064777666070738427, -0.02981887472494264626, 0.7071067811865608954 ) ) ;
#1475 = CIRCLE ( 'NONE', #486, 4.500000000000000888 ) ;
#1476 = DIRECTION ( 'NONE',  ( 8.500145032286349714E-14, -1.000000000000000000, 0.000000000000000000 ) ) ;
#1477 = ORIENTED_EDGE ( 'NONE', *, *, #7182, .F. ) ;
#1478 = LINE ( 'NONE', #3181, #4671 ) ;
#1479 = PLANE ( 'NONE',  #510 ) ;
#1480 = ORIENTED_EDGE ( 'NONE', *, *, #2386, .T. ) ;
#1481 = EDGE_LOOP ( 'NONE', ( #2652, #5010, #6764, #1817, #4818, #506, #5371, #2749, #3148, #1892, #94, #2889, #4150 ) ) ;
#1482 = CARTESIAN_POINT ( 'NONE',  ( -12.64327944127586001, 26.09880236658020181, 5.000000000000000000 ) ) ;
#1483 = EDGE_CURVE ( 'NONE', #5447, #6553, #3273, .T. ) ;
#1484 = CLOSED_SHELL ( 'NONE', ( #4499, #6951, #3499, #2720, #5338, #1638 ) ) ;
#1485 = CARTESIAN_POINT ( 'NONE',  ( 4.098333950160509609, -12.29852262806234009, 30.80087640576605068 ) ) ;
#1486 = VERTEX_POINT ( 'NONE', #6493 ) ;
#1487 = FACE_OUTER_BOUND ( 'NONE', #1992, .T. ) ;
#1488 = DIRECTION ( 'NONE',  ( 0.5000000000000099920, -0.8660254037844328234, 0.000000000000000000 ) ) ;
#1489 = VERTEX_POINT ( 'NONE', #1064 ) ;
#1490 = CARTESIAN_POINT ( 'NONE',  ( 14.24233132880105934, 36.84299116956509579, -5.000000000000000000 ) ) ;
#1491 = DIRECTION ( 'NONE',  ( 0.000000000000000000, 0.000000000000000000, -1.000000000000000000 ) ) ;
#1492 = DIRECTION ( 'NONE',  ( 0.000000000000000000, 0.000000000000000000, -1.000000000000000000 ) ) ;
#1494 = ADVANCED_FACE ( 'NONE', ( #5372 ), #4622, .F. ) ;
#1493 = AXIS2_PLACEMENT_3D ( 'NONE', #6024, #812, #2572 ) ;
#1495 = EDGE_LOOP ( 'NONE', ( #477, #4802, #3728, #7498 ) ) ;
#1496 = DIRECTION ( 'NONE',  ( -1.000000000000000000, 7.771561172376090853E-16, 0.000000000000000000 ) ) ;
#1497 = FACE_OUTER_BOUND ( 'NONE', #6131, .T. ) ;
#1498 = DIRECTION ( 'NONE',  ( -1.000000000000000000, 0.000000000000000000, 0.000000000000000000 ) ) ;
#1499 = VECTOR ( 'NONE', #3395, 1000.000000000000114 ) ;
#1500 = DIRECTION ( 'NONE',  ( -0.04217025705071854313, 0.9991104390507968835, 0.000000000000000000 ) ) ;
#1501 = AXIS2_PLACEMENT_3D ( 'NONE', #5951, #2981, #4787 ) ;
#1502 = DIRECTION ( 'NONE',  ( 1.000000000000000000, 0.000000000000000000, 0.000000000000000000 ) ) ;
#1503 = ORIENTED_EDGE ( 'NONE', *, *, #2699, .T. ) ;
#1504 = LINE ( 'NONE', #818, #1525 ) ;
#1505 = VERTEX_POINT ( 'NONE', #3578 ) ;
#1506 = ORIENTED_EDGE ( 'NONE', *, *, #1881, .T. ) ;
#1507 = DIRECTION ( 'NONE',  ( 0.7071067811865370256, 0.000000000000000000, 0.7071067811865580088 ) ) ;
#1508 = AXIS2_PLACEMENT_3D ( 'NONE', #4987, #1642, #5221 ) ;
#1509 = EDGE_CURVE ( 'NONE', #1954, #7404, #4748, .T. ) ;
#1510 = ADVANCED_FACE ( 'NONE', ( #5871 ), #1104, .F. ) ;
#1511 = EDGE_CURVE ( 'NONE', #2703, #1543, #1714, .T. ) ;
#1512 = LINE ( 'NONE', #4464, #5057 ) ;
#1513 = ORIENTED_EDGE ( 'NONE', *, *, #1957, .F. ) ;
#1514 = FACE_OUTER_BOUND ( 'NONE', #6334, .T. ) ;
#1515 = DIRECTION ( 'NONE',  ( 0.000000000000000000, 0.000000000000000000, -1.000000000000000000 ) ) ;
#1516 = ORIENTED_EDGE ( 'NONE', *, *, #1904, .T. ) ;
#1517 = ORIENTED_EDGE ( 'NONE', *, *, #3024, .T. ) ;
#1518 = FACE_OUTER_BOUND ( 'NONE', #5770, .T. ) ;
#1519 = DIRECTION ( 'NONE',  ( 0.000000000000000000, 0.000000000000000000, 1.000000000000000000 ) ) ;
#1520 = EDGE_CURVE ( 'NONE', #5088, #7342, #3652, .T. ) ;
#1521 = VECTOR ( 'NONE', #5672, 1000.000000000000000 ) ;
#1522 = EDGE_LOOP ( 'NONE', ( #7083, #7, #4820, #3972 ) ) ;
#1523 = CARTESIAN_POINT ( 'NONE',  ( 0.000000000000000000, 0.000000000000000000, -3.299999999999999822 ) ) ;
#1524 = DIRECTION ( 'NONE',  ( 1.000000000000000000, -3.885780586188044933E-16, 0.000000000000000000 ) ) ;
#1525 = VECTOR ( 'NONE', #2612, 1000.000000000000000 ) ;
#1526 = VERTEX_POINT ( 'NONE', #592 ) ;
#1527 = DIRECTION ( 'NONE',  ( 0.000000000000000000, 0.000000000000000000, 1.000000000000000000 ) ) ;
#1528 = DIRECTION ( 'NONE',  ( -0.04217025705071829333, 0.9991104390507968835, 0.000000000000000000 ) ) ;
#1529 = DIRECTION ( 'NONE',  ( 0.5000000000000011102, 0.8660254037844379305, 0.000000000000000000 ) ) ;
#1530 = AXIS2_PLACEMENT_3D ( 'NONE', #4673, #6459, #2320 ) ;
#1531 = CC_DESIGN_APPROVAL ( #1116, ( #7172 ) ) ;
#1532 = ORIENTED_EDGE ( 'NONE', *, *, #1614, .F. ) ;
#1533 = CARTESIAN_POINT ( 'NONE',  ( -14.24233132880129915, -36.84299116956499631, -5.000000000000000000 ) ) ;
#1534 = DIRECTION ( 'NONE',  ( -0.9991104390507971056, -0.04217025705071510144, 0.000000000000000000 ) ) ;
#1535 = DIRECTION ( 'NONE',  ( 1.000000000000000000, 5.329070518200749816E-15, 0.000000000000000000 ) ) ;
#1536 = CARTESIAN_POINT ( 'NONE',  ( 6.349999999999999645, 10.99852262806233938, -0.5999999999999999778 ) ) ;
#1537 = CARTESIAN_POINT ( 'NONE',  ( 13.83473019803201964, 46.50000000000000000, 5.000000000000000000 ) ) ;
#1538 = AXIS2_PLACEMENT_3D ( 'NONE', #1578, #1130, #2176 ) ;
#1539 = EDGE_CURVE ( 'NONE', #130, #7716, #511, .T. ) ;
#1540 = VECTOR ( 'NONE', #2298, 1000.000000000000000 ) ;
#1541 = DIRECTION ( 'NONE',  ( 0.000000000000000000, 0.000000000000000000, 1.000000000000000000 ) ) ;
#1542 = CARTESIAN_POINT ( 'NONE',  ( -76.84614969766559511, -16.02870165184879880, -0.5999999999999999778 ) ) ;
#1543 = VERTEX_POINT ( 'NONE', #1140 ) ;
#1544 = ORIENTED_EDGE ( 'NONE', *, *, #7048, .F. ) ;
#1545 = CARTESIAN_POINT ( 'NONE',  ( 70.97255863797140307, -14.80357795871386095, -4.500000000000000000 ) ) ;
#1546 = FACE_BOUND ( 'NONE', #1580, .T. ) ;
#1547 = ORIENTED_EDGE ( 'NONE', *, *, #953, .T. ) ;
#1548 = DIRECTION ( 'NONE',  ( 0.000000000000000000, 0.000000000000000000, 1.000000000000000000 ) ) ;
#1549 = CARTESIAN_POINT ( 'NONE',  ( 0.000000000000000000, 0.000000000000000000, -5.000000000000000000 ) ) ;
#1550 = ORIENTED_EDGE ( 'NONE', *, *, #4593, .F. ) ;
#1551 = ORIENTED_EDGE ( 'NONE', *, *, #1815, .T. ) ;
#1552 = VERTEX_POINT ( 'NONE', #7125 ) ;
#1553 = AXIS2_PLACEMENT_3D ( 'NONE', #2888, #7072, #1701 ) ;
#1554 = CARTESIAN_POINT ( 'NONE',  ( -12.69999999999999929, -2.600000000000000089, 30.56012519531154936 ) ) ;
#1555 = EDGE_CURVE ( 'NONE', #4764, #7069, #2858, .T. ) ;
#1556 = DIRECTION ( 'NONE',  ( 0.000000000000000000, 0.000000000000000000, -1.000000000000000000 ) ) ;
#1557 = ADVANCED_FACE ( 'NONE', ( #3535 ), #2266, .F. ) ;
#1558 = ORIENTED_EDGE ( 'NONE', *, *, #7389, .T. ) ;
#1559 = DIRECTION ( 'NONE',  ( -1.000000000000000000, 0.000000000000000000, 0.000000000000000000 ) ) ;
#1560 = DIRECTION ( 'NONE',  ( 0.02981887472493780292, 0.7064777666070931605, -0.7071067811865420216 ) ) ;
#1561 = EDGE_LOOP ( 'NONE', ( #1480, #3957, #198, #1210 ) ) ;
#1562 = DIRECTION ( 'NONE',  ( 0.000000000000000000, 0.000000000000000000, -1.000000000000000000 ) ) ;
#1563 = FACE_OUTER_BOUND ( 'NONE', #1367, .T. ) ;
#1564 = CARTESIAN_POINT ( 'NONE',  ( -1.410538352786261984E-14, 2.100000000000000089, -0.5999999999999999778 ) ) ;
#1565 = DATE_AND_TIME ( #7097, #5161 ) ;
#1566 = ORIENTED_EDGE ( 'NONE', *, *, #831, .F. ) ;
#1567 = DIRECTION ( 'NONE',  ( 0.000000000000000000, 0.000000000000000000, -1.000000000000000000 ) ) ;
#1568 = PRODUCT_RELATED_PRODUCT_CATEGORY ( 'detail', '', ( #5119 ) ) ;
#1569 = DIRECTION ( 'NONE',  ( 0.000000000000000000, 0.000000000000000000, -1.000000000000000000 ) ) ;
#1570 = CARTESIAN_POINT ( 'NONE',  ( 58.20652884342099753, 46.50000000000000000, 5.000000000000000000 ) ) ;
#1571 = CARTESIAN_POINT ( 'NONE',  ( 8.500000000000000000, 78.03845206050668537, 4.499999999999944933 ) ) ;
#1572 = PRODUCT_DEFINITION_SHAPE ( 'NONE', 'NONE',  #7756 ) ;
#1573 = CALENDAR_DATE ( 2026, 9, 8 ) ;
#1574 = DIRECTION ( 'NONE',  ( 0.000000000000000000, 0.000000000000000000, -1.000000000000000000 ) ) ;
#1575 = ADVANCED_FACE ( 'NONE', ( #5290 ), #5912, .F. ) ;
#1576 = VECTOR ( 'NONE', #7721, 1000.000000000000000 ) ;
#1577 = DIRECTION ( 'NONE',  ( 1.000000000000000000, 0.000000000000000000, 0.000000000000000000 ) ) ;
#1578 = CARTESIAN_POINT ( 'NONE',  ( -12.69999999999999929, -2.600000000000000089, 30.56012519531154936 ) ) ;
#1579 = ORIENTED_EDGE ( 'NONE', *, *, #6282, .T. ) ;
#1580 = EDGE_LOOP ( 'NONE', ( #3542, #7603, #5583, #7707, #1151, #4130, #1883, #5435, #4005, #5576, #250, #7330 ) ) ;
#1581 = AXIS2_PLACEMENT_3D ( 'NONE', #7465, #2085, #7501 ) ;
#1582 = DIRECTION ( 'NONE',  ( -1.000000000000000000, 0.000000000000000000, 0.000000000000000000 ) ) ;
#1583 = EDGE_CURVE ( 'NONE', #81, #1911, #1756, .T. ) ;
#1584 = CIRCLE ( 'NONE', #5606, 2.100000000000004530 ) ;
#1585 = DIRECTION ( 'NONE',  ( 1.000000000000000000, 0.000000000000000000, 0.000000000000000000 ) ) ;
#1586 = ORIENTED_EDGE ( 'NONE', *, *, #16, .T. ) ;
#1587 = CARTESIAN_POINT ( 'NONE',  ( -8.500000000000000000, -78.03845206050668537, 4.500000000000000000 ) ) ;
#1588 = DIRECTION ( 'NONE',  ( 0.04217025705071845293, 0.9991104390507968835, 0.000000000000000000 ) ) ;
#1589 = EDGE_LOOP ( 'NONE', ( #1516, #37, #442, #7583 ) ) ;
#1590 = ORIENTED_EDGE ( 'NONE', *, *, #4507, .F. ) ;
#1591 = CARTESIAN_POINT ( 'NONE',  ( -14.80357795871362114, -70.97255863797140307, 3.799999999999999822 ) ) ;
#1592 = AXIS2_PLACEMENT_3D ( 'NONE', #2952, #1027, #4091 ) ;
#1593 = CARTESIAN_POINT ( 'NONE',  ( -84.40000000000000568, 0.000000000000000000, -5.000000000000000000 ) ) ;
#1594 = ORIENTED_EDGE ( 'NONE', *, *, #4613, .F. ) ;
#1595 = CARTESIAN_POINT ( 'NONE',  ( 28.42252627758479733, 2.100000000000195044, -4.500000000000000000 ) ) ;
#1596 = DIRECTION ( 'NONE',  ( -3.885780586188044933E-16, -1.000000000000000000, 0.000000000000000000 ) ) ;
#1597 = EDGE_CURVE ( 'NONE', #5845, #4355, #4893, .T. ) ;
#1598 = ORIENTED_EDGE ( 'NONE', *, *, #2800, .T. ) ;
#1599 = LINE ( 'NONE', #6502, #1976 ) ;
#1600 = CARTESIAN_POINT ( 'NONE',  ( 0.000000000000000000, 0.000000000000000000, 5.000000000000000000 ) ) ;
#1601 = CIRCLE ( 'NONE', #989, 35.50000000000000000 ) ;
#1602 = CARTESIAN_POINT ( 'NONE',  ( -16.02991648673999947, 23.56462979611904984, -4.500000000000000000 ) ) ;
#1603 = DATE_TIME_ROLE ( 'creation_date' ) ;
#1604 = ORIENTED_EDGE ( 'NONE', *, *, #4647, .T. ) ;
#1605 = EDGE_CURVE ( 'NONE', #6501, #3174, #4156, .T. ) ;
#1606 = ADVANCED_FACE ( 'NONE', ( #3164 ), #6825, .F. ) ;
#1607 = CARTESIAN_POINT ( 'NONE',  ( -12.47616830166900037, -25.80935738227115195, -4.666662734709449367 ) ) ;
#1608 = CARTESIAN_POINT ( 'NONE',  ( 0.000000000000000000, 0.000000000000000000, 5.000000000000000000 ) ) ;
#1609 = DIRECTION ( 'NONE',  ( 1.000000000000000000, 0.000000000000000000, 0.000000000000000000 ) ) ;
#1610 = CARTESIAN_POINT ( 'NONE',  ( -12.61978725336826024, 32.64568837809564883, -5.000000000000000000 ) ) ;
#1611 = AXIS2_PLACEMENT_3D ( 'NONE', #4568, #1039, #7551 ) ;
#1612 = CALENDAR_DATE ( 2026, 9, 8 ) ;
#1613 = CARTESIAN_POINT ( 'NONE',  ( 16.02870165184855011, -76.84614969766559511, 3.799999999999999822 ) ) ;
#1614 = EDGE_CURVE ( 'NONE', #3376, #4038, #7148, .T. ) ;
#1615 = CIRCLE ( 'NONE', #12, 29.00000000000000000 ) ;
#1616 = EDGE_CURVE ( 'NONE', #2347, #2782, #3243, .T. ) ;
#1617 = DIRECTION ( 'NONE',  ( 0.000000000000000000, 0.000000000000000000, -1.000000000000000000 ) ) ;
#1618 = CARTESIAN_POINT ( 'NONE',  ( -70.71953709566709279, 8.808915324409088754, -3.799999999999999822 ) ) ;
#1619 = ORIENTED_EDGE ( 'NONE', *, *, #4989, .F. ) ;
#1620 = VERTEX_POINT ( 'NONE', #5408 ) ;
#1621 = VECTOR ( 'NONE', #6927, 1000.000000000000000 ) ;
#1622 = DIRECTION ( 'NONE',  ( 0.000000000000000000, 0.000000000000000000, -1.000000000000000000 ) ) ;
#1623 = EDGE_CURVE ( 'NONE', #6971, #3452, #7386, .T. ) ;
#1624 = CARTESIAN_POINT ( 'NONE',  ( 13.00000000000000000, 2.100000000000090239, -0.5999999999999999778 ) ) ;
#1625 = ORIENTED_EDGE ( 'NONE', *, *, #6832, .T. ) ;
#1626 = DIRECTION ( 'NONE',  ( 1.000000000000000000, 0.000000000000000000, 0.000000000000000000 ) ) ;
#1627 = DIRECTION ( 'NONE',  ( 0.000000000000000000, 0.000000000000000000, -1.000000000000000000 ) ) ;
#1628 = ORIENTED_EDGE ( 'NONE', *, *, #4178, .F. ) ;
#1629 = VERTEX_POINT ( 'NONE', #2431 ) ;
#1630 = ORIENTED_EDGE ( 'NONE', *, *, #6711, .F. ) ;
#1631 = ADVANCED_FACE ( 'NONE', ( #3653, #5587, #4822, #2012, #5623, #2645, #1465 ), #6790, .F. ) ;
#1632 = DIRECTION ( 'NONE',  ( 1.000000000000000000, 0.000000000000000000, 0.000000000000000000 ) ) ;
#1633 = AXIS2_PLACEMENT_3D ( 'NONE', #6050, #3081, #103 ) ;
#1634 = LINE ( 'NONE', #945, #7540 ) ;
#1635 = DIRECTION ( 'NONE',  ( 0.000000000000000000, 0.000000000000000000, -1.000000000000000000 ) ) ;
#1636 = CARTESIAN_POINT ( 'NONE',  ( -13.83473019803201964, -46.50000000000000000, 4.500000000000000000 ) ) ;
#1638 = ADVANCED_FACE ( 'NONE', ( #7431 ), #4415, .F. ) ;
#1637 = DIRECTION ( 'NONE',  ( 0.000000000000000000, 0.000000000000000000, -1.000000000000000000 ) ) ;
#1639 = ORIENTED_EDGE ( 'NONE', *, *, #4735, .F. ) ;
#1640 = CARTESIAN_POINT ( 'NONE',  ( -36.84299116956495368, 14.24233132880143948, -5.000000000000000000 ) ) ;
#1641 = DIRECTION ( 'NONE',  ( 0.04217025705072554448, -0.9991104390507966615, 0.000000000000000000 ) ) ;
#1642 = DIRECTION ( 'NONE',  ( 0.000000000000000000, 0.000000000000000000, -1.000000000000000000 ) ) ;
#1643 = VECTOR ( 'NONE', #2580, 1000.000000000000000 ) ;
#1644 = COORDINATED_UNIVERSAL_TIME_OFFSET ( 8, 0, .AHEAD. ) ;
#1645 = APPLICATION_CONTEXT ( 'configuration controlled 3d designs of mechanical parts and assemblies' ) ;
#1646 = CIRCLE ( 'NONE', #2534, 28.50000000000000000 ) ;
#1647 = VERTEX_POINT ( 'NONE', #7209 ) ;
#1648 = DIRECTION ( 'NONE',  ( 0.000000000000000000, 0.000000000000000000, -1.000000000000000000 ) ) ;
#1649 = LINE ( 'NONE', #5146, #6008 ) ;
#1650 = EDGE_LOOP ( 'NONE', ( #4821, #6019, #3415, #195 ) ) ;
#1651 = PRODUCT_DEFINITION_FORMATION_WITH_SPECIFIED_SOURCE ( '任何', '', #2744, .NOT_KNOWN. ) ;
#1652 = CARTESIAN_POINT ( 'NONE',  ( -8.309360104883438680, -70.69845196714169333, 5.000000000000000000 ) ) ;
#1653 = FACE_OUTER_BOUND ( 'NONE', #1409, .T. ) ;
#1654 = PERSON_AND_ORGANIZATION ( #2664, #7165 ) ;
#1655 = DIRECTION ( 'NONE',  ( 0.000000000000000000, 0.000000000000000000, 1.000000000000000000 ) ) ;
#1656 = EDGE_CURVE ( 'NONE', #4429, #6324, #3147, .T. ) ;
#1657 = VECTOR ( 'NONE', #5464, 1000.000000000000000 ) ;
#1658 = EDGE_CURVE ( 'NONE', #3805, #6557, #5661, .T. ) ;
#1659 = LOCAL_TIME ( 15, 19, 25.00000000000000000, #3438 ) ;
#1660 = EDGE_CURVE ( 'NONE', #3288, #4960, #4883, .T. ) ;
#1661 = AXIS2_PLACEMENT_3D ( 'NONE', #2631, #4362, #6735 ) ;
#1662 = VERTEX_POINT ( 'NONE', #3204 ) ;
#1663 = DIRECTION ( 'NONE',  ( -0.9705900889413703325, 0.2407381964890135673, 0.000000000000000000 ) ) ;
#1664 = EDGE_CURVE ( 'NONE', #1878, #3198, #7126, .T. ) ;
#1665 = CARTESIAN_POINT ( 'NONE',  ( -36.67431014136210621, -10.24588957259823907, -3.799999999999999822 ) ) ;
#1666 = ORIENTED_EDGE ( 'NONE', *, *, #4104, .F. ) ;
#1667 = EDGE_LOOP ( 'NONE', ( #5462, #2385, #3538, #1590 ) ) ;
#1668 = DIRECTION ( 'NONE',  ( 0.000000000000000000, 0.000000000000000000, 1.000000000000000000 ) ) ;
#1669 = AXIS2_PLACEMENT_3D ( 'NONE', #2331, #1079, #2958 ) ;
#1670 = DIRECTION ( 'NONE',  ( -0.000000000000000000, 1.000000000000000000, 0.000000000000000000 ) ) ;
#1671 = VERTEX_POINT ( 'NONE', #2689 ) ;
#1672 = CARTESIAN_POINT ( 'NONE',  ( 9.838288441828840547, -46.33131897179710279, 3.799999999999999822 ) ) ;
#1673 = CC_DESIGN_DATE_AND_TIME_ASSIGNMENT ( #185, #261, ( #4302 ) ) ;
#1674 = EDGE_LOOP ( 'NONE', ( #5104, #4385, #6372, #1446 ) ) ;
#1675 = ORIENTED_EDGE ( 'NONE', *, *, #58, .T. ) ;
#1676 = VECTOR ( 'NONE', #2922, 1000.000000000000000 ) ;
#1677 = VECTOR ( 'NONE', #5602, 1000.000000000000000 ) ;
#1678 = CARTESIAN_POINT ( 'NONE',  ( 28.92386557844574924, 2.100000000000199929, -3.799999999999999822 ) ) ;
#1679 = DIRECTION ( 'NONE',  ( -1.000000000000000000, 0.000000000000000000, 0.000000000000000000 ) ) ;
#1680 = ADVANCED_FACE ( 'NONE', ( #6203 ), #846, .F. ) ;
#1681 = ORIENTED_EDGE ( 'NONE', *, *, #2393, .T. ) ;
#1682 = CARTESIAN_POINT ( 'NONE',  ( -29.00000000000000000, 0.000000000000000000, -5.000000000000000000 ) ) ;
#1683 = LINE ( 'NONE', #2949, #936 ) ;
#1684 = VERTEX_POINT ( 'NONE', #1252 ) ;
#1685 = DIRECTION ( 'NONE',  ( 0.000000000000000000, 0.000000000000000000, -1.000000000000000000 ) ) ;
#1686 = ORIENTED_EDGE ( 'NONE', *, *, #2255, .F. ) ;
#1687 = LINE ( 'NONE', #522, #7469 ) ;
#1688 = CARTESIAN_POINT ( 'NONE',  ( 36.84299116956490394, 14.24233132880170061, -5.000000000000000000 ) ) ;
#1689 = APPLICATION_PROTOCOL_DEFINITION ( 'international standard', 'config_control_design', 1994, #4770 ) ;
#1690 = ORIENTED_EDGE ( 'NONE', *, *, #4537, .F. ) ;
#1691 = DIRECTION ( 'NONE',  ( 1.000000000000000000, 0.000000000000000000, 0.000000000000000000 ) ) ;
#1692 = DIRECTION ( 'NONE',  ( 1.000000000000000000, 0.000000000000000000, 0.000000000000000000 ) ) ;
#1693 = EDGE_LOOP ( 'NONE', ( #5743, #1950, #3586, #6955, #5052, #2825, #6808 ) ) ;
#1694 = CARTESIAN_POINT ( 'NONE',  ( 16.13079529294310177, -77.33561561930680739, 5.000000000000000000 ) ) ;
#1695 = CARTESIAN_POINT ( 'NONE',  ( 8.601666049839590045, 9.698522628062329787, -0.5999999999999999778 ) ) ;
#1696 = PERSON_AND_ORGANIZATION_ROLE ( 'creator' ) ;
#1697 = LINE ( 'NONE', #1208, #3754 ) ;
#1698 = ORIENTED_EDGE ( 'NONE', *, *, #3306, .T. ) ;
#1699 = LINE ( 'NONE', #6987, #1305 ) ;
#1700 = ADVANCED_FACE ( 'NONE', ( #3616 ), #5386, .F. ) ;
#1701 = DIRECTION ( 'NONE',  ( 1.000000000000000000, 0.000000000000000000, 0.000000000000000000 ) ) ;
#1702 = ORIENTED_EDGE ( 'NONE', *, *, #5199, .T. ) ;
#1703 = EDGE_LOOP ( 'NONE', ( #733, #1948, #2425, #1820 ) ) ;
#1704 = EDGE_CURVE ( 'NONE', #6726, #1985, #6624, .T. ) ;
#1705 = CIRCLE ( 'NONE', #7086, 4.000000000000000000 ) ;
#1706 = EDGE_CURVE ( 'NONE', #268, #6509, #1977, .T. ) ;
#1707 = VECTOR ( 'NONE', #2461, 1000.000000000000114 ) ;
#1708 = CARTESIAN_POINT ( 'NONE',  ( 1.372213087217910132, 7.576742785872299990, -5.000000000000000000 ) ) ;
#1709 = VERTEX_POINT ( 'NONE', #3399 ) ;
#1710 = LINE ( 'NONE', #4122, #2976 ) ;
#1711 = VECTOR ( 'NONE', #3396, 1000.000000000000000 ) ;
#1712 = VERTEX_POINT ( 'NONE', #5777 ) ;
#1713 = VERTEX_POINT ( 'NONE', #2726 ) ;
#1714 = LINE ( 'NONE', #5250, #2636 ) ;
#1715 = CONICAL_SURFACE ( 'NONE', #2087, 6.499999999999999112, 0.7853981633974461696 ) ;
#1716 = DIRECTION ( 'NONE',  ( 1.000000000000000000, 0.000000000000000000, 0.000000000000000000 ) ) ;
#1717 = AXIS2_PLACEMENT_3D ( 'NONE', #1490, #3901, #5614 ) ;
#1718 = ADVANCED_FACE ( 'NONE', ( #6949 ), #4007, .F. ) ;
#1719 = ORIENTED_EDGE ( 'NONE', *, *, #7460, .F. ) ;
#1720 = CARTESIAN_POINT ( 'NONE',  ( -2.251666049839534889, -1.300000000000000044, -0.5999999999999999778 ) ) ;
#1721 = DIRECTION ( 'NONE',  ( 0.000000000000000000, 0.000000000000000000, 1.000000000000000000 ) ) ;
#1722 = ORIENTED_EDGE ( 'NONE', *, *, #3206, .T. ) ;
#1723 = EDGE_CURVE ( 'NONE', #7235, #4083, #5192, .T. ) ;
#1724 = CARTESIAN_POINT ( 'NONE',  ( 4.537564434701829796, -10.65929214352101972, 5.000000000000000000 ) ) ;
#1725 = VERTEX_POINT ( 'NONE', #411 ) ;
#1726 = VECTOR ( 'NONE', #4985, 1000.000000000000000 ) ;
#1727 = FACE_OUTER_BOUND ( 'NONE', #3172, .T. ) ;
#1728 = CARTESIAN_POINT ( 'NONE',  ( 62.20652884342100464, 46.50000000000000000, 3.799999999999999822 ) ) ;
#1729 = PERSON_AND_ORGANIZATION_ROLE ( 'classification_officer' ) ;
#1730 = ORIENTED_EDGE ( 'NONE', *, *, #5439, .F. ) ;
#1731 = LINE ( 'NONE', #7584, #4696 ) ;
#1732 = AXIS2_PLACEMENT_3D ( 'NONE', #6702, #6080, #796 ) ;
#1733 = DIRECTION ( 'NONE',  ( 1.000000000000000000, 0.000000000000000000, 0.000000000000000000 ) ) ;
#1734 = ORIENTED_EDGE ( 'NONE', *, *, #5554, .T. ) ;
#1735 = CARTESIAN_POINT ( 'NONE',  ( 32.64568837809559909, -12.61978725336839879, -5.000000000000000000 ) ) ;
#1736 = DIRECTION ( 'NONE',  ( 0.000000000000000000, 0.000000000000000000, -1.000000000000000000 ) ) ;
#1737 = ADVANCED_FACE ( 'NONE', ( #923 ), #126, .F. ) ;
#1738 = PERSON_AND_ORGANIZATION_ROLE ( 'classification_officer' ) ;
#1739 = DIRECTION ( 'NONE',  ( 0.000000000000000000, 0.000000000000000000, -1.000000000000000000 ) ) ;
#1740 = CIRCLE ( 'NONE', #4759, 3.999999999999996447 ) ;
#1741 = EDGE_CURVE ( 'NONE', #5397, #1954, #6866, .T. ) ;
#1742 = EDGE_LOOP ( 'NONE', ( #7124, #6934, #6086, #6545 ) ) ;
#1743 = PLANE ( 'NONE',  #2173 ) ;
#1744 = AXIS2_PLACEMENT_3D ( 'NONE', #664, #5551, #187 ) ;
#1745 = CARTESIAN_POINT ( 'NONE',  ( 1.372213087217910132, -7.576742785872299990, -0.5999999999999999778 ) ) ;
#1746 = ORIENTED_EDGE ( 'NONE', *, *, #2056, .F. ) ;
#1747 =( NAMED_UNIT ( * ) PLANE_ANGLE_UNIT ( ) SI_UNIT ( $, .RADIAN. ) );
#1748 = CIRCLE ( 'NONE', #1258, 5.999999999999998224 ) ;
#1749 = CIRCLE ( 'NONE', #2382, 4.000000000000000000 ) ;
#1750 = CARTESIAN_POINT ( 'NONE',  ( -0.4758213614811430126, 11.27330309624259996, -5.000000000000000000 ) ) ;
#1751 = ORIENTED_EDGE ( 'NONE', *, *, #3506, .T. ) ;
#1752 = DIRECTION ( 'NONE',  ( 1.000000000000000000, 0.000000000000000000, 0.000000000000000000 ) ) ;
#1753 = EDGE_LOOP ( 'NONE', ( #2416, #4947, #3191, #3828 ) ) ;
#1754 = VERTEX_POINT ( 'NONE', #3325 ) ;
#1755 = AXIS2_PLACEMENT_3D ( 'NONE', #2822, #5836, #431 ) ;
#1756 = LINE ( 'NONE', #4164, #7271 ) ;
#1757 = CARTESIAN_POINT ( 'NONE',  ( -8.808915324408838288, -70.71953709566709279, -4.500000000000000000 ) ) ;
#1758 = ADVANCED_FACE ( 'NONE', ( #3910 ), #3951, .F. ) ;
#1759 = B_SPLINE_CURVE_WITH_KNOTS ( 'NONE', 2,
 ( #2805, #7666, #5735 ),
 .UNSPECIFIED., .F., .F.,
 ( 3, 3 ),
 ( 0.9871637959192589573, 1.000000000000000000 ),
 .UNSPECIFIED. ) ;
#1760 = EDGE_CURVE ( 'NONE', #1486, #3798, #5506, .T. ) ;
#1761 = AXIS2_PLACEMENT_3D ( 'NONE', #1836, #6245, #3282 ) ;
#1762 = ORIENTED_EDGE ( 'NONE', *, *, #1660, .T. ) ;
#1763 = CARTESIAN_POINT ( 'NONE',  ( 70.71953709566709279, -8.808915324409079872, -3.799999999999999822 ) ) ;
#1764 = PLANE ( 'NONE',  #4116 ) ;
#1765 = VERTEX_POINT ( 'NONE', #7630 ) ;
#1766 = AXIS2_PLACEMENT_3D ( 'NONE', #1688, #4632, #2910 ) ;
#1767 = DIRECTION ( 'NONE',  ( 0.000000000000000000, 0.000000000000000000, -1.000000000000000000 ) ) ;
#1768 = ORIENTED_EDGE ( 'NONE', *, *, #3203, .T. ) ;
#1769 = CC_DESIGN_PERSON_AND_ORGANIZATION_ASSIGNMENT ( #3468, #1076, ( #1651 ) ) ;
#1770 = DIRECTION ( 'NONE',  ( 0.000000000000000000, 0.000000000000000000, -1.000000000000000000 ) ) ;
#1771 = PLANE ( 'NONE',  #533 ) ;
#1772 = PERSON_AND_ORGANIZATION ( #2664, #7165 ) ;
#1773 = AXIS2_PLACEMENT_3D ( 'NONE', #5924, #2442, #1921 ) ;
#1774 = ORIENTED_EDGE ( 'NONE', *, *, #5217, .T. ) ;
#1775 = LINE ( 'NONE', #3664, #1043 ) ;
#1776 = CARTESIAN_POINT ( 'NONE',  ( -11.50000000000000000, -1.399999999999999911, 5.000000000000000000 ) ) ;
#1777 = ORIENTED_EDGE ( 'NONE', *, *, #1288, .F. ) ;
#1778 = LINE ( 'NONE', #1205, #3360 ) ;
#1779 = CARTESIAN_POINT ( 'NONE',  ( 12.80006992841613922, 33.11205535492559449, -4.499999999999944933 ) ) ;
#1780 = AXIS2_PLACEMENT_3D ( 'NONE', #699, #7085, #1716 ) ;
#1781 = CARTESIAN_POINT ( 'NONE',  ( 28.92386557844574924, 2.100000000000195044, -5.000000000000000000 ) ) ;
#1782 = CARTESIAN_POINT ( 'NONE',  ( 13.00000000000000000, 2.100000000000090239, 5.000000000000000000 ) ) ;
#1783 = AXIS2_PLACEMENT_3D ( 'NONE', #5692, #5100, #3387 ) ;
#1784 = ADVANCED_FACE ( 'NONE', ( #3478 ), #3986, .F. ) ;
#1785 = AXIS2_PLACEMENT_3D ( 'NONE', #6525, #2304, #1213 ) ;
#1786 = ORIENTED_EDGE ( 'NONE', *, *, #1597, .F. ) ;
#1787 = VECTOR ( 'NONE', #3969, 1000.000000000000114 ) ;
#1788 = DIRECTION ( 'NONE',  ( 1.000000000000000000, 0.000000000000000000, 0.000000000000000000 ) ) ;
#1789 = VECTOR ( 'NONE', #6776, 1000.000000000000000 ) ;
#1790 = DIRECTION ( 'NONE',  ( 0.000000000000000000, 0.000000000000000000, -1.000000000000000000 ) ) ;
#1791 = VERTEX_POINT ( 'NONE', #5074 ) ;
#1792 = CC_DESIGN_APPROVAL ( #624, ( #4128 ) ) ;
#1793 = ADVANCED_FACE ( 'NONE', ( #4487 ), #2088, .T. ) ;
#1794 = CARTESIAN_POINT ( 'NONE',  ( 0.000000000000000000, 0.000000000000000000, 0.000000000000000000 ) ) ;
#1795 = VECTOR ( 'NONE', #3540, 1000.000000000000114 ) ;
#1796 = DIRECTION ( 'NONE',  ( 1.000000000000000000, 0.000000000000000000, 0.000000000000000000 ) ) ;
#1797 = ORIENTED_EDGE ( 'NONE', *, *, #4694, .T. ) ;
#1798 = FACE_OUTER_BOUND ( 'NONE', #7453, .T. ) ;
#1799 = VERTEX_POINT ( 'NONE', #1613 ) ;
#1800 = ORIENTED_EDGE ( 'NONE', *, *, #5139, .F. ) ;
#1801 = DIRECTION ( 'NONE',  ( 0.000000000000000000, 0.000000000000000000, -1.000000000000000000 ) ) ;
#1802 = DIRECTION ( 'NONE',  ( 0.000000000000000000, 0.000000000000000000, -1.000000000000000000 ) ) ;
#1803 = AXIS2_PLACEMENT_3D ( 'NONE', #3839, #6208, #855 ) ;
#1804 = APPLICATION_CONTEXT ( 'configuration controlled 3d designs of mechanical parts and assemblies' ) ;
#1805 = VECTOR ( 'NONE', #5437, 1000.000000000000000 ) ;
#1806 = CARTESIAN_POINT ( 'NONE',  ( 16.02870165184855011, -76.84614969766559511, -4.500000000000000000 ) ) ;
#1807 = CARTESIAN_POINT ( 'NONE',  ( -16.28058613717015035, -23.99880236658034960, 5.000000000000000000 ) ) ;
#1808 = CONICAL_SURFACE ( 'NONE', #3698, 6.499999999999999112, 0.7853981633974348453 ) ;
#1809 = EDGE_LOOP ( 'NONE', ( #5949, #4252, #6044, #2793 ) ) ;
#1810 = ORIENTED_EDGE ( 'NONE', *, *, #3796, .F. ) ;
#1811 = EDGE_CURVE ( 'NONE', #6611, #5568, #4376, .T. ) ;
#1812 = DIRECTION ( 'NONE',  ( 0.8660254037844379305, -0.5000000000000011102, 0.000000000000000000 ) ) ;
#1813 = B_SPLINE_CURVE_WITH_KNOTS ( 'NONE', 3,
 ( #1602, #4012, #3508, #1115 ),
 .UNSPECIFIED., .F., .F.,
 ( 4, 4 ),
 ( 4.336808689942014655E-18, 0.0007080544432370589883 ),
 .UNSPECIFIED. ) ;
#1814 = CARTESIAN_POINT ( 'NONE',  ( -12.69999999999999929, -2.600000000000000089, 30.56012519531154936 ) ) ;
#1815 = EDGE_CURVE ( 'NONE', #2256, #4143, #6437, .T. ) ;
#1816 = MECHANICAL_CONTEXT ( 'NONE', #3118, 'mechanical' ) ;
#1817 = ORIENTED_EDGE ( 'NONE', *, *, #4377, .F. ) ;
#1818 = DIRECTION ( 'NONE',  ( 0.000000000000000000, 0.000000000000000000, -1.000000000000000000 ) ) ;
#1819 = DIRECTION ( 'NONE',  ( 0.000000000000000000, 0.000000000000000000, 1.000000000000000000 ) ) ;
#1820 = ORIENTED_EDGE ( 'NONE', *, *, #4925, .T. ) ;
#1821 = PLANE ( 'NONE',  #5101 ) ;
#1822 = DIRECTION ( 'NONE',  ( 0.7071067811865450192, 0.000000000000000000, 0.7071067811865500152 ) ) ;
#1823 = EDGE_CURVE ( 'NONE', #5547, #4429, #1253, .T. ) ;
#1824 = DIRECTION ( 'NONE',  ( 0.04217025705071854313, -0.9991104390507968835, 0.000000000000000000 ) ) ;
#1825 = DIRECTION ( 'NONE',  ( 0.000000000000000000, 0.000000000000000000, -1.000000000000000000 ) ) ;
#1826 = EDGE_LOOP ( 'NONE', ( #6519, #2068, #4685, #3312 ) ) ;
#1827 = CARTESIAN_POINT ( 'NONE',  ( -33.95447164295445219, -10.36068798139402070, -0.5999999999999999778 ) ) ;
#1828 = ADVANCED_FACE ( 'NONE', ( #336 ), #7258, .F. ) ;
#1829 = FACE_OUTER_BOUND ( 'NONE', #192, .T. ) ;
#1830 = DIRECTION ( 'NONE',  ( 0.000000000000000000, 0.000000000000000000, 1.000000000000000000 ) ) ;
#1831 = ORIENTED_EDGE ( 'NONE', *, *, #5439, .T. ) ;
#1832 = DIRECTION ( 'NONE',  ( -1.000000000000000000, 0.000000000000000000, 0.000000000000000000 ) ) ;
#1833 = ORIENTED_EDGE ( 'NONE', *, *, #7181, .T. ) ;
#1834 = ORIENTED_EDGE ( 'NONE', *, *, #5319, .T. ) ;
#1835 = VECTOR ( 'NONE', #1641, 1000.000000000000114 ) ;
#1836 = CARTESIAN_POINT ( 'NONE',  ( -14.80357795871362114, -70.97255863797140307, 5.000000000000000000 ) ) ;
#1837 = EDGE_CURVE ( 'NONE', #6611, #1765, #5150, .T. ) ;
#1838 = CYLINDRICAL_SURFACE ( 'NONE', #4663, 65.00000000000000000 ) ;
#1839 = ADVANCED_FACE ( 'NONE', ( #5821 ), #6000, .F. ) ;
#1840 = AXIS2_PLACEMENT_3D ( 'NONE', #6869, #3285, #5590 ) ;
#1841 = CARTESIAN_POINT ( 'NONE',  ( -77.33561561930669370, 16.13079529294340020, -5.000000000000000000 ) ) ;
#1842 = CARTESIAN_POINT ( 'NONE',  ( -70.97255863797140307, -14.80357795871386095, -5.000000000000000000 ) ) ;
#1843 = EDGE_LOOP ( 'NONE', ( #1751, #1971, #3030, #3491 ) ) ;
#1844 = ORIENTED_EDGE ( 'NONE', *, *, #3600, .T. ) ;
#1845 = DIRECTION ( 'NONE',  ( -1.000000000000000000, 0.000000000000000000, 0.000000000000000000 ) ) ;
#1846 = VECTOR ( 'NONE', #7747, 999.9999999999998863 ) ;
#1847 = CYLINDRICAL_SURFACE ( 'NONE', #4656, 7.700000000000000178 ) ;
#1848 = CALENDAR_DATE ( 2026, 9, 8 ) ;
#1849 = EDGE_CURVE ( 'NONE', #3695, #3651, #4626, .T. ) ;
#1850 = ORIENTED_EDGE ( 'NONE', *, *, #5634, .F. ) ;
#1851 = DIRECTION ( 'NONE',  ( 0.000000000000000000, 0.000000000000000000, -1.000000000000000000 ) ) ;
#1852 = AXIS2_PLACEMENT_3D ( 'NONE', #2961, #5350, #6434 ) ;
#1853 = CARTESIAN_POINT ( 'NONE',  ( -84.40000000000000568, 0.000000000000000000, -5.000000000000000000 ) ) ;
#1854 = VERTEX_POINT ( 'NONE', #577 ) ;
#1855 = DIRECTION ( 'NONE',  ( 0.000000000000000000, 0.000000000000000000, 1.000000000000000000 ) ) ;
#1856 = CARTESIAN_POINT ( 'NONE',  ( 0.000000000000000000, 0.000000000000000000, 5.000000000000000000 ) ) ;
#1857 = DIRECTION ( 'NONE',  ( 1.000000000000000000, 0.000000000000000000, 0.000000000000000000 ) ) ;
#1858 = CARTESIAN_POINT ( 'NONE',  ( 62.20652884342100464, 46.50000000000000000, 4.499999999999944933 ) ) ;
#1859 = AXIS2_PLACEMENT_3D ( 'NONE', #5765, #398, #2236 ) ;
#1860 = ADVANCED_FACE ( 'NONE', ( #5895 ), #535, .F. ) ;
#1861 = EDGE_CURVE ( 'NONE', #2991, #5943, #1697, .T. ) ;
#1862 = ADVANCED_FACE ( 'NONE', ( #3006 ), #4693, .F. ) ;
#1863 = EDGE_LOOP ( 'NONE', ( #7685, #3367, #629, #28 ) ) ;
#1864 = FACE_OUTER_BOUND ( 'NONE', #4715, .T. ) ;
#1865 = DIRECTION ( 'NONE',  ( 0.04217025705071496267, 0.9991104390507971056, 0.000000000000000000 ) ) ;
#1866 = EDGE_CURVE ( 'NONE', #1791, #7566, #1274, .T. ) ;
#1867 = CARTESIAN_POINT ( 'NONE',  ( -58.20652884342099753, -42.00000000000000000, 5.000000000000000000 ) ) ;
#1868 = EDGE_CURVE ( 'NONE', #2046, #6111, #5354, .T. ) ;
#1869 = CARTESIAN_POINT ( 'NONE',  ( 8.601666049839581163, -9.698522628062329787, -5.000000000000000000 ) ) ;
#1870 = EDGE_LOOP ( 'NONE', ( #6095, #1777, #2351, #6329 ) ) ;
#1871 = CARTESIAN_POINT ( 'NONE',  ( 58.20652884342099753, -46.50000000000000000, 5.000000000000000000 ) ) ;
#1872 = ORIENTED_EDGE ( 'NONE', *, *, #472, .T. ) ;
#1873 = ORIENTED_EDGE ( 'NONE', *, *, #1760, .F. ) ;
#1874 = AXIS2_PLACEMENT_3D ( 'NONE', #650, #4106, #7711 ) ;
#1875 = DIRECTION ( 'NONE',  ( 0.8660254037844379305, -0.5000000000000011102, 0.000000000000000000 ) ) ;
#1876 = ORIENTED_EDGE ( 'NONE', *, *, #168, .F. ) ;
#1877 = EDGE_CURVE ( 'NONE', #7162, #1684, #6364, .T. ) ;
#1878 = VERTEX_POINT ( 'NONE', #1858 ) ;
#1879 = DIRECTION ( 'NONE',  ( 0.5000000000000099920, -0.8660254037844328234, 0.000000000000000000 ) ) ;
#1881 = EDGE_CURVE ( 'NONE', #3768, #6104, #2925, .T. ) ;
#1880 = AXIS2_PLACEMENT_3D ( 'NONE', #2738, #3889, #2660 ) ;
#1882 = DIRECTION ( 'NONE',  ( -1.000000000000000000, 0.000000000000000000, 0.000000000000000000 ) ) ;
#1883 = ORIENTED_EDGE ( 'NONE', *, *, #2966, .T. ) ;
#1884 = ORIENTED_EDGE ( 'NONE', *, *, #188, .T. ) ;
#1885 = DIRECTION ( 'NONE',  ( 0.000000000000000000, 0.000000000000000000, -1.000000000000000000 ) ) ;
#1886 = CARTESIAN_POINT ( 'NONE',  ( 58.20652884342099753, 46.50000000000000000, 3.799999999999999822 ) ) ;
#1887 = DATE_AND_TIME ( #1198, #546 ) ;
#1888 = EDGE_CURVE ( 'NONE', #2164, #2231, #4148, .T. ) ;
#1889 = ORIENTED_EDGE ( 'NONE', *, *, #6697, .T. ) ;
#1890 = CARTESIAN_POINT ( 'NONE',  ( -12.80006992841635949, -33.11205535492555185, -3.799999999999999822 ) ) ;
#1891 = DIRECTION ( 'NONE',  ( 0.000000000000000000, 0.000000000000000000, 1.000000000000000000 ) ) ;
#1892 = ORIENTED_EDGE ( 'NONE', *, *, #4638, .F. ) ;
#1893 = LINE ( 'NONE', #2520, #5232 ) ;
#1894 = CARTESIAN_POINT ( 'NONE',  ( -36.67431014136215595, -10.24588957259826039, -3.799999999999999822 ) ) ;
#1895 = DIRECTION ( 'NONE',  ( 0.000000000000000000, 0.000000000000000000, 1.000000000000000000 ) ) ;
#1896 = CONICAL_SURFACE ( 'NONE', #3401, 6.499999999999999112, 0.7853981633974602694 ) ;
#1897 = ORIENTED_EDGE ( 'NONE', *, *, #496, .T. ) ;
#1898 = VECTOR ( 'NONE', #4471, 1000.000000000000000 ) ;
#1899 = CARTESIAN_POINT ( 'NONE',  ( 12.74414409577097906, 1.527858637266509945, 3.799999999999999822 ) ) ;
#1900 = DIRECTION ( 'NONE',  ( 0.000000000000000000, 0.000000000000000000, -1.000000000000000000 ) ) ;
#1901 = EDGE_CURVE ( 'NONE', #6134, #4937, #3009, .T. ) ;
#1902 = CONTEXT_DEPENDENT_SHAPE_REPRESENTATION ( #4069, #7532 ) ;
#1903 = EDGE_CURVE ( 'NONE', #4937, #7087, #4259, .T. ) ;
#1904 = EDGE_CURVE ( 'NONE', #5154, #530, #1166, .T. ) ;
#1905 = PRODUCT_DEFINITION ( '未知', '', #1651, #1418 ) ;
#1906 = AXIS2_PLACEMENT_3D ( 'NONE', #7537, #952, #2978 ) ;
#1907 = CARTESIAN_POINT ( 'NONE',  ( 28.42252627758484707, -2.099999999999804690, -4.500000000000000000 ) ) ;
#1908 = VERTEX_POINT ( 'NONE', #6010 ) ;
#1909 = CARTESIAN_POINT ( 'NONE',  ( 0.000000000000000000, 0.000000000000000000, 3.799999999999999822 ) ) ;
#1910 = ORIENTED_EDGE ( 'NONE', *, *, #6750, .F. ) ;
#1911 = VERTEX_POINT ( 'NONE', #7669 ) ;
#1912 = VECTOR ( 'NONE', #7400, 1000.000000000000114 ) ;
#1913 = CARTESIAN_POINT ( 'NONE',  ( 8.601666049839590045, 9.698522628062329787, -5.000000000000000000 ) ) ;
#1914 = CC_DESIGN_SECURITY_CLASSIFICATION ( #3047, ( #1651 ) ) ;
#1915 = PRODUCT_DEFINITION ( '未知', '', #5552, #249 ) ;
#1916 = LINE ( 'NONE', #1841, #6038 ) ;
#1917 = CARTESIAN_POINT ( 'NONE',  ( 13.83473019803201964, -42.50000000000000000, 3.799999999999999822 ) ) ;
#1918 = ORIENTED_EDGE ( 'NONE', *, *, #3693, .T. ) ;
#1919 = VERTEX_POINT ( 'NONE', #5276 ) ;
#1920 = FACE_OUTER_BOUND ( 'NONE', #1667, .T. ) ;
#1921 = DIRECTION ( 'NONE',  ( -1.000000000000000000, 0.000000000000000000, 0.000000000000000000 ) ) ;
#1922 = AXIS2_PLACEMENT_3D ( 'NONE', #3365, #4530, #1470 ) ;
#1923 = DATE_TIME_ROLE ( 'classification_date' ) ;
#1924 = VECTOR ( 'NONE', #6284, 1000.000000000000000 ) ;
#1925 = ORIENTED_EDGE ( 'NONE', *, *, #803, .T. ) ;
#1926 = DIRECTION ( 'NONE',  ( -1.000000000000000000, -6.716849298982200225E-15, 0.000000000000000000 ) ) ;
#1927 = DIRECTION ( 'NONE',  ( -0.8660254037844380415, -0.5000000000000012212, 0.000000000000000000 ) ) ;
#1928 = AXIS2_PLACEMENT_3D ( 'NONE', #5269, #4686, #5347 ) ;
#1929 = ORIENTED_EDGE ( 'NONE', *, *, #4649, .F. ) ;
#1930 = DIRECTION ( 'NONE',  ( -0.6595425036758235660, -0.2549582041139528688, -0.7071067811865576758 ) ) ;
#1931 = DIRECTION ( 'NONE',  ( 0.000000000000000000, 0.000000000000000000, -1.000000000000000000 ) ) ;
#1932 = AXIS2_PLACEMENT_3D ( 'NONE', #335, #2723, #2168 ) ;
#1933 = CARTESIAN_POINT ( 'NONE',  ( -2.251666049839534889, -1.300000000000000044, 0.5999999999999999778 ) ) ;
#1934 = ORIENTED_EDGE ( 'NONE', *, *, #2446, .F. ) ;
#1935 = DIRECTION ( 'NONE',  ( 0.000000000000000000, 0.000000000000000000, -1.000000000000000000 ) ) ;
#1936 = DIRECTION ( 'NONE',  ( 0.000000000000000000, 0.000000000000000000, -1.000000000000000000 ) ) ;
#1937 = VECTOR ( 'NONE', #1005, 1000.000000000000000 ) ;
#1938 = DATE_AND_TIME ( #7385, #6419 ) ;
#1939 = DATE_AND_TIME ( #7315, #1035 ) ;
#1940 = ADVANCED_FACE ( 'NONE', ( #2964 ), #2378, .F. ) ;
#1941 = DIRECTION ( 'NONE',  ( 1.000000000000000000, -1.734723475976807094E-15, 0.000000000000000000 ) ) ;
#1942 = ORIENTED_EDGE ( 'NONE', *, *, #1222, .T. ) ;
#1943 = ADVANCED_FACE ( 'NONE', ( #2293 ), #5254, .F. ) ;
#1944 = DIRECTION ( 'NONE',  ( 0.000000000000000000, 0.000000000000000000, -1.000000000000000000 ) ) ;
#1945 = ORIENTED_EDGE ( 'NONE', *, *, #3742, .T. ) ;
#1946 = EDGE_LOOP ( 'NONE', ( #454, #4941, #2649, #5357 ) ) ;
#1947 = DIRECTION ( 'NONE',  ( 0.000000000000000000, 0.000000000000000000, 1.000000000000000000 ) ) ;
#1948 = ORIENTED_EDGE ( 'NONE', *, *, #7460, .T. ) ;
#1949 = EDGE_CURVE ( 'NONE', #7243, #7164, #2337, .T. ) ;
#1950 = ORIENTED_EDGE ( 'NONE', *, *, #2997, .T. ) ;
#1951 = DIRECTION ( 'NONE',  ( 0.000000000000000000, 0.000000000000000000, 1.000000000000000000 ) ) ;
#1952 = CARTESIAN_POINT ( 'NONE',  ( 12.74414409577097906, 1.527858637266509945, -3.799999999999999822 ) ) ;
#1953 = ORIENTED_EDGE ( 'NONE', *, *, #3548, .F. ) ;
#1954 = VERTEX_POINT ( 'NONE', #4193 ) ;
#1955 = CARTESIAN_POINT ( 'NONE',  ( 88.50000000000000000, 1.083812417245407954E-14, 5.000000000000000000 ) ) ;
#1956 = CARTESIAN_POINT ( 'NONE',  ( 0.000000000000000000, 0.000000000000000000, -5.000000000000000000 ) ) ;
#1957 = EDGE_CURVE ( 'NONE', #873, #3251, #6562, .T. ) ;
#1958 = APPROVAL_DATE_TIME ( #2555, #624 ) ;
#1959 = AXIS2_PLACEMENT_3D ( 'NONE', #7700, #439, #7617 ) ;
#1960 = EDGE_CURVE ( 'NONE', #4476, #1078, #73, .T. ) ;
#1961 = EDGE_LOOP ( 'NONE', ( #7704, #6225, #1057, #7250 ) ) ;
#1962 = CARTESIAN_POINT ( 'NONE',  ( 4.537564434701839566, 10.65929214352101972, 30.80087640576605068 ) ) ;
#1963 = FACE_OUTER_BOUND ( 'NONE', #357, .T. ) ;
#1964 = ORIENTED_EDGE ( 'NONE', *, *, #6929, .T. ) ;
#1965 = PLANE ( 'NONE',  #3236 ) ;
#1966 = CARTESIAN_POINT ( 'NONE',  ( 4.098333950160509609, -12.29852262806234009, -5.000000000000000000 ) ) ;
#1967 = VECTOR ( 'NONE', #4300, 1000.000000000000114 ) ;
#1968 = CARTESIAN_POINT ( 'NONE',  ( 10.00000000000000000, -42.50000000000000000, 4.500000000000000000 ) ) ;
#1969 = VECTOR ( 'NONE', #1488, 1000.000000000000114 ) ;
#1970 = AXIS2_PLACEMENT_3D ( 'NONE', #3079, #1855, #4334 ) ;
#1971 = ORIENTED_EDGE ( 'NONE', *, *, #7560, .F. ) ;
#1972 = FACE_BOUND ( 'NONE', #2022, .T. ) ;
#1973 = DIRECTION ( 'NONE',  ( 1.000000000000000000, 0.000000000000000000, 0.000000000000000000 ) ) ;
#1974 = EDGE_CURVE ( 'NONE', #6509, #1712, #3045, .T. ) ;
#1975 = DATE_TIME_ROLE ( 'classification_date' ) ;
#1976 = VECTOR ( 'NONE', #2829, 1000.000000000000000 ) ;
#1977 = LINE ( 'NONE', #4374, #1993 ) ;
#1978 = EDGE_CURVE ( 'NONE', #6960, #2503, #3845, .T. ) ;
#1979 = SHAPE_REPRESENTATION_RELATIONSHIP ( 'NONE' , 'NONE' ,  #7068, #6758 ) ;
#1980 = DIRECTION ( 'NONE',  ( 1.000000000000000000, 0.000000000000000000, 0.000000000000000000 ) ) ;
#1981 = ORIENTED_EDGE ( 'NONE', *, *, #7441, .T. ) ;
#1982 = VECTOR ( 'NONE', #529, 1000.000000000000000 ) ;
#1983 = LINE ( 'NONE', #7472, #4916 ) ;
#1984 = ORIENTED_EDGE ( 'NONE', *, *, #6546, .F. ) ;
#1985 = VERTEX_POINT ( 'NONE', #104 ) ;
#1986 = DIRECTION ( 'NONE',  ( 1.000000000000000000, 0.000000000000000000, 0.000000000000000000 ) ) ;
#1987 = ORIENTED_EDGE ( 'NONE', *, *, #5382, .F. ) ;
#1988 = CARTESIAN_POINT ( 'NONE',  ( -13.83473019803201964, 42.50000000000000000, 4.500000000000000000 ) ) ;
#1989 = CARTESIAN_POINT ( 'NONE',  ( 62.20652884342100464, -46.50000000000000000, 3.799999999999999822 ) ) ;
#1990 = DIRECTION ( 'NONE',  ( 0.04217025705071829333, 0.9991104390507968835, 0.000000000000000000 ) ) ;
#1991 = ORIENTED_EDGE ( 'NONE', *, *, #6027, .F. ) ;
#1992 = EDGE_LOOP ( 'NONE', ( #3713, #2939 ) ) ;
#1993 = VECTOR ( 'NONE', #2250, 1000.000000000000114 ) ;
#1994 = CARTESIAN_POINT ( 'NONE',  ( 0.000000000000000000, 0.000000000000000000, 5.000000000000000000 ) ) ;
#1995 = EDGE_CURVE ( 'NONE', #6367, #3095, #5970, .T. ) ;
#1996 = DIRECTION ( 'NONE',  ( 0.000000000000000000, 0.000000000000000000, -1.000000000000000000 ) ) ;
#1997 = AXIS2_PLACEMENT_3D ( 'NONE', #673, #7255, #5492 ) ;
#1998 = ORIENTED_EDGE ( 'NONE', *, *, #813, .T. ) ;
#1999 = CARTESIAN_POINT ( 'NONE',  ( -8.808915324408838288, 70.71953709566709279, -4.500000000000000000 ) ) ;
#2000 = CC_DESIGN_PERSON_AND_ORGANIZATION_ASSIGNMENT ( #3703, #5385, ( #6400 ) ) ;
#2001 = FACE_OUTER_BOUND ( 'NONE', #5381, .T. ) ;
#2002 = EDGE_LOOP ( 'NONE', ( #6930, #5712, #6415, #7355 ) ) ;
#2003 = CARTESIAN_POINT ( 'NONE',  ( -70.97255863797140307, -14.80357795871386095, -5.000000000000000000 ) ) ;
#2004 = FACE_OUTER_BOUND ( 'NONE', #429, .T. ) ;
#2005 = DIRECTION ( 'NONE',  ( 0.9991104390507973276, -0.04217025705070801683, 0.000000000000000000 ) ) ;
#2006 = ORIENTED_EDGE ( 'NONE', *, *, #2454, .T. ) ;
#2007 = CARTESIAN_POINT ( 'NONE',  ( 6.962435565298259910, 9.259292143521010487, 30.80087640576605068 ) ) ;
#2008 = CARTESIAN_POINT ( 'NONE',  ( -2.251666049839540218, 1.300000000000014033, 0.5999999999999999778 ) ) ;
#2009 = DIRECTION ( 'NONE',  ( 0.000000000000000000, 0.000000000000000000, 1.000000000000000000 ) ) ;
#2010 = COORDINATED_UNIVERSAL_TIME_OFFSET ( 8, 0, .AHEAD. ) ;
#2011 = CIRCLE ( 'NONE', #891, 4.499999999999999112 ) ;
#2012 = FACE_BOUND ( 'NONE', #723, .T. ) ;
#2013 = EDGE_CURVE ( 'NONE', #2704, #4199, #7054, .T. ) ;
#2014 = CIRCLE ( 'NONE', #2138, 1.600000000000004086 ) ;
#2015 = CARTESIAN_POINT ( 'NONE',  ( 28.75675633182089896, -2.099999999999799805, -4.833329469438149673 ) ) ;
#2016 = VERTEX_POINT ( 'NONE', #2327 ) ;
#2017 = FACE_OUTER_BOUND ( 'NONE', #4747, .T. ) ;
#2018 = ORIENTED_EDGE ( 'NONE', *, *, #6989, .T. ) ;
#2019 = EDGE_LOOP ( 'NONE', ( #918, #1786, #1090, #1360 ) ) ;
#2020 = VECTOR ( 'NONE', #4384, 1000.000000000000114 ) ;
#2021 = DIRECTION ( 'NONE',  ( -0.1443822118680050393, -0.6922093447044201930, 0.7071067811865331398 ) ) ;
#2022 = EDGE_LOOP ( 'NONE', ( #2914, #646, #5594, #4931, #4278, #2812, #2141, #5591, #6154 ) ) ;
#2023 = LOCAL_TIME ( 15, 19, 25.00000000000000000, #1117 ) ;
#2024 = DIRECTION ( 'NONE',  ( 1.000000000000000000, 0.000000000000000000, 0.000000000000000000 ) ) ;
#2025 = CARTESIAN_POINT ( 'NONE',  ( 88.50000000000000000, 1.083812417245407954E-14, -5.000000000000000000 ) ) ;
#2026 = CARTESIAN_POINT ( 'NONE',  ( -14.24233132880129915, 36.84299116956504605, -0.5999999999999999778 ) ) ;
#2027 = ORIENTED_EDGE ( 'NONE', *, *, #2441, .T. ) ;
#2028 = ORIENTED_EDGE ( 'NONE', *, *, #6839, .T. ) ;
#2029 = VECTOR ( 'NONE', #5351, 1000.000000000000114 ) ;
#2030 = DIRECTION ( 'NONE',  ( 0.000000000000000000, 0.000000000000000000, -1.000000000000000000 ) ) ;
#2031 = DIRECTION ( 'NONE',  ( 1.000000000000000000, 0.000000000000000000, 0.000000000000000000 ) ) ;
#2032 = CC_DESIGN_APPROVAL ( #4548, ( #5428 ) ) ;
#2033 = CIRCLE ( 'NONE', #6165, 6.500000000000005329 ) ;
#2034 = ORIENTED_EDGE ( 'NONE', *, *, #5263, .F. ) ;
#2035 = EDGE_CURVE ( 'NONE', #3967, #3530, #3724, .T. ) ;
#2036 = FACE_OUTER_BOUND ( 'NONE', #3739, .T. ) ;
#2037 = DIRECTION ( 'NONE',  ( 0.000000000000000000, 0.000000000000000000, -1.000000000000000000 ) ) ;
#2038 = ORIENTED_EDGE ( 'NONE', *, *, #4200, .F. ) ;
#2039 = CC_DESIGN_SECURITY_CLASSIFICATION ( #5434, ( #7756 ) ) ;
#2040 = DIRECTION ( 'NONE',  ( -0.5000000000000099920, 0.8660254037844328234, 0.000000000000000000 ) ) ;
#2041 = CARTESIAN_POINT ( 'NONE',  ( 4.386155779809904232, 4.797044660542590933, 30.80087640576605068 ) ) ;
#2042 = EDGE_CURVE ( 'NONE', #5126, #170, #1114, .T. ) ;
#2043 = DIRECTION ( 'NONE',  ( 0.000000000000000000, 0.000000000000000000, -1.000000000000000000 ) ) ;
#2044 = CONICAL_SURFACE ( 'NONE', #3190, 29.00000000000000000, 0.7853981633974659315 ) ;
#2045 = VECTOR ( 'NONE', #1851, 1000.000000000000000 ) ;
#2046 = VERTEX_POINT ( 'NONE', #6505 ) ;
#2047 = EDGE_CURVE ( 'NONE', #5557, #4805, #3587, .T. ) ;
#2048 = DIRECTION ( 'NONE',  ( 1.000000000000000000, 0.000000000000000000, 0.000000000000000000 ) ) ;
#2049 = CARTESIAN_POINT ( 'NONE',  ( -7.247758274114829646, 2.600000000000000089, -0.5999999999999999778 ) ) ;
#2050 = CARTESIAN_POINT ( 'NONE',  ( 6.962435565298249251, -9.259292143521021146, 5.000000000000000000 ) ) ;
#2051 = APPLICATION_CONTEXT ( 'configuration controlled 3d designs of mechanical parts and assemblies' ) ;
#2052 = VECTOR ( 'NONE', #3474, 1000.000000000000000 ) ;
#2053 = AXIS2_PLACEMENT_3D ( 'NONE', #2026, #2143, #5714 ) ;
#2054 = CALENDAR_DATE ( 2026, 9, 8 ) ;
#2055 = DIRECTION ( 'NONE',  ( 0.000000000000000000, 0.000000000000000000, 1.000000000000000000 ) ) ;
#2056 = EDGE_CURVE ( 'NONE', #382, #2058, #4679, .T. ) ;
#2057 = CARTESIAN_POINT ( 'NONE',  ( 14.24233132880129915, -36.84299116956504605, -5.000000000000000000 ) ) ;
#2058 = VERTEX_POINT ( 'NONE', #5960 ) ;
#2059 = CARTESIAN_POINT ( 'NONE',  ( -70.97255863797140307, 14.80357795871386095, -3.799999999999999822 ) ) ;
#2060 = ORIENTED_EDGE ( 'NONE', *, *, #5554, .F. ) ;
#2061 = ORIENTED_EDGE ( 'NONE', *, *, #1067, .T. ) ;
#2062 = CARTESIAN_POINT ( 'NONE',  ( -16.02870165184855011, -76.84614969766559511, -4.500000000000000000 ) ) ;
#2063 = DIRECTION ( 'NONE',  ( 1.000000000000000000, 0.000000000000000000, 0.000000000000000000 ) ) ;
#2064 = ORIENTED_EDGE ( 'NONE', *, *, #3813, .T. ) ;
#2065 = FACE_BOUND ( 'NONE', #5706, .T. ) ;
#2066 = DIRECTION ( 'NONE',  ( 0.000000000000000000, 0.000000000000000000, -1.000000000000000000 ) ) ;
#2067 = ORIENTED_EDGE ( 'NONE', *, *, #6181, .T. ) ;
#2068 = ORIENTED_EDGE ( 'NONE', *, *, #1143, .F. ) ;
#2069 = EDGE_CURVE ( 'NONE', #3584, #736, #1687, .T. ) ;
#2070 = ADVANCED_FACE ( 'NONE', ( #3546 ), #2909, .F. ) ;
#2071 = LINE ( 'NONE', #1482, #642 ) ;
#2072 = CARTESIAN_POINT ( 'NONE',  ( 5.875545186896980354, -4.976742785872269259, 5.000000000000000000 ) ) ;
#2073 = ORIENTED_EDGE ( 'NONE', *, *, #4495, .F. ) ;
#2074 = DIRECTION ( 'NONE',  ( 8.500145032286349714E-14, -1.000000000000000000, 0.000000000000000000 ) ) ;
#2075 = DIRECTION ( 'NONE',  ( -1.000000000000000000, 3.885780586188044933E-16, 0.000000000000000000 ) ) ;
#2076 = ORIENTED_EDGE ( 'NONE', *, *, #1464, .F. ) ;
#2077 = LINE ( 'NONE', #4477, #3741 ) ;
#2078 = DIRECTION ( 'NONE',  ( -6.716849298982200225E-15, 1.000000000000000000, 0.000000000000000000 ) ) ;
#2079 = VECTOR ( 'NONE', #2938, 1000.000000000000114 ) ;
#2080 = DIRECTION ( 'NONE',  ( -0.04217025705071829333, -0.9991104390507968835, 0.000000000000000000 ) ) ;
#2081 = ORIENTED_EDGE ( 'NONE', *, *, #188, .F. ) ;
#2082 = AXIS2_PLACEMENT_3D ( 'NONE', #3755, #2092, #1980 ) ;
#2083 = CARTESIAN_POINT ( 'NONE',  ( 14.80357795871312021, 70.97255863797150255, -5.000000000000000000 ) ) ;
#2084 = CIRCLE ( 'NONE', #4732, 35.50000000000000000 ) ;
#2085 = DIRECTION ( 'NONE',  ( 0.000000000000000000, 0.000000000000000000, -1.000000000000000000 ) ) ;
#2086 = DIRECTION ( 'NONE',  ( 1.000000000000000000, 0.000000000000000000, 0.000000000000000000 ) ) ;
#2087 = AXIS2_PLACEMENT_3D ( 'NONE', #7534, #2195, #6933 ) ;
#2088 = CYLINDRICAL_SURFACE ( 'NONE', #4498, 35.50000000000000000 ) ;
#2089 = EDGE_CURVE ( 'NONE', #1725, #6963, #2590, .T. ) ;
#2090 = ADVANCED_FACE ( 'NONE', ( #1727 ), #6829, .F. ) ;
#2091 = AXIS2_PLACEMENT_3D ( 'NONE', #3596, #5968, #6513 ) ;
#2092 = DIRECTION ( 'NONE',  ( 0.000000000000000000, 0.000000000000000000, 1.000000000000000000 ) ) ;
#2093 = ORIENTED_EDGE ( 'NONE', *, *, #1837, .T. ) ;
#2094 = AXIS2_PLACEMENT_3D ( 'NONE', #1640, #1767, #4053 ) ;
#2095 = EDGE_CURVE ( 'NONE', #1552, #682, #6465, .T. ) ;
#2096 = PLANE ( 'NONE',  #7294 ) ;
#2097 = EDGE_LOOP ( 'NONE', ( #7246, #5059, #518, #4758 ) ) ;
#2098 = ORIENTED_EDGE ( 'NONE', *, *, #4104, .T. ) ;
#2099 = LINE ( 'NONE', #4496, #5293 ) ;
#2100 = AXIS2_PLACEMENT_3D ( 'NONE', #6555, #1819, #4221 ) ;
#2101 = CARTESIAN_POINT ( 'NONE',  ( -14.80357795871362114, 70.97255863797140307, 5.000000000000000000 ) ) ;
#2102 = ORIENTED_EDGE ( 'NONE', *, *, #110, .F. ) ;
#2103 = CARTESIAN_POINT ( 'NONE',  ( -10.36068798139389990, 33.95447164295450193, -0.5999999999999999778 ) ) ;
#2104 = DIRECTION ( 'NONE',  ( 0.000000000000000000, 0.000000000000000000, -1.000000000000000000 ) ) ;
#2105 = ORIENTED_EDGE ( 'NONE', *, *, #4403, .F. ) ;
#2106 = ORIENTED_EDGE ( 'NONE', *, *, #5689, .F. ) ;
#2107 = CARTESIAN_POINT ( 'NONE',  ( 0.000000000000000000, 0.000000000000000000, 0.5999999999999999778 ) ) ;
#2108 = CARTESIAN_POINT ( 'NONE',  ( 70.71953709566709279, -8.808915324409088754, -4.500000000000000000 ) ) ;
#2109 = EDGE_CURVE ( 'NONE', #2779, #3695, #482, .T. ) ;
#2110 = EDGE_CURVE ( 'NONE', #1725, #3100, #2954, .T. ) ;
#2111 = ORIENTED_EDGE ( 'NONE', *, *, #5454, .T. ) ;
#2112 = PRODUCT_DEFINITION_SHAPE ( 'NONE', 'NONE',  #6400 ) ;
#2113 = DIRECTION ( 'NONE',  ( -0.9991104390507971056, 0.04217025705071496267, 0.000000000000000000 ) ) ;
#2114 = VECTOR ( 'NONE', #1500, 1000.000000000000114 ) ;
#2115 = CARTESIAN_POINT ( 'NONE',  ( 0.000000000000000000, 0.000000000000000000, -0.5999999999999999778 ) ) ;
#2116 = VERTEX_POINT ( 'NONE', #7738 ) ;
#2117 = DIRECTION ( 'NONE',  ( -0.8660254037844381525, -0.5000000000000007772, 0.000000000000000000 ) ) ;
#2118 = DIRECTION ( 'NONE',  ( 1.000000000000000000, 0.000000000000000000, 0.000000000000000000 ) ) ;
#2119 = ADVANCED_FACE ( 'NONE', ( #4177 ), #4631, .F. ) ;
#2120 = CARTESIAN_POINT ( 'NONE',  ( -14.80357795871362114, -70.97255863797140307, -5.000000000000000000 ) ) ;
#2121 = AXIS2_PLACEMENT_3D ( 'NONE', #6883, #1515, #5051 ) ;
#2122 = EDGE_LOOP ( 'NONE', ( #2018, #2931, #1062, #3351, #3078, #4653, #134, #2755, #5932, #5975 ) ) ;
#2123 = CARTESIAN_POINT ( 'NONE',  ( 8.803577958713120211, 70.97255863797150255, -4.499999999999944933 ) ) ;
#2124 = DIRECTION ( 'NONE',  ( 0.5000000000000007772, -0.8660254037844381525, 0.000000000000000000 ) ) ;
#2125 = DIRECTION ( 'NONE',  ( 0.7071067811865300312, 0.000000000000000000, 0.7071067811865650032 ) ) ;
#2126 = DIRECTION ( 'NONE',  ( 0.000000000000000000, 0.000000000000000000, 1.000000000000000000 ) ) ;
#2127 = VECTOR ( 'NONE', #2148, 1000.000000000000114 ) ;
#2128 = DIRECTION ( 'NONE',  ( -0.7071067811865441310, 8.659560562354900811E-17, 0.7071067811865510144 ) ) ;
#2129 = AXIS2_PLACEMENT_3D ( 'NONE', #4829, #639, #7295 ) ;
#2130 = VECTOR ( 'NONE', #1349, 1000.000000000000000 ) ;
#2131 = DIRECTION ( 'NONE',  ( 0.000000000000000000, 0.000000000000000000, 1.000000000000000000 ) ) ;
#2132 = EDGE_CURVE ( 'NONE', #2782, #7254, #2239, .T. ) ;
#2133 = DIRECTION ( 'NONE',  ( 0.5000000000000007772, -0.8660254037844381525, 0.000000000000000000 ) ) ;
#2134 = ORIENTED_EDGE ( 'NONE', *, *, #1511, .T. ) ;
#2135 = ORIENTED_EDGE ( 'NONE', *, *, #6017, .F. ) ;
#2136 = ADVANCED_FACE ( 'NONE', ( #5261 ), #5343, .F. ) ;
#2137 = DIRECTION ( 'NONE',  ( -0.5000000000000011102, -0.8660254037844379305, 0.000000000000000000 ) ) ;
#2138 = AXIS2_PLACEMENT_3D ( 'NONE', #4250, #6506, #4216 ) ;
#2139 = CC_DESIGN_PERSON_AND_ORGANIZATION_ASSIGNMENT ( #2832, #3509, ( #3047 ) ) ;
#2140 = DIRECTION ( 'NONE',  ( 0.7071067811865441310, 0.000000000000000000, 0.7071067811865510144 ) ) ;
#2141 = ORIENTED_EDGE ( 'NONE', *, *, #2386, .F. ) ;
#2142 = LINE ( 'NONE', #2224, #4232 ) ;
#2143 = DIRECTION ( 'NONE',  ( 0.000000000000000000, 0.000000000000000000, -1.000000000000000000 ) ) ;
#2144 = ORIENTED_EDGE ( 'NONE', *, *, #7048, .T. ) ;
#2145 = ORIENTED_EDGE ( 'NONE', *, *, #4338, .T. ) ;
#2146 = AXIS2_PLACEMENT_3D ( 'NONE', #2478, #1303, #5494 ) ;
#2147 = ORIENTED_EDGE ( 'NONE', *, *, #1658, .T. ) ;
#2148 = DIRECTION ( 'NONE',  ( -0.5000000000000011102, -0.8660254037844379305, 0.000000000000000000 ) ) ;
#2149 = CARTESIAN_POINT ( 'NONE',  ( 29.50000000000000000, 0.000000000000000000, -3.299999999999999822 ) ) ;
#2150 = CIRCLE ( 'NONE', #5036, 29.00000000000000000 ) ;
#2151 = CC_DESIGN_PERSON_AND_ORGANIZATION_ASSIGNMENT ( #1654, #5275, ( #5552 ) ) ;
#2152 = AXIS2_PLACEMENT_3D ( 'NONE', #1545, #6406, #3368 ) ;
#2153 = VERTEX_POINT ( 'NONE', #2364 ) ;
#2154 = DIRECTION ( 'NONE',  ( 0.000000000000000000, 0.000000000000000000, 1.000000000000000000 ) ) ;
#2155 = CARTESIAN_POINT ( 'NONE',  ( 13.83473019803201964, 46.50000000000000000, 0.5999999999999999778 ) ) ;
#2156 = AXIS2_PLACEMENT_3D ( 'NONE', #6705, #5026, #5065 ) ;
#2157 = VERTEX_POINT ( 'NONE', #4760 ) ;
#2158 = EDGE_CURVE ( 'NONE', #5566, #6912, #7219, .T. ) ;
#2159 = CARTESIAN_POINT ( 'NONE',  ( 29.20453601124035004, -0.4780010011199599673, 20.52733730540035140 ) ) ;
#2160 = CYLINDRICAL_SURFACE ( 'NONE', #7160, 28.50000000000000000 ) ;
#2161 = DIRECTION ( 'NONE',  ( -0.1443822118679995714, -0.6922093447043919934, -0.7071067811865618946 ) ) ;
#2162 = DIRECTION ( 'NONE',  ( 1.000000000000000000, 0.000000000000000000, 0.000000000000000000 ) ) ;
#2163 = FACE_OUTER_BOUND ( 'NONE', #2953, .T. ) ;
#2164 = VERTEX_POINT ( 'NONE', #603 ) ;
#2165 = CARTESIAN_POINT ( 'NONE',  ( 1.818653347947325027, -1.050000000000000044, 0.5999999999999999778 ) ) ;
#2166 = DIRECTION ( 'NONE',  ( 1.000000000000000000, -1.734723475976808672E-15, 0.000000000000000000 ) ) ;
#2167 = CARTESIAN_POINT ( 'NONE',  ( 88.50000000000000000, 1.083812417245407954E-14, 5.000000000000000000 ) ) ;
#2168 = DIRECTION ( 'NONE',  ( 1.000000000000000000, 0.000000000000000000, 0.000000000000000000 ) ) ;
#2169 = APPROVAL_ROLE ( '' ) ;
#2170 = DIRECTION ( 'NONE',  ( 1.000000000000000000, 0.000000000000000000, 0.000000000000000000 ) ) ;
#2171 = EDGE_CURVE ( 'NONE', #4371, #6805, #4586, .T. ) ;
#2172 = CC_DESIGN_APPROVAL ( #3215, ( #5434 ) ) ;
#2173 = AXIS2_PLACEMENT_3D ( 'NONE', #6521, #3008, #6676 ) ;
#2174 = AXIS2_PLACEMENT_3D ( 'NONE', #6921, #5751, #6996 ) ;
#2175 = CARTESIAN_POINT ( 'NONE',  ( 0.000000000000000000, 0.000000000000000000, -5.000000000000000000 ) ) ;
#2176 = DIRECTION ( 'NONE',  ( -1.000000000000000000, 7.771561172376090853E-16, 0.000000000000000000 ) ) ;
#2177 = ORIENTED_EDGE ( 'NONE', *, *, #6603, .T. ) ;
#2178 = VERTEX_POINT ( 'NONE', #4657 ) ;
#2179 = CARTESIAN_POINT ( 'NONE',  ( 4.098333950160519379, 12.29852262806234009, 5.000000000000000000 ) ) ;
#2180 = EDGE_CURVE ( 'NONE', #1471, #3605, #6205, .T. ) ;
#2181 = EDGE_CURVE ( 'NONE', #6726, #6611, #4743, .T. ) ;
#2182 = FACE_OUTER_BOUND ( 'NONE', #7327, .T. ) ;
#2183 = ORIENTED_EDGE ( 'NONE', *, *, #1065, .F. ) ;
#2184 = CARTESIAN_POINT ( 'NONE',  ( 0.000000000000000000, 0.000000000000000000, 3.799999999999999822 ) ) ;
#2185 = DIRECTION ( 'NONE',  ( 1.000000000000000000, 0.000000000000000000, 0.000000000000000000 ) ) ;
#2186 = ORIENTED_EDGE ( 'NONE', *, *, #5223, .F. ) ;
#2187 = VERTEX_POINT ( 'NONE', #1708 ) ;
#2188 = CARTESIAN_POINT ( 'NONE',  ( 62.20652884342100464, -46.50000000000000000, 0.5999999999999999778 ) ) ;
#2189 = DIRECTION ( 'NONE',  ( 0.000000000000000000, 0.000000000000000000, -1.000000000000000000 ) ) ;
#2190 = EDGE_CURVE ( 'NONE', #5676, #3651, #6959, .T. ) ;
#2191 = EDGE_CURVE ( 'NONE', #6509, #7287, #5748, .T. ) ;
#2192 = EDGE_CURVE ( 'NONE', #4199, #5281, #4080, .T. ) ;
#2193 = DIRECTION ( 'NONE',  ( 0.000000000000000000, 0.000000000000000000, -1.000000000000000000 ) ) ;
#2194 = CARTESIAN_POINT ( 'NONE',  ( 0.000000000000000000, 0.000000000000000000, -5.000000000000000000 ) ) ;
#2195 = DIRECTION ( 'NONE',  ( 0.000000000000000000, 0.000000000000000000, 1.000000000000000000 ) ) ;
#2196 = ORIENTED_EDGE ( 'NONE', *, *, #10, .T. ) ;
#2197 = DIRECTION ( 'NONE',  ( -1.000000000000000000, 0.000000000000000000, 0.000000000000000000 ) ) ;
#2198 = DIRECTION ( 'NONE',  ( 1.000000000000000000, 1.734723475976805517E-15, 0.000000000000000000 ) ) ;
#2199 = EDGE_CURVE ( 'NONE', #6557, #7103, #547, .T. ) ;
#2200 = CARTESIAN_POINT ( 'NONE',  ( -76.84614969766559511, 16.02870165184879880, -4.500000000000000000 ) ) ;
#2201 = PERSON_AND_ORGANIZATION ( #2664, #7165 ) ;
#2202 = ADVANCED_FACE ( 'NONE', ( #4034 ), #381, .T. ) ;
#2203 = EDGE_LOOP ( 'NONE', ( #7366, #3300, #7359, #5268 ) ) ;
#2204 = DIRECTION ( 'NONE',  ( 1.000000000000000000, 0.000000000000000000, 0.000000000000000000 ) ) ;
#2205 = CARTESIAN_POINT ( 'NONE',  ( 14.24233132880129915, -36.84299116956504605, -3.799999999999999822 ) ) ;
#2206 = DIRECTION ( 'NONE',  ( 0.000000000000000000, 0.000000000000000000, -1.000000000000000000 ) ) ;
#2207 = LINE ( 'NONE', #4602, #430 ) ;
#2208 = PERSON_AND_ORGANIZATION ( #2664, #7165 ) ;
#2209 = DIRECTION ( 'NONE',  ( 0.000000000000000000, 0.000000000000000000, -1.000000000000000000 ) ) ;
#2210 = ADVANCED_FACE ( 'NONE', ( #6993 ), #4845, .F. ) ;
#2211 = AXIS2_PLACEMENT_3D ( 'NONE', #4817, #7204, #6607 ) ;
#2212 = EDGE_CURVE ( 'NONE', #873, #158, #5963, .T. ) ;
#2213 = AXIS2_PLACEMENT_3D ( 'NONE', #5806, #2827, #5842 ) ;
#2214 = CARTESIAN_POINT ( 'NONE',  ( 0.000000000000000000, 0.000000000000000000, -0.5999999999999999778 ) ) ;
#2215 = CARTESIAN_POINT ( 'NONE',  ( 13.83473019803201964, 42.00000000000000000, 5.000000000000000000 ) ) ;
#2216 = VERTEX_POINT ( 'NONE', #2346 ) ;
#2217 = EDGE_LOOP ( 'NONE', ( #7481, #6197, #3503, #785 ) ) ;
#2218 = VECTOR ( 'NONE', #3948, 1000.000000000000000 ) ;
#2219 = DIRECTION ( 'NONE',  ( -0.04217025705072553754, 0.9991104390507966615, 0.000000000000000000 ) ) ;
#2220 = EDGE_CURVE ( 'NONE', #1442, #255, #5352, .T. ) ;
#2221 = CONICAL_SURFACE ( 'NONE', #6602, 6.499999999999999112, 0.7853981633974574939 ) ;
#2222 = DIRECTION ( 'NONE',  ( 0.000000000000000000, -0.7071067811865330288, 0.7071067811865621167 ) ) ;
#2223 = ORIENTED_EDGE ( 'NONE', *, *, #707, .F. ) ;
#2224 = CARTESIAN_POINT ( 'NONE',  ( 62.20652884342100464, 46.50000000000000000, 0.5999999999999999778 ) ) ;
#2225 = CARTESIAN_POINT ( 'NONE',  ( 4.098333950160519379, 12.29852262806234009, 30.80087640576605068 ) ) ;
#2226 = ORIENTED_EDGE ( 'NONE', *, *, #7286, .F. ) ;
#2227 = ORIENTED_EDGE ( 'NONE', *, *, #6989, .F. ) ;
#2228 = ORIENTED_EDGE ( 'NONE', *, *, #6027, .T. ) ;
#2229 = DIRECTION ( 'NONE',  ( 0.02981887472494015867, -0.7064777666070800599, 0.7071067811865550112 ) ) ;
#2230 = CARTESIAN_POINT ( 'NONE',  ( -12.64327944127586001, 26.09880236658020181, 5.000000000000000000 ) ) ;
#2231 = VERTEX_POINT ( 'NONE', #1624 ) ;
#2232 = LINE ( 'NONE', #7612, #920 ) ;
#2233 = LINE ( 'NONE', #6307, #3101 ) ;
#2234 = EDGE_CURVE ( 'NONE', #7099, #6686, #7119, .T. ) ;
#2235 = ORIENTED_EDGE ( 'NONE', *, *, #437, .T. ) ;
#2236 = DIRECTION ( 'NONE',  ( 1.000000000000000000, 0.000000000000000000, 0.000000000000000000 ) ) ;
#2237 = EDGE_CURVE ( 'NONE', #4038, #2448, #2308, .T. ) ;
#2238 = CONICAL_SURFACE ( 'NONE', #3369, 29.00000000000000000, 0.7853981633974617127 ) ;
#2239 = LINE ( 'NONE', #1227, #1835 ) ;
#2240 = DIRECTION ( 'NONE',  ( -1.000000000000000000, 0.000000000000000000, 0.000000000000000000 ) ) ;
#2241 = SHAPE_DEFINITION_REPRESENTATION ( #3381, #121 ) ;
#2242 = APPROVAL ( #403, '未指定' ) ;
#2243 = ORIENTED_EDGE ( 'NONE', *, *, #7076, .T. ) ;
#2244 = CARTESIAN_POINT ( 'NONE',  ( 1.372213087217910132, 7.576742785872299990, 30.80087640576605068 ) ) ;
#2245 = CARTESIAN_POINT ( 'NONE',  ( 27.62367946251699991, -6.851579106325129231, 3.799999999999999822 ) ) ;
#2246 = ORIENTED_EDGE ( 'NONE', *, *, #5697, .T. ) ;
#2247 = DIRECTION ( 'NONE',  ( 0.000000000000000000, 0.000000000000000000, -1.000000000000000000 ) ) ;
#2248 = CARTESIAN_POINT ( 'NONE',  ( -1.818653347947319920, 1.050000000000000044, -0.5999999999999999778 ) ) ;
#2249 = COORDINATED_UNIVERSAL_TIME_OFFSET ( 8, 0, .AHEAD. ) ;
#2250 = DIRECTION ( 'NONE',  ( 0.04217025705071845293, 0.9991104390507968835, 0.000000000000000000 ) ) ;
#2251 = ORIENTED_EDGE ( 'NONE', *, *, #692, .T. ) ;
#2252 = CIRCLE ( 'NONE', #4771, 29.00000000000000000 ) ;
#2253 = CARTESIAN_POINT ( 'NONE',  ( -16.13079529294310177, -77.33561561930680739, -5.000000000000000000 ) ) ;
#2254 = DIRECTION ( 'NONE',  ( -1.000000000000000000, 0.000000000000000000, 0.000000000000000000 ) ) ;
#2255 = EDGE_CURVE ( 'NONE', #5298, #4206, #5083, .T. ) ;
#2256 = VERTEX_POINT ( 'NONE', #5865 ) ;
#2257 = ORIENTED_EDGE ( 'NONE', *, *, #1077, .F. ) ;
#2258 = VECTOR ( 'NONE', #7451, 1000.000000000000000 ) ;
#2259 = LINE ( 'NONE', #309, #781 ) ;
#2260 = DIRECTION ( 'NONE',  ( 1.000000000000000000, 0.000000000000000000, 0.000000000000000000 ) ) ;
#2261 = VERTEX_POINT ( 'NONE', #3451 ) ;
#2262 = DIRECTION ( 'NONE',  ( 0.000000000000000000, 0.000000000000000000, 1.000000000000000000 ) ) ;
#2263 = CARTESIAN_POINT ( 'NONE',  ( -70.69845196714169333, 8.309360104883719345, -5.000000000000000000 ) ) ;
#2264 = ORIENTED_EDGE ( 'NONE', *, *, #5309, .T. ) ;
#2265 = ORIENTED_EDGE ( 'NONE', *, *, #6642, .F. ) ;
#2266 = CYLINDRICAL_SURFACE ( 'NONE', #2891, 4.000000000000001776 ) ;
#2267 = AXIS2_PLACEMENT_3D ( 'NONE', #3234, #1492, #801 ) ;
#2268 = FACE_OUTER_BOUND ( 'NONE', #6185, .T. ) ;
#2269 = ORIENTED_EDGE ( 'NONE', *, *, #6032, .F. ) ;
#2270 = AXIS2_PLACEMENT_3D ( 'NONE', #7256, #3032, #1228 ) ;
#2271 = DIRECTION ( 'NONE',  ( -0.4999999999999995004, -0.8660254037844390407, 0.000000000000000000 ) ) ;
#2272 = CARTESIAN_POINT ( 'NONE',  ( 70.69845196714169333, -8.309360104883719345, -5.000000000000000000 ) ) ;
#2273 = VERTEX_POINT ( 'NONE', #460 ) ;
#2274 = CARTESIAN_POINT ( 'NONE',  ( 6.962435565298249251, -9.259292143521021146, 30.80087640576605068 ) ) ;
#2275 = EDGE_LOOP ( 'NONE', ( #1215, #4162, #6543, #6880 ) ) ;
#2276 = CARTESIAN_POINT ( 'NONE',  ( 0.000000000000000000, 0.000000000000000000, -0.5999999999999999778 ) ) ;
#2277 = LINE ( 'NONE', #1564, #2523 ) ;
#2278 = VECTOR ( 'NONE', #7395, 1000.000000000000000 ) ;
#2279 = SECURITY_CLASSIFICATION_LEVEL ( 'unclassified' ) ;
#2280 = ADVANCED_FACE ( 'NONE', ( #2182 ), #2852, .F. ) ;
#2281 = ADVANCED_FACE ( 'NONE', ( #505 ), #2894, .T. ) ;
#2282 = CIRCLE ( 'NONE', #4176, 4.000000000000003553 ) ;
#2283 = EDGE_LOOP ( 'NONE', ( #5013, #1006, #6723, #1639, #35, #4135, #6693, #3784, #1566, #5029, #827, #7007, #5259, #4390 ) ) ;
#2284 = CARTESIAN_POINT ( 'NONE',  ( 0.000000000000000000, 0.000000000000000000, -3.799999999999999822 ) ) ;
#2285 = EDGE_CURVE ( 'NONE', #1260, #1620, #6488, .T. ) ;
#2286 = DIRECTION ( 'NONE',  ( -0.5524594799263570222, 0.4413485278546874779, -0.7071067811865470176 ) ) ;
#2287 = ORIENTED_EDGE ( 'NONE', *, *, #2673, .T. ) ;
#2288 =( GEOMETRIC_REPRESENTATION_CONTEXT ( 3 ) GLOBAL_UNCERTAINTY_ASSIGNED_CONTEXT ( ( #1449 ) ) GLOBAL_UNIT_ASSIGNED_CONTEXT ( ( #2459, #7202, #2423 ) ) REPRESENTATION_CONTEXT ( 'NONE', 'WORKASPACE' ) );
#2289 = DIRECTION ( 'NONE',  ( 0.000000000000000000, 0.000000000000000000, -1.000000000000000000 ) ) ;
#2290 = CARTESIAN_POINT ( 'NONE',  ( 28.99685864425680037, -0.4268357588007369863, 3.799999999999999822 ) ) ;
#2291 = AXIS2_PLACEMENT_3D ( 'NONE', #4824, #3025, #3066 ) ;
#2292 = CALENDAR_DATE ( 2026, 9, 8 ) ;
#2293 = FACE_OUTER_BOUND ( 'NONE', #1753, .T. ) ;
#2294 = APPROVAL_PERSON_ORGANIZATION ( #4023, #4599, #3985 ) ;
#2295 = EDGE_CURVE ( 'NONE', #3328, #255, #1134, .T. ) ;
#2296 = CIRCLE ( 'NONE', #5046, 66.50000000000000000 ) ;
#2297 = EDGE_LOOP ( 'NONE', ( #5196, #4281, #388, #978 ) ) ;
#2298 = DIRECTION ( 'NONE',  ( 0.000000000000000000, 0.000000000000000000, -1.000000000000000000 ) ) ;
#2299 = DIRECTION ( 'NONE',  ( 1.000000000000000000, -3.469446951953614189E-15, 0.000000000000000000 ) ) ;
#2300 = VERTEX_POINT ( 'NONE', #4927 ) ;
#2301 = APPROVAL_PERSON_ORGANIZATION ( #7628, #3215, #6947 ) ;
#2302 = VERTEX_POINT ( 'NONE', #113 ) ;
#2303 = VECTOR ( 'NONE', #3990, 1000.000000000000000 ) ;
#2304 = DIRECTION ( 'NONE',  ( 0.000000000000000000, 0.000000000000000000, 1.000000000000000000 ) ) ;
#2305 = AXIS2_PLACEMENT_3D ( 'NONE', #6565, #2339, #1211 ) ;
#2306 = EDGE_CURVE ( 'NONE', #6501, #5508, #5402, .T. ) ;
#2307 = CIRCLE ( 'NONE', #1928, 66.50000000000000000 ) ;
#2308 = LINE ( 'NONE', #1011, #6457 ) ;
#2309 = VERTEX_POINT ( 'NONE', #3682 ) ;
#2310 = DIRECTION ( 'NONE',  ( 1.000000000000000000, 8.673617379884027583E-16, 0.000000000000000000 ) ) ;
#2311 = VERTEX_POINT ( 'NONE', #7278 ) ;
#2312 = EDGE_LOOP ( 'NONE', ( #1326, #4590, #4343, #7166 ) ) ;
#2313 = VERTEX_POINT ( 'NONE', #732 ) ;
#2314 = AXIS2_PLACEMENT_3D ( 'NONE', #492, #2759, #7064 ) ;
#2315 = VECTOR ( 'NONE', #1990, 1000.000000000000114 ) ;
#2316 = DIRECTION ( 'NONE',  ( 0.000000000000000000, 0.000000000000000000, 1.000000000000000000 ) ) ;
#2317 = CARTESIAN_POINT ( 'NONE',  ( -58.20652884342099753, -42.50000000000000000, 3.799999999999999822 ) ) ;
#2318 = ORIENTED_EDGE ( 'NONE', *, *, #6795, .T. ) ;
#2319 = VERTEX_POINT ( 'NONE', #7242 ) ;
#2320 = DIRECTION ( 'NONE',  ( -1.000000000000000000, 0.000000000000000000, 0.000000000000000000 ) ) ;
#2321 = EDGE_CURVE ( 'NONE', #1442, #6960, #5515, .T. ) ;
#2322 = CYLINDRICAL_SURFACE ( 'NONE', #7107, 78.50000000000000000 ) ;
#2323 = CIRCLE ( 'NONE', #930, 6.499999999999999112 ) ;
#2324 = ORIENTED_EDGE ( 'NONE', *, *, #4118, .T. ) ;
#2325 = CARTESIAN_POINT ( 'NONE',  ( 0.000000000000000000, 0.000000000000000000, 5.000000000000000000 ) ) ;
#2326 = ORIENTED_EDGE ( 'NONE', *, *, #6771, .F. ) ;
#2327 = CARTESIAN_POINT ( 'NONE',  ( 33.11205535492539553, 12.80006992841670055, -3.799999999999999822 ) ) ;
#2328 = LINE ( 'NONE', #7579, #6144 ) ;
#2329 = COORDINATED_UNIVERSAL_TIME_OFFSET ( 8, 0, .AHEAD. ) ;
#2330 = ORIENTED_EDGE ( 'NONE', *, *, #2573, .T. ) ;
#2331 = CARTESIAN_POINT ( 'NONE',  ( -14.80357795871362114, -70.97255863797140307, 3.799999999999999822 ) ) ;
#2332 = DIRECTION ( 'NONE',  ( 0.000000000000000000, 0.000000000000000000, 1.000000000000000000 ) ) ;
#2333 = EDGE_LOOP ( 'NONE', ( #1270, #1734, #3089, #5307, #6438, #497, #6568, #7563, #5479 ) ) ;
#2334 = CARTESIAN_POINT ( 'NONE',  ( -33.11205535492550212, -12.80006992841648028, -4.500000000000000000 ) ) ;
#2335 = DIRECTION ( 'NONE',  ( 0.000000000000000000, 0.000000000000000000, -1.000000000000000000 ) ) ;
#2336 = PERSON_AND_ORGANIZATION_ROLE ( 'design_supplier' ) ;
#2337 = LINE ( 'NONE', #4731, #877 ) ;
#2338 = VERTEX_POINT ( 'NONE', #148 ) ;
#2339 = DIRECTION ( 'NONE',  ( 0.000000000000000000, 0.000000000000000000, 1.000000000000000000 ) ) ;
#2340 = EDGE_CURVE ( 'NONE', #5690, #2801, #7161, .T. ) ;
#2341 = CARTESIAN_POINT ( 'NONE',  ( 0.000000000000000000, 0.000000000000000000, -0.5999999999999999778 ) ) ;
#2342 = ORIENTED_EDGE ( 'NONE', *, *, #4260, .F. ) ;
#2343 = ADVANCED_FACE ( 'NONE', ( #4234 ), #5983, .F. ) ;
#2344 = VECTOR ( 'NONE', #5383, 1000.000000000000000 ) ;
#2345 = PRODUCT_RELATED_PRODUCT_CATEGORY ( 'detail', '', ( #2744 ) ) ;
#2346 = CARTESIAN_POINT ( 'NONE',  ( -16.02991648673969749, -23.56462979611924879, -0.5999999999999999778 ) ) ;
#2347 = VERTEX_POINT ( 'NONE', #1214 ) ;
#2348 = AXIS2_PLACEMENT_3D ( 'NONE', #5123, #4577, #2896 ) ;
#2349 = LINE ( 'NONE', #5908, #6034 ) ;
#2350 = ORIENTED_EDGE ( 'NONE', *, *, #2787, .F. ) ;
#2351 = ORIENTED_EDGE ( 'NONE', *, *, #1623, .T. ) ;
#2352 = DIRECTION ( 'NONE',  ( 0.000000000000000000, 0.000000000000000000, 1.000000000000000000 ) ) ;
#2353 = CIRCLE ( 'NONE', #105, 7.700000000000000178 ) ;
#2354 = PLANE ( 'NONE',  #6275 ) ;
#2355 = ORIENTED_EDGE ( 'NONE', *, *, #7631, .F. ) ;
#2356 = CARTESIAN_POINT ( 'NONE',  ( 20.99529699264139992, 0.5278586372672050553, 3.799999999999999822 ) ) ;
#2357 = CYLINDRICAL_SURFACE ( 'NONE', #2661, 4.000000000000001776 ) ;
#2358 = DIRECTION ( 'NONE',  ( 0.000000000000000000, 0.000000000000000000, 1.000000000000000000 ) ) ;
#2359 = ORIENTED_EDGE ( 'NONE', *, *, #6810, .F. ) ;
#2360 = FACE_OUTER_BOUND ( 'NONE', #4827, .T. ) ;
#2361 = ORIENTED_EDGE ( 'NONE', *, *, #2234, .T. ) ;
#2362 = VECTOR ( 'NONE', #6194, 1000.000000000000114 ) ;
#2363 = EDGE_CURVE ( 'NONE', #1226, #4610, #1705, .T. ) ;
#2364 = CARTESIAN_POINT ( 'NONE',  ( 9.338733222303400083, 46.31023384327180281, 5.000000000000000000 ) ) ;
#2365 = CARTESIAN_POINT ( 'NONE',  ( -12.69999999999999929, 2.600000000000000089, 30.56012519531154936 ) ) ;
#2366 = PERSON_AND_ORGANIZATION ( #2664, #7165 ) ;
#2367 = EDGE_LOOP ( 'NONE', ( #4908, #2639, #5043, #1404, #5117, #2027, #1579 ) ) ;
#2368 = DIRECTION ( 'NONE',  ( 0.000000000000000000, 0.000000000000000000, -1.000000000000000000 ) ) ;
#2369 = DIRECTION ( 'NONE',  ( 0.000000000000000000, 0.000000000000000000, -1.000000000000000000 ) ) ;
#2370 = ORIENTED_EDGE ( 'NONE', *, *, #7441, .F. ) ;
#2371 = DIRECTION ( 'NONE',  ( 0.6595425036758392201, -0.2549582041139550892, 0.7071067811865421326 ) ) ;
#2372 = PLANE ( 'NONE',  #2665 ) ;
#2373 = EDGE_CURVE ( 'NONE', #7659, #6716, #1246, .T. ) ;
#2374 = LINE ( 'NONE', #2412, #2130 ) ;
#2375 = DIRECTION ( 'NONE',  ( -0.04217025705071505287, 0.9991104390507971056, 0.000000000000000000 ) ) ;
#2376 = VERTEX_POINT ( 'NONE', #1907 ) ;
#2377 = PLANE ( 'NONE',  #4814 ) ;
#2378 = CONICAL_SURFACE ( 'NONE', #7638, 4.499999999999999112, 0.7853981633974476129 ) ;
#2379 = LINE ( 'NONE', #6255, #7067 ) ;
#2380 = VERTEX_POINT ( 'NONE', #6018 ) ;
#2381 = AXIS2_PLACEMENT_3D ( 'NONE', #3512, #2757, #996 ) ;
#2382 = AXIS2_PLACEMENT_3D ( 'NONE', #6590, #4766, #7224 ) ;
#2383 = ADVANCED_FACE ( 'NONE', ( #3129 ), #6528, .F. ) ;
#2384 = FACE_OUTER_BOUND ( 'NONE', #695, .T. ) ;
#2385 = ORIENTED_EDGE ( 'NONE', *, *, #6239, .F. ) ;
#2386 = EDGE_CURVE ( 'NONE', #255, #5447, #3607, .T. ) ;
#2387 = DIRECTION ( 'NONE',  ( 0.000000000000000000, 0.000000000000000000, 1.000000000000000000 ) ) ;
#2388 = ORIENTED_EDGE ( 'NONE', *, *, #1467, .F. ) ;
#2389 = EDGE_LOOP ( 'NONE', ( #942, #3177, #2408, #6481 ) ) ;
#2390 = AXIS2_PLACEMENT_3D ( 'NONE', #4249, #6729, #706 ) ;
#2391 = FACE_OUTER_BOUND ( 'NONE', #240, .T. ) ;
#2392 = LINE ( 'NONE', #5990, #1282 ) ;
#2393 = EDGE_CURVE ( 'NONE', #6104, #4786, #1096, .T. ) ;
#2394 = DIRECTION ( 'NONE',  ( 0.000000000000000000, 0.000000000000000000, -1.000000000000000000 ) ) ;
#2395 = DIRECTION ( 'NONE',  ( 1.000000000000000000, 0.000000000000000000, 0.000000000000000000 ) ) ;
#2396 = ORIENTED_EDGE ( 'NONE', *, *, #51, .F. ) ;
#2397 = VECTOR ( 'NONE', #3942, 1000.000000000000000 ) ;
#2398 = LINE ( 'NONE', #5958, #727 ) ;
#2399 = ORIENTED_EDGE ( 'NONE', *, *, #7660, .T. ) ;
#2400 = DIRECTION ( 'NONE',  ( -0.5524594799263591316, -0.4413485278546796509, 0.7071067811865502373 ) ) ;
#2401 = CARTESIAN_POINT ( 'NONE',  ( 5.875545186896980354, 4.976742785872269259, 30.80087640576605068 ) ) ;
#2402 = APPROVAL_STATUS ( 'not_yet_approved' ) ;
#2403 = AXIS2_PLACEMENT_3D ( 'NONE', #2785, #5251, #5837 ) ;
#2404 = ADVANCED_FACE ( 'NONE', ( #6060 ), #2974, .F. ) ;
#2405 = ORIENTED_EDGE ( 'NONE', *, *, #415, .F. ) ;
#2406 = DIRECTION ( 'NONE',  ( 0.000000000000000000, 0.000000000000000000, 1.000000000000000000 ) ) ;
#2407 = DIRECTION ( 'NONE',  ( 1.000000000000000000, 0.000000000000000000, 0.000000000000000000 ) ) ;
#2408 = ORIENTED_EDGE ( 'NONE', *, *, #1381, .F. ) ;
#2409 = CARTESIAN_POINT ( 'NONE',  ( 61.33171160011479373, -48.99664429530200493, 4.500000000000000000 ) ) ;
#2410 = LINE ( 'NONE', #2962, #1676 ) ;
#2411 = VECTOR ( 'NONE', #2615, 1000.000000000000000 ) ;
#2412 = CARTESIAN_POINT ( 'NONE',  ( 66.50000000000000000, 0.000000000000000000, -191.8904037956214950 ) ) ;
#2413 = DIRECTION ( 'NONE',  ( -0.7064777666070938267, 0.02981887472494753819, -0.7071067811865408004 ) ) ;
#2414 = VECTOR ( 'NONE', #7578, 1000.000000000000000 ) ;
#2415 = APPROVAL_PERSON_ORGANIZATION ( #991, #3551, #7702 ) ;
#2416 = ORIENTED_EDGE ( 'NONE', *, *, #3506, .F. ) ;
#2417 = VECTOR ( 'NONE', #7694, 1000.000000000000114 ) ;
#2418 = CARTESIAN_POINT ( 'NONE',  ( 0.000000000000000000, 0.000000000000000000, -3.299999999999999822 ) ) ;
#2419 = EDGE_CURVE ( 'NONE', #1436, #6503, #40, .T. ) ;
#2420 = AXIS2_PLACEMENT_3D ( 'NONE', #6631, #1272, #7147 ) ;
#2421 = ORIENTED_EDGE ( 'NONE', *, *, #6446, .T. ) ;
#2422 = LOCAL_TIME ( 15, 19, 25.00000000000000000, #641 ) ;
#2423 =( NAMED_UNIT ( * ) SI_UNIT ( $, .STERADIAN. ) SOLID_ANGLE_UNIT ( ) );
#2424 = VECTOR ( 'NONE', #2271, 999.9999999999998863 ) ;
#2425 = ORIENTED_EDGE ( 'NONE', *, *, #204, .T. ) ;
#2426 = CARTESIAN_POINT ( 'NONE',  ( 0.000000000000000000, 0.000000000000000000, -3.799999999999999822 ) ) ;
#2427 = ORIENTED_EDGE ( 'NONE', *, *, #2594, .F. ) ;
#2428 = CARTESIAN_POINT ( 'NONE',  ( 0.000000000000000000, 0.000000000000000000, 4.500000000000000000 ) ) ;
#2429 = EDGE_LOOP ( 'NONE', ( #2975, #5742, #377, #1261 ) ) ;
#2430 = ORIENTED_EDGE ( 'NONE', *, *, #3498, .F. ) ;
#2431 = CARTESIAN_POINT ( 'NONE',  ( -9.338733222303439163, -46.31023384327180281, 5.000000000000000000 ) ) ;
#2432 = CIRCLE ( 'NONE', #6560, 6.500000000000005329 ) ;
#2433 = DIRECTION ( 'NONE',  ( 0.04217025705071829333, 0.9991104390507968835, 0.000000000000000000 ) ) ;
#2434 = ADVANCED_FACE ( 'NONE', ( #2384 ), #6570, .F. ) ;
#2435 = FACE_OUTER_BOUND ( 'NONE', #3330, .T. ) ;
#2436 = LINE ( 'NONE', #5878, #3617 ) ;
#2437 = VERTEX_POINT ( 'NONE', #4852 ) ;
#2438 = ORIENTED_EDGE ( 'NONE', *, *, #5694, .F. ) ;
#2439 = DIRECTION ( 'NONE',  ( 0.000000000000000000, 0.000000000000000000, -1.000000000000000000 ) ) ;
#2440 = ADVANCED_FACE ( 'NONE', ( #4269 ), #6645, .T. ) ;
#2441 = EDGE_CURVE ( 'NONE', #6610, #5271, #3226, .T. ) ;
#2442 = DIRECTION ( 'NONE',  ( -0.000000000000000000, -0.000000000000000000, -1.000000000000000000 ) ) ;
#2443 = PERSON_AND_ORGANIZATION ( #2664, #7165 ) ;
#2444 = ORIENTED_EDGE ( 'NONE', *, *, #3212, .T. ) ;
#2445 = DIRECTION ( 'NONE',  ( 0.000000000000000000, 0.000000000000000000, -1.000000000000000000 ) ) ;
#2446 = EDGE_CURVE ( 'NONE', #2500, #7622, #3327, .T. ) ;
#2447 = CYLINDRICAL_SURFACE ( 'NONE', #4775, 1.600000000000004086 ) ;
#2448 = VERTEX_POINT ( 'NONE', #4342 ) ;
#2449 = FACE_OUTER_BOUND ( 'NONE', #2217, .T. ) ;
#2450 = CARTESIAN_POINT ( 'NONE',  ( -70.97255863797140307, -14.80357795871386095, -5.000000000000000000 ) ) ;
#2451 = DIRECTION ( 'NONE',  ( 0.000000000000000000, 0.000000000000000000, -1.000000000000000000 ) ) ;
#2452 = CARTESIAN_POINT ( 'NONE',  ( 10.24588957259812005, -36.67431014136215595, -4.500000000000000000 ) ) ;
#2453 = EDGE_CURVE ( 'NONE', #7321, #2591, #6130, .T. ) ;
#2454 = EDGE_CURVE ( 'NONE', #5185, #1712, #3855, .T. ) ;
#2455 = VERTEX_POINT ( 'NONE', #4457 ) ;
#2456 = FACE_OUTER_BOUND ( 'NONE', #6220, .T. ) ;
#2457 = DIRECTION ( 'NONE',  ( 0.000000000000000000, 0.000000000000000000, 1.000000000000000000 ) ) ;
#2458 = ADVANCED_FACE ( 'NONE', ( #6715 ), #2690, .F. ) ;
#2459 =( LENGTH_UNIT ( ) NAMED_UNIT ( * ) SI_UNIT ( .MILLI., .METRE. ) );
#2460 = EDGE_CURVE ( 'NONE', #3722, #1505, #1393, .T. ) ;
#2461 = DIRECTION ( 'NONE',  ( -0.5000000000000007772, 0.8660254037844381525, 0.000000000000000000 ) ) ;
#2462 = ORIENTED_EDGE ( 'NONE', *, *, #354, .F. ) ;
#2463 = DIRECTION ( 'NONE',  ( 0.000000000000000000, 0.000000000000000000, 1.000000000000000000 ) ) ;
#2464 = VERTEX_POINT ( 'NONE', #7470 ) ;
#2465 = ORIENTED_EDGE ( 'NONE', *, *, #6239, .T. ) ;
#2466 = VECTOR ( 'NONE', #4159, 1000.000000000000000 ) ;
#2467 = EDGE_CURVE ( 'NONE', #4199, #266, #6466, .T. ) ;
#2468 = CARTESIAN_POINT ( 'NONE',  ( -11.77285831576798003, -0.4969064900065409685, -3.799999999999999822 ) ) ;
#2469 = AXIS2_PLACEMENT_3D ( 'NONE', #5443, #78, #5367 ) ;
#2470 = CIRCLE ( 'NONE', #2348, 29.00000000000000000 ) ;
#2471 = DIRECTION ( 'NONE',  ( 0.6922093447044096459, -0.1443822118680041511, 0.7071067811865436870 ) ) ;
#2472 = LINE ( 'NONE', #2905, #3109 ) ;
#2473 = ORIENTED_EDGE ( 'NONE', *, *, #3125, .F. ) ;
#2474 = CIRCLE ( 'NONE', #607, 29.50000000000000000 ) ;
#2475 = ORIENTED_EDGE ( 'NONE', *, *, #6820, .F. ) ;
#2476 = LINE ( 'NONE', #4867, #3391 ) ;
#2477 = VECTOR ( 'NONE', #2371, 999.9999999999998863 ) ;
#2478 = CARTESIAN_POINT ( 'NONE',  ( 0.000000000000000000, 0.000000000000000000, 5.000000000000000000 ) ) ;
#2479 = PERSON_AND_ORGANIZATION ( #2664, #7165 ) ;
#2480 = CONICAL_SURFACE ( 'NONE', #7610, 79.00000000000000000, 0.7853981633974348453 ) ;
#2481 = ADVANCED_FACE ( 'NONE', ( #6171 ), #459, .F. ) ;
#2482 = ORIENTED_EDGE ( 'NONE', *, *, #6616, .F. ) ;
#2483 = ADVANCED_FACE ( 'NONE', ( #4490 ), #6594, .F. ) ;
#2484 = DIRECTION ( 'NONE',  ( 0.000000000000000000, 0.000000000000000000, -1.000000000000000000 ) ) ;
#2485 = DIRECTION ( 'NONE',  ( -1.000000000000000000, 0.000000000000000000, 0.000000000000000000 ) ) ;
#2486 = EDGE_LOOP ( 'NONE', ( #3218, #6738, #7259, #7289 ) ) ;
#2487 = DIRECTION ( 'NONE',  ( 0.5000000000000011102, 0.8660254037844379305, 0.000000000000000000 ) ) ;
#2488 = DIRECTION ( 'NONE',  ( 0.000000000000000000, 0.000000000000000000, -1.000000000000000000 ) ) ;
#2489 = EDGE_CURVE ( 'NONE', #3328, #3452, #7597, .T. ) ;
#2490 = CARTESIAN_POINT ( 'NONE',  ( 36.84299116956495368, -14.24233132880143948, -4.500000000000000000 ) ) ;
#2491 = DIRECTION ( 'NONE',  ( 0.000000000000000000, 0.000000000000000000, 1.000000000000000000 ) ) ;
#2492 = CIRCLE ( 'NONE', #7012, 29.00000000000000000 ) ;
#2493 = CC_DESIGN_PERSON_AND_ORGANIZATION_ASSIGNMENT ( #2443, #3074, ( #5792 ) ) ;
#2494 = ORIENTED_EDGE ( 'NONE', *, *, #7609, .T. ) ;
#2495 = FACE_BOUND ( 'NONE', #7253, .T. ) ;
#2496 = CARTESIAN_POINT ( 'NONE',  ( -12.64327944127550118, -26.09880236658035102, -5.000000000000000000 ) ) ;
#2497 = DATE_AND_TIME ( #5512, #3806 ) ;
#2498 = CC_DESIGN_DATE_AND_TIME_ASSIGNMENT ( #6678, #1975, ( #7309 ) ) ;
#2499 = DIRECTION ( 'NONE',  ( 0.000000000000000000, 0.000000000000000000, -1.000000000000000000 ) ) ;
#2500 = VERTEX_POINT ( 'NONE', #340 ) ;
#2501 = DIRECTION ( 'NONE',  ( 1.000000000000000000, 0.000000000000000000, 0.000000000000000000 ) ) ;
#2502 = ORIENTED_EDGE ( 'NONE', *, *, #7507, .T. ) ;
#2503 = VERTEX_POINT ( 'NONE', #772 ) ;
#2504 = AXIS2_PLACEMENT_3D ( 'NONE', #7348, #5989, #630 ) ;
#2505 = CARTESIAN_POINT ( 'NONE',  ( 70.97255863797140307, -14.80357795871386095, -0.5999999999999999778 ) ) ;
#2506 = VERTEX_POINT ( 'NONE', #3169 ) ;
#2507 = DIRECTION ( 'NONE',  ( 1.000000000000000000, 0.000000000000000000, 0.000000000000000000 ) ) ;
#2508 = AXIS2_PLACEMENT_3D ( 'NONE', #4660, #7643, #464 ) ;
#2509 = DIRECTION ( 'NONE',  ( 0.000000000000000000, 0.000000000000000000, 1.000000000000000000 ) ) ;
#2510 = ORIENTED_EDGE ( 'NONE', *, *, #3121, .F. ) ;
#2511 = ORIENTED_EDGE ( 'NONE', *, *, #4310, .T. ) ;
#2512 = DIRECTION ( 'NONE',  ( 0.000000000000000000, 0.000000000000000000, -1.000000000000000000 ) ) ;
#2513 = CYLINDRICAL_SURFACE ( 'NONE', #1773, 79.00000000000000000 ) ;
#2514 = PERSON_AND_ORGANIZATION ( #2664, #7165 ) ;
#2515 = AXIS2_PLACEMENT_3D ( 'NONE', #3495, #7001, #4085 ) ;
#2516 = ORIENTED_EDGE ( 'NONE', *, *, #6397, .T. ) ;
#2517 = CARTESIAN_POINT ( 'NONE',  ( 16.02870165184800300, 76.84614969766569459, -4.499999999999944933 ) ) ;
#2518 = LINE ( 'NONE', #248, #751 ) ;
#2519 = EDGE_LOOP ( 'NONE', ( #1532, #6523 ) ) ;
#2520 = CARTESIAN_POINT ( 'NONE',  ( 33.11205535492539553, 12.80006992841672009, -4.499999999999944933 ) ) ;
#2521 = FACE_OUTER_BOUND ( 'NONE', #1589, .T. ) ;
#2522 = DIRECTION ( 'NONE',  ( 1.000000000000000000, -1.734723475976805517E-15, 0.000000000000000000 ) ) ;
#2523 = VECTOR ( 'NONE', #3389, 1000.000000000000000 ) ;
#2524 = ADVANCED_FACE ( 'NONE', ( #2648 ), #5556, .F. ) ;
#2525 = EDGE_CURVE ( 'NONE', #4984, #5019, #840, .T. ) ;
#2526 = ORIENTED_EDGE ( 'NONE', *, *, #3266, .T. ) ;
#2527 = AXIS2_PLACEMENT_3D ( 'NONE', #6849, #4359, #6732 ) ;
#2528 = DIRECTION ( 'NONE',  ( 0.000000000000000000, 0.000000000000000000, -1.000000000000000000 ) ) ;
#2529 = DIRECTION ( 'NONE',  ( 0.5000000000000011102, 0.8660254037844379305, 0.000000000000000000 ) ) ;
#2530 = APPROVAL_DATE_TIME ( #7429, #196 ) ;
#2531 = EDGE_CURVE ( 'NONE', #6942, #5940, #4959, .T. ) ;
#2532 = COORDINATED_UNIVERSAL_TIME_OFFSET ( 8, 0, .AHEAD. ) ;
#2533 = CIRCLE ( 'NONE', #1030, 79.00000000000000000 ) ;
#2534 = AXIS2_PLACEMENT_3D ( 'NONE', #988, #7724, #3314 ) ;
#2535 = CARTESIAN_POINT ( 'NONE',  ( 58.20652884342099753, 46.50000000000000000, 0.5999999999999999778 ) ) ;
#2536 = ORIENTED_EDGE ( 'NONE', *, *, #5193, .F. ) ;
#2537 = EDGE_CURVE ( 'NONE', #4611, #4610, #3912, .T. ) ;
#2538 = LINE ( 'NONE', #660, #7412 ) ;
#2539 = ORIENTED_EDGE ( 'NONE', *, *, #6263, .T. ) ;
#2540 = ORIENTED_EDGE ( 'NONE', *, *, #4370, .T. ) ;
#2541 = AXIS2_PLACEMENT_3D ( 'NONE', #2194, #475, #5876 ) ;
#2542 = CARTESIAN_POINT ( 'NONE',  ( 8.309360104882898668, 70.69845196714180702, -5.000000000000000000 ) ) ;
#2543 = EDGE_CURVE ( 'NONE', #2503, #2376, #3168, .T. ) ;
#2544 = EDGE_LOOP ( 'NONE', ( #4114, #5284, #5749, #1230 ) ) ;
#2545 = CC_DESIGN_SECURITY_CLASSIFICATION ( #4302, ( #7753 ) ) ;
#2546 = ORIENTED_EDGE ( 'NONE', *, *, #656, .F. ) ;
#2547 = CARTESIAN_POINT ( 'NONE',  ( -14.80357795871362114, -70.97255863797140307, -4.500000000000000000 ) ) ;
#2548 = DIRECTION ( 'NONE',  ( 0.000000000000000000, 0.000000000000000000, 1.000000000000000000 ) ) ;
#2549 = ORIENTED_EDGE ( 'NONE', *, *, #6299, .F. ) ;
#2550 = VERTEX_POINT ( 'NONE', #1435 ) ;
#2551 = LINE ( 'NONE', #4357, #2760 ) ;
#2552 = CC_DESIGN_APPROVAL ( #769, ( #7309 ) ) ;
#2553 = LINE ( 'NONE', #281, #1898 ) ;
#2554 = CIRCLE ( 'NONE', #3326, 4.000000000000000000 ) ;
#2555 = DATE_AND_TIME ( #3033, #2422 ) ;
#2556 = ORIENTED_EDGE ( 'NONE', *, *, #2673, .F. ) ;
#2557 = EDGE_CURVE ( 'NONE', #4121, #2347, #928, .T. ) ;
#2558 = VERTEX_POINT ( 'NONE', #851 ) ;
#2559 = DIRECTION ( 'NONE',  ( 1.000000000000000000, 0.000000000000000000, 0.000000000000000000 ) ) ;
#2560 = DIRECTION ( 'NONE',  ( -0.8660254037844390407, 0.4999999999999995004, 0.000000000000000000 ) ) ;
#2561 = EDGE_LOOP ( 'NONE', ( #6491, #320, #3455, #1797 ) ) ;
#2562 = DIRECTION ( 'NONE',  ( 0.000000000000000000, 0.000000000000000000, 1.000000000000000000 ) ) ;
#2563 = PLANE ( 'NONE',  #2792 ) ;
#2564 = ADVANCED_FACE ( 'NONE', ( #5040 ), #3246, .T. ) ;
#2565 = LINE ( 'NONE', #4405, #6016 ) ;
#2566 = ORIENTED_EDGE ( 'NONE', *, *, #16, .F. ) ;
#2567 = DIRECTION ( 'NONE',  ( 0.000000000000000000, 0.000000000000000000, 1.000000000000000000 ) ) ;
#2568 = CARTESIAN_POINT ( 'NONE',  ( 8.303577958713081131, 70.97255863797150255, -5.000000000000000000 ) ) ;
#2569 = ADVANCED_BREP_SHAPE_REPRESENTATION ( '', ( #3522, #44 ), #5157 ) ;
#2570 = AXIS2_PLACEMENT_3D ( 'NONE', #4500, #6918, #348 ) ;
#2571 = CONTEXT_DEPENDENT_SHAPE_REPRESENTATION ( #7265, #4526 ) ;
#2572 = DIRECTION ( 'NONE',  ( 1.000000000000000000, 0.000000000000000000, 0.000000000000000000 ) ) ;
#2573 = EDGE_CURVE ( 'NONE', #6574, #1048, #5804, .T. ) ;
#2574 = DIRECTION ( 'NONE',  ( 0.000000000000000000, 0.000000000000000000, 1.000000000000000000 ) ) ;
#2575 = ORIENTED_EDGE ( 'NONE', *, *, #4423, .F. ) ;
#2576 = EDGE_CURVE ( 'NONE', #3100, #7493, #1699, .T. ) ;
#2577 = LINE ( 'NONE', #305, #540 ) ;
#2578 = ORIENTED_EDGE ( 'NONE', *, *, #2191, .F. ) ;
#2579 = ORIENTED_EDGE ( 'NONE', *, *, #4979, .T. ) ;
#2580 = DIRECTION ( 'NONE',  ( 0.000000000000000000, 0.000000000000000000, -1.000000000000000000 ) ) ;
#2581 = EDGE_CURVE ( 'NONE', #4688, #7393, #7569, .T. ) ;
#2582 = ORIENTED_EDGE ( 'NONE', *, *, #4961, .F. ) ;
#2583 = CARTESIAN_POINT ( 'NONE',  ( 0.000000000000000000, 0.000000000000000000, 3.799999999999999822 ) ) ;
#2584 = CARTESIAN_POINT ( 'NONE',  ( -16.19703151385769857, -23.85408151379595054, -4.833329469438149673 ) ) ;
#2585 = LINE ( 'NONE', #863, #1431 ) ;
#2586 = ORIENTED_EDGE ( 'NONE', *, *, #503, .T. ) ;
#2587 = ORIENTED_EDGE ( 'NONE', *, *, #6598, .F. ) ;
#2588 = DIRECTION ( 'NONE',  ( 1.000000000000000000, -3.083952846180992055E-15, 0.000000000000000000 ) ) ;
#2589 = CARTESIAN_POINT ( 'NONE',  ( -12.39260979084503944, -25.66462979611925022, 0.5999999999999999778 ) ) ;
#2590 = CIRCLE ( 'NONE', #5709, 28.50000000000000000 ) ;
#2591 = VERTEX_POINT ( 'NONE', #6359 ) ;
#2592 = CARTESIAN_POINT ( 'NONE',  ( 12.74414409577109986, 1.083270731264101961E-12, -3.799999999999999822 ) ) ;
#2593 = CARTESIAN_POINT ( 'NONE',  ( 0.000000000000000000, 0.000000000000000000, -3.799999999999999822 ) ) ;
#2594 = EDGE_CURVE ( 'NONE', #7725, #1791, #5322, .T. ) ;
#2595 = VERTEX_POINT ( 'NONE', #452 ) ;
#2596 = LINE ( 'NONE', #5064, #1726 ) ;
#2597 = CARTESIAN_POINT ( 'NONE',  ( -6.347440429023360586, -1.399999999999909983, 5.000000000000000000 ) ) ;
#2598 = VECTOR ( 'NONE', #2125, 1000.000000000000000 ) ;
#2599 = DIRECTION ( 'NONE',  ( 0.000000000000000000, 0.000000000000000000, -1.000000000000000000 ) ) ;
#2600 = VECTOR ( 'NONE', #1596, 1000.000000000000000 ) ;
#2601 = AXIS2_PLACEMENT_3D ( 'NONE', #7665, #2289, #5313 ) ;
#2602 = EDGE_LOOP ( 'NONE', ( #7664, #43, #888, #173 ) ) ;
#2603 = EDGE_CURVE ( 'NONE', #5534, #4545, #4064, .T. ) ;
#2604 = CARTESIAN_POINT ( 'NONE',  ( -16.13079529294314796, -77.33561561930680739, 5.000000000000000000 ) ) ;
#2605 = CARTESIAN_POINT ( 'NONE',  ( 8.601666049839590045, 9.698522628062329787, -5.000000000000000000 ) ) ;
#2606 = FACE_OUTER_BOUND ( 'NONE', #6625, .T. ) ;
#2607 = APPROVAL_STATUS ( 'not_yet_approved' ) ;
#2608 = AXIS2_PLACEMENT_3D ( 'NONE', #2083, #5731, #4482 ) ;
#2609 = DIRECTION ( 'NONE',  ( -1.000000000000000000, 0.000000000000000000, 0.000000000000000000 ) ) ;
#2610 = DIRECTION ( 'NONE',  ( 0.000000000000000000, 0.000000000000000000, -1.000000000000000000 ) ) ;
#2611 = EDGE_LOOP ( 'NONE', ( #2732, #1426, #74, #3576 ) ) ;
#2612 = DIRECTION ( 'NONE',  ( 0.000000000000000000, 0.000000000000000000, 1.000000000000000000 ) ) ;
#2613 = ORIENTED_EDGE ( 'NONE', *, *, #118, .F. ) ;
#2614 = ORIENTED_EDGE ( 'NONE', *, *, #803, .F. ) ;
#2615 = DIRECTION ( 'NONE',  ( 0.000000000000000000, 0.000000000000000000, -1.000000000000000000 ) ) ;
#2616 = ADVANCED_FACE ( 'NONE', ( #6399 ), #2044, .F. ) ;
#2617 = ORIENTED_EDGE ( 'NONE', *, *, #3178, .T. ) ;
#2618 = ADVANCED_FACE ( 'NONE', ( #4027 ), #3523, .T. ) ;
#2619 = LINE ( 'NONE', #4970, #5696 ) ;
#2620 = ORIENTED_EDGE ( 'NONE', *, *, #6161, .T. ) ;
#2621 = LINE ( 'NONE', #159, #792 ) ;
#2622 = CYLINDRICAL_SURFACE ( 'NONE', #2053, 4.000000000000000000 ) ;
#2623 = ORIENTED_EDGE ( 'NONE', *, *, #3107, .T. ) ;
#2624 = ORIENTED_EDGE ( 'NONE', *, *, #4678, .T. ) ;
#2625 = FACE_OUTER_BOUND ( 'NONE', #1703, .T. ) ;
#2626 = CARTESIAN_POINT ( 'NONE',  ( 0.000000000000000000, 0.000000000000000000, -191.8904037956214950 ) ) ;
#2627 = ADVANCED_FACE ( 'NONE', ( #2765 ), #2929, .F. ) ;
#2628 = UNCERTAINTY_MEASURE_WITH_UNIT (LENGTH_MEASURE( 1.000000000000000082E-05 ), #5944, 'distance_accuracy_value', 'NONE');
#2629 = AXIS2_PLACEMENT_3D ( 'NONE', #5203, #4578, #2185 ) ;
#2630 = EDGE_LOOP ( 'NONE', ( #4776, #349, #5902, #3055 ) ) ;
#2631 = CARTESIAN_POINT ( 'NONE',  ( 0.000000000000000000, 0.000000000000000000, 5.000000000000000000 ) ) ;
#2632 = LINE ( 'NONE', #4475, #5374 ) ;
#2633 = VERTEX_POINT ( 'NONE', #7591 ) ;
#2634 = LINE ( 'NONE', #6269, #4480 ) ;
#2635 = CARTESIAN_POINT ( 'NONE',  ( 36.65322501283674939, -9.746334353072889201, -5.000000000000000000 ) ) ;
#2636 = VECTOR ( 'NONE', #6417, 1000.000000000000114 ) ;
#2637 = CARTESIAN_POINT ( 'NONE',  ( 2.251666049839540218, 1.300000000000011813, 0.5999999999999999778 ) ) ;
#2638 = ADVANCED_FACE ( 'NONE', ( #4607 ), #6952, .F. ) ;
#2639 = ORIENTED_EDGE ( 'NONE', *, *, #5472, .T. ) ;
#2640 = CARTESIAN_POINT ( 'NONE',  ( 2.251666049839534889, -1.300000000000000044, -0.5999999999999999778 ) ) ;
#2641 = CARTESIAN_POINT ( 'NONE',  ( -13.83473019803201964, 42.50000000000000000, 3.799999999999999822 ) ) ;
#2642 = FACE_BOUND ( 'NONE', #3299, .T. ) ;
#2643 = CALENDAR_DATE ( 2026, 9, 8 ) ;
#2644 = AXIS2_PLACEMENT_3D ( 'NONE', #5303, #483, #2240 ) ;
#2645 = FACE_BOUND ( 'NONE', #7698, .T. ) ;
#2646 = CIRCLE ( 'NONE', #5654, 7.700000000000000178 ) ;
#2647 = ADVANCED_FACE ( 'NONE', ( #5899 ), #414, .F. ) ;
#2648 = FACE_OUTER_BOUND ( 'NONE', #5324, .T. ) ;
#2649 = ORIENTED_EDGE ( 'NONE', *, *, #2696, .T. ) ;
#2650 = LINE ( 'NONE', #4702, #1937 ) ;
#2651 = VERTEX_POINT ( 'NONE', #2253 ) ;
#2652 = ORIENTED_EDGE ( 'NONE', *, *, #1960, .F. ) ;
#2653 = AXIS2_PLACEMENT_3D ( 'NONE', #5632, #270, #2654 ) ;
#2654 = DIRECTION ( 'NONE',  ( 1.000000000000000000, 0.000000000000000000, 0.000000000000000000 ) ) ;
#2655 = CIRCLE ( 'NONE', #6905, 78.50000000000000000 ) ;
#2656 = APPROVAL_PERSON_ORGANIZATION ( #3589, #624, #3629 ) ;
#2657 = DIRECTION ( 'NONE',  ( -0.7071067811865410224, 0.000000000000000000, -0.7071067811865540120 ) ) ;
#2658 = EDGE_LOOP ( 'NONE', ( #4272, #2064, #6176, #1690 ) ) ;
#2659 = DIRECTION ( 'NONE',  ( 0.000000000000000000, 0.000000000000000000, -1.000000000000000000 ) ) ;
#2660 = DIRECTION ( 'NONE',  ( 1.000000000000000000, 0.000000000000000000, 0.000000000000000000 ) ) ;
#2661 = AXIS2_PLACEMENT_3D ( 'NONE', #4753, #11, #7129 ) ;
#2662 = ORIENTED_EDGE ( 'NONE', *, *, #6598, .T. ) ;
#2663 = ORIENTED_EDGE ( 'NONE', *, *, #7093, .T. ) ;
#2664 = PERSON ( '未指定', '未指定', '未指定', ('未指定'), ('未指定'), ('未指定') ) ;
#2665 = AXIS2_PLACEMENT_3D ( 'NONE', #4729, #4769, #6593 ) ;
#2666 = DIRECTION ( 'NONE',  ( 0.000000000000000000, 0.000000000000000000, 1.000000000000000000 ) ) ;
#2667 = DIRECTION ( 'NONE',  ( -0.04217025705071845293, -0.9991104390507968835, 0.000000000000000000 ) ) ;
#2668 = LOCAL_TIME ( 15, 19, 25.00000000000000000, #710 ) ;
#2669 = AXIS2_PLACEMENT_3D ( 'NONE', #5687, #3820, #7410 ) ;
#2670 = EDGE_LOOP ( 'NONE', ( #6846, #2399, #1157, #5959 ) ) ;
#2671 = CARTESIAN_POINT ( 'NONE',  ( -10.24588957259812005, -36.67431014136215595, -4.500000000000000000 ) ) ;
#2672 = CARTESIAN_POINT ( 'NONE',  ( -58.20652884342099753, 46.50000000000000000, 3.799999999999999822 ) ) ;
#2673 = EDGE_CURVE ( 'NONE', #6139, #4895, #4111, .T. ) ;
#2674 = DESIGN_CONTEXT ( 'detailed design', #2051, 'design' ) ;
#2675 = ORIENTED_EDGE ( 'NONE', *, *, #2824, .F. ) ;
#2676 = DIRECTION ( 'NONE',  ( 1.000000000000000000, 0.000000000000000000, 0.000000000000000000 ) ) ;
#2677 = DIRECTION ( 'NONE',  ( 0.000000000000000000, 0.000000000000000000, 1.000000000000000000 ) ) ;
#2678 = ADVANCED_FACE ( 'NONE', ( #5739 ), #5823, .F. ) ;
#2679 = EDGE_CURVE ( 'NONE', #6600, #3805, #5935, .T. ) ;
#2680 = CARTESIAN_POINT ( 'NONE',  ( 13.83473019803201964, 42.50000000000000000, 4.499999999999944933 ) ) ;
#2681 = CIRCLE ( 'NONE', #558, 3.999999999999996447 ) ;
#2682 = EDGE_CURVE ( 'NONE', #5947, #1386, #7672, .T. ) ;
#2683 = CIRCLE ( 'NONE', #7436, 2.100000000000004530 ) ;
#2684 = VERTEX_POINT ( 'NONE', #539 ) ;
#2685 = CYLINDRICAL_SURFACE ( 'NONE', #3364, 1.600000000000004086 ) ;
#2686 = LINE ( 'NONE', #2008, #1466 ) ;
#2687 = LINE ( 'NONE', #5072, #934 ) ;
#2688 = AXIS2_PLACEMENT_3D ( 'NONE', #5392, #1736, #575 ) ;
#2689 = CARTESIAN_POINT ( 'NONE',  ( -16.02991648673999947, 23.56462979611904984, 5.000000000000000000 ) ) ;
#2690 = CYLINDRICAL_SURFACE ( 'NONE', #4849, 3.999999999999996447 ) ;
#2691 = EDGE_LOOP ( 'NONE', ( #1628, #3897, #1408, #2526 ) ) ;
#2692 = DIRECTION ( 'NONE',  ( 0.1443822118679994326, -0.6922093447044100900, -0.7071067811865441310 ) ) ;
#2693 = EDGE_CURVE ( 'NONE', #2058, #2651, #2934, .T. ) ;
#2694 = ORIENTED_EDGE ( 'NONE', *, *, #2446, .T. ) ;
#2695 = ORIENTED_EDGE ( 'NONE', *, *, #6859, .T. ) ;
#2696 = EDGE_CURVE ( 'NONE', #1226, #4435, #3988, .T. ) ;
#2697 = CARTESIAN_POINT ( 'NONE',  ( -84.40000000000000568, 0.000000000000000000, -3.799999999999999822 ) ) ;
#2698 = LINE ( 'NONE', #3807, #3187 ) ;
#2699 = EDGE_CURVE ( 'NONE', #312, #5845, #421, .T. ) ;
#2700 = ORIENTED_EDGE ( 'NONE', *, *, #392, .F. ) ;
#2701 = FACE_BOUND ( 'NONE', #1693, .T. ) ;
#2702 = CARTESIAN_POINT ( 'NONE',  ( 0.000000000000000000, 0.000000000000000000, 5.000000000000000000 ) ) ;
#2703 = VERTEX_POINT ( 'NONE', #6088 ) ;
#2704 = VERTEX_POINT ( 'NONE', #4152 ) ;
#2705 = DIRECTION ( 'NONE',  ( -1.000000000000000000, 0.000000000000000000, 0.000000000000000000 ) ) ;
#2706 = CARTESIAN_POINT ( 'NONE',  ( -10.36068798139389990, 33.95447164295450193, -4.500000000000000000 ) ) ;
#2707 = ORIENTED_EDGE ( 'NONE', *, *, #3854, .F. ) ;
#2708 = DIRECTION ( 'NONE',  ( 0.000000000000000000, 0.000000000000000000, 1.000000000000000000 ) ) ;
#2709 = DIRECTION ( 'NONE',  ( 0.000000000000000000, 0.000000000000000000, 1.000000000000000000 ) ) ;
#2710 = ORIENTED_EDGE ( 'NONE', *, *, #4593, .T. ) ;
#2711 = DIRECTION ( 'NONE',  ( 1.000000000000000000, -3.469446951953611033E-15, 0.000000000000000000 ) ) ;
#2712 = DIRECTION ( 'NONE',  ( 0.000000000000000000, 0.000000000000000000, 1.000000000000000000 ) ) ;
#2713 = AXIS2_PLACEMENT_3D ( 'NONE', #2535, #1181, #3015 ) ;
#2714 = FACE_OUTER_BOUND ( 'NONE', #2389, .T. ) ;
#2715 = EDGE_CURVE ( 'NONE', #7103, #2153, #5183, .T. ) ;
#2716 = EDGE_CURVE ( 'NONE', #7489, #1217, #4301, .T. ) ;
#2717 = EDGE_LOOP ( 'NONE', ( #151, #612, #6341, #1598 ) ) ;
#2718 = DIRECTION ( 'NONE',  ( 1.000000000000000000, 0.000000000000000000, 0.000000000000000000 ) ) ;
#2719 = AXIS2_PLACEMENT_3D ( 'NONE', #1587, #7080, #939 ) ;
#2720 = ADVANCED_FACE ( 'NONE', ( #5359, #6638 ), #2377, .F. ) ;
#2721 = DIRECTION ( 'NONE',  ( 0.000000000000000000, 0.000000000000000000, 1.000000000000000000 ) ) ;
#2722 = DIRECTION ( 'NONE',  ( 1.000000000000000000, 0.000000000000000000, 0.000000000000000000 ) ) ;
#2723 = DIRECTION ( 'NONE',  ( 0.000000000000000000, 0.000000000000000000, 1.000000000000000000 ) ) ;
#2724 = DATE_TIME_ROLE ( 'classification_date' ) ;
#2725 = EDGE_CURVE ( 'NONE', #2313, #7489, #4560, .T. ) ;
#2726 = CARTESIAN_POINT ( 'NONE',  ( 16.13079529294310177, -77.33561561930669370, -5.000000000000000000 ) ) ;
#2727 = AXIS2_PLACEMENT_3D ( 'NONE', #4366, #6704, #5539 ) ;
#2728 = CARTESIAN_POINT ( 'NONE',  ( 8.803577958713610485, -70.97255863797140307, -0.5999999999999999778 ) ) ;
#2729 = CIRCLE ( 'NONE', #7487, 6.000000000000005329 ) ;
#2730 = DIRECTION ( 'NONE',  ( -0.7064777666070953810, -0.02981887472494751043, 0.7071067811865392461 ) ) ;
#2731 = ORIENTED_EDGE ( 'NONE', *, *, #1101, .T. ) ;
#2732 = ORIENTED_EDGE ( 'NONE', *, *, #992, .T. ) ;
#2733 = DIRECTION ( 'NONE',  ( 1.000000000000000000, 8.881784197001250351E-16, 0.000000000000000000 ) ) ;
#2734 = CIRCLE ( 'NONE', #2100, 7.700000000000000178 ) ;
#2735 = LINE ( 'NONE', #5048, #3953 ) ;
#2736 = VERTEX_POINT ( 'NONE', #1279 ) ;
#2737 = DIRECTION ( 'NONE',  ( 0.000000000000000000, 0.000000000000000000, 1.000000000000000000 ) ) ;
#2738 = CARTESIAN_POINT ( 'NONE',  ( -6.500000000000000000, -11.25833024919771930, 0.5999999999999999778 ) ) ;
#2739 = EDGE_LOOP ( 'NONE', ( #1981, #6474, #4289, #3992 ) ) ;
#2740 = ORIENTED_EDGE ( 'NONE', *, *, #1539, .T. ) ;
#2741 = CARTESIAN_POINT ( 'NONE',  ( -16.28058613717050207, 23.99880236658015065, 5.000000000000000000 ) ) ;
#2742 = LINE ( 'NONE', #7044, #1392 ) ;
#2743 = ORIENTED_EDGE ( 'NONE', *, *, #423, .T. ) ;
#2744 = PRODUCT ( 'smt_tray_01', 'smt_tray_01', '', ( #7276 ) ) ;
#2745 = CYLINDRICAL_SURFACE ( 'NONE', #3560, 3.999999999999996447 ) ;
#2746 = VECTOR ( 'NONE', #3562, 1000.000000000000114 ) ;
#2747 = DIRECTION ( 'NONE',  ( 0.000000000000000000, 0.000000000000000000, -1.000000000000000000 ) ) ;
#2748 = ADVANCED_FACE ( 'NONE', ( #3124 ), #4813, .F. ) ;
#2749 = ORIENTED_EDGE ( 'NONE', *, *, #400, .F. ) ;
#2750 = LINE ( 'NONE', #6235, #6606 ) ;
#2751 = CARTESIAN_POINT ( 'NONE',  ( -10.24588957259812005, 36.67431014136215595, -4.500000000000000000 ) ) ;
#2752 = DIRECTION ( 'NONE',  ( 0.000000000000000000, 0.000000000000000000, 1.000000000000000000 ) ) ;
#2753 = APPROVAL_ROLE ( '' ) ;
#2754 = AXIS2_PLACEMENT_3D ( 'NONE', #1994, #3185, #6620 ) ;
#2755 = ORIENTED_EDGE ( 'NONE', *, *, #4377, .T. ) ;
#2756 = CYLINDRICAL_SURFACE ( 'NONE', #2992, 29.00000000000000000 ) ;
#2757 = DIRECTION ( 'NONE',  ( 0.000000000000000000, 0.000000000000000000, -1.000000000000000000 ) ) ;
#2758 = PLANE ( 'NONE',  #4606 ) ;
#2759 = DIRECTION ( 'NONE',  ( 0.8660254037844382635, 0.5000000000000008882, 0.000000000000000000 ) ) ;
#2760 = VECTOR ( 'NONE', #1370, 1000.000000000000227 ) ;
#2761 = DIRECTION ( 'NONE',  ( 1.000000000000000000, 0.000000000000000000, 0.000000000000000000 ) ) ;
#2762 = ADVANCED_FACE ( 'NONE', ( #4847 ), #3050, .F. ) ;
#2763 = AXIS2_PLACEMENT_3D ( 'NONE', #883, #1390, #2609 ) ;
#2764 = CIRCLE ( 'NONE', #7151, 6.500000000000000000 ) ;
#2765 = FACE_OUTER_BOUND ( 'NONE', #5163, .T. ) ;
#2766 = FACE_OUTER_BOUND ( 'NONE', #64, .T. ) ;
#2767 = ORIENTED_EDGE ( 'NONE', *, *, #2489, .T. ) ;
#2768 = EDGE_LOOP ( 'NONE', ( #5168, #6649, #1310, #6361, #2028, #6313, #3630 ) ) ;
#2769 = EDGE_CURVE ( 'NONE', #3744, #2828, #3943, .T. ) ;
#2770 = ADVANCED_FACE ( 'NONE', ( #2163 ), #7717, .F. ) ;
#2771 = FACE_OUTER_BOUND ( 'NONE', #741, .T. ) ;
#2772 = VECTOR ( 'NONE', #3702, 1000.000000000000114 ) ;
#2773 = PRODUCT_DEFINITION_SHAPE ( 'NONE', 'NONE',  #7754 ) ;
#2774 = ADVANCED_FACE ( 'NONE', ( #4734 ), #1171, .F. ) ;
#2775 = DIRECTION ( 'NONE',  ( 1.000000000000000000, 0.000000000000000000, 0.000000000000000000 ) ) ;
#2776 = ORIENTED_EDGE ( 'NONE', *, *, #6605, .F. ) ;
#2777 = DIRECTION ( 'NONE',  ( 0.5000000000000011102, 0.8660254037844379305, 0.000000000000000000 ) ) ;
#2778 = DIRECTION ( 'NONE',  ( 0.000000000000000000, 0.000000000000000000, -1.000000000000000000 ) ) ;
#2779 = VERTEX_POINT ( 'NONE', #6013 ) ;
#2780 = ORIENTED_EDGE ( 'NONE', *, *, #728, .F. ) ;
#2781 = CIRCLE ( 'NONE', #7158, 79.00000000000000000 ) ;
#2782 = VERTEX_POINT ( 'NONE', #5977 ) ;
#2783 = FACE_OUTER_BOUND ( 'NONE', #7611, .T. ) ;
#2784 = ADVANCED_FACE ( 'NONE', ( #7112 ), #1743, .F. ) ;
#2785 = CARTESIAN_POINT ( 'NONE',  ( -6.500000000000129674, 11.25833024919761982, 5.000000000000000000 ) ) ;
#2786 = AXIS2_PLACEMENT_3D ( 'NONE', #4784, #1325, #2501 ) ;
#2787 = EDGE_CURVE ( 'NONE', #4793, #5185, #5399, .T. ) ;
#2788 = CIRCLE ( 'NONE', #7167, 78.50000000000000000 ) ;
#2789 = DIRECTION ( 'NONE',  ( 1.000000000000000000, -1.734723475976808672E-15, 0.000000000000000000 ) ) ;
#2790 = DIRECTION ( 'NONE',  ( 1.000000000000000000, 0.000000000000000000, 0.000000000000000000 ) ) ;
#2791 = LINE ( 'NONE', #6969, #2600 ) ;
#2792 = AXIS2_PLACEMENT_3D ( 'NONE', #4913, #6083, #7306 ) ;
#2793 = ORIENTED_EDGE ( 'NONE', *, *, #6358, .F. ) ;
#2794 = LINE ( 'NONE', #6424, #232 ) ;
#2795 = DIRECTION ( 'NONE',  ( 0.000000000000000000, 0.000000000000000000, -1.000000000000000000 ) ) ;
#2796 = LOCAL_TIME ( 15, 19, 25.00000000000000000, #4692 ) ;
#2797 = CARTESIAN_POINT ( 'NONE',  ( -33.11205535492550212, 12.80006992841649982, -4.500000000000000000 ) ) ;
#2798 = VECTOR ( 'NONE', #1818, 1000.000000000000000 ) ;
#2799 = CALENDAR_DATE ( 2026, 9, 8 ) ;
#2800 = EDGE_CURVE ( 'NONE', #3393, #527, #1424, .T. ) ;
#2801 = VERTEX_POINT ( 'NONE', #4882 ) ;
#2802 = DIRECTION ( 'NONE',  ( 0.000000000000000000, 0.000000000000000000, -1.000000000000000000 ) ) ;
#2803 = DIRECTION ( 'NONE',  ( -1.000000000000000000, 0.000000000000000000, 0.000000000000000000 ) ) ;
#2804 = DIRECTION ( 'NONE',  ( 0.000000000000000000, 0.000000000000000000, -1.000000000000000000 ) ) ;
#2805 = CARTESIAN_POINT ( 'NONE',  ( 28.99685864425680037, -0.4268357588007369863, 3.799999999999999822 ) ) ;
#2806 = SECURITY_CLASSIFICATION_LEVEL ( 'unclassified' ) ;
#2807 = DIRECTION ( 'NONE',  ( 1.000000000000000000, 0.000000000000000000, 0.000000000000000000 ) ) ;
#2808 = AXIS2_PLACEMENT_3D ( 'NONE', #6833, #7353, #4380 ) ;
#2809 = DIRECTION ( 'NONE',  ( 1.000000000000000000, 0.000000000000000000, 0.000000000000000000 ) ) ;
#2810 = LINE ( 'NONE', #5195, #6173 ) ;
#2811 = ORIENTED_EDGE ( 'NONE', *, *, #892, .F. ) ;
#2812 = ORIENTED_EDGE ( 'NONE', *, *, #1483, .F. ) ;
#2813 = PLANE ( 'NONE',  #3419 ) ;
#2814 = EDGE_CURVE ( 'NONE', #3007, #4865, #3085, .T. ) ;
#2815 = DIRECTION ( 'NONE',  ( 0.000000000000000000, 0.000000000000000000, -1.000000000000000000 ) ) ;
#2816 = EDGE_LOOP ( 'NONE', ( #6414, #548, #4494, #3748, #3331, #3122, #445, #1419, #4061, #7394, #3276, #2587 ) ) ;
#2817 = CARTESIAN_POINT ( 'NONE',  ( 1.961284649213485221, -6.197044660542599281, 5.000000000000000000 ) ) ;
#2818 = LINE ( 'NONE', #7565, #7266 ) ;
#2819 = ORIENTED_EDGE ( 'NONE', *, *, #5305, .F. ) ;
#2820 = VERTEX_POINT ( 'NONE', #2496 ) ;
#2821 = VERTEX_POINT ( 'NONE', #2568 ) ;
#2822 = CARTESIAN_POINT ( 'NONE',  ( -6.500000000000000000, -11.25833024919771930, 5.000000000000000000 ) ) ;
#2823 = CYLINDRICAL_SURFACE ( 'NONE', #777, 1.600000000000004086 ) ;
#2824 = EDGE_CURVE ( 'NONE', #5078, #6485, #2681, .T. ) ;
#2825 = ORIENTED_EDGE ( 'NONE', *, *, #4261, .T. ) ;
#2826 = CARTESIAN_POINT ( 'NONE',  ( 27.62367946251699991, -6.851579106325129231, -3.799999999999999822 ) ) ;
#2827 = DIRECTION ( 'NONE',  ( 0.000000000000000000, 0.000000000000000000, 1.000000000000000000 ) ) ;
#2828 = VERTEX_POINT ( 'NONE', #4993 ) ;
#2829 = DIRECTION ( 'NONE',  ( 0.000000000000000000, 0.000000000000000000, 1.000000000000000000 ) ) ;
#2830 = DIRECTION ( 'NONE',  ( 0.000000000000000000, 0.000000000000000000, -1.000000000000000000 ) ) ;
#2831 = DIRECTION ( 'NONE',  ( -7.771561172376090853E-16, -1.000000000000000000, 0.000000000000000000 ) ) ;
#2832 = PERSON_AND_ORGANIZATION ( #2664, #7165 ) ;
#2833 = VERTEX_POINT ( 'NONE', #1353 ) ;
#2834 = FACE_OUTER_BOUND ( 'NONE', #1674, .T. ) ;
#2835 = DIRECTION ( 'NONE',  ( 1.000000000000000000, 0.000000000000000000, 0.000000000000000000 ) ) ;
#2836 = ORIENTED_EDGE ( 'NONE', *, *, #3280, .T. ) ;
#2837 = DIRECTION ( 'NONE',  ( 0.000000000000000000, 0.000000000000000000, -1.000000000000000000 ) ) ;
#2838 = FACE_OUTER_BOUND ( 'NONE', #2002, .T. ) ;
#2839 = AXIS2_PLACEMENT_3D ( 'NONE', #424, #5329, #1585 ) ;
#2840 = DATE_AND_TIME ( #7550, #294 ) ;
#2841 = DIRECTION ( 'NONE',  ( 1.000000000000000000, 3.469446951953611033E-15, 0.000000000000000000 ) ) ;
#2842 = AXIS2_PLACEMENT_3D ( 'NONE', #3411, #2737, #462 ) ;
#2843 = ORIENTED_EDGE ( 'NONE', *, *, #2725, .T. ) ;
#2844 = CARTESIAN_POINT ( 'NONE',  ( 27.62367946251699991, -6.851579106325129231, 20.52733730540035140 ) ) ;
#2845 = DIRECTION ( 'NONE',  ( -1.000000000000000000, 0.000000000000000000, 0.000000000000000000 ) ) ;
#2846 = ORIENTED_EDGE ( 'NONE', *, *, #621, .F. ) ;
#2847 = ORIENTED_EDGE ( 'NONE', *, *, #5711, .T. ) ;
#2848 = CIRCLE ( 'NONE', #5364, 4.000000000000000000 ) ;
#2849 = CARTESIAN_POINT ( 'NONE',  ( -11.50000000000000000, 1.399999999999999911, 30.56012519531154936 ) ) ;
#2850 = CIRCLE ( 'NONE', #4740, 28.99999999999993250 ) ;
#2851 = VECTOR ( 'NONE', #1150, 1000.000000000000000 ) ;
#2852 = PLANE ( 'NONE',  #5839 ) ;
#2853 = ORIENTED_EDGE ( 'NONE', *, *, #5423, .F. ) ;
#2854 = CARTESIAN_POINT ( 'NONE',  ( -76.97255863797140307, 14.80357795871386095, -3.799999999999999822 ) ) ;
#2855 = FACE_OUTER_BOUND ( 'NONE', #5390, .T. ) ;
#2856 = VERTEX_POINT ( 'NONE', #5550 ) ;
#2857 = ORIENTED_EDGE ( 'NONE', *, *, #7013, .T. ) ;
#2858 = LINE ( 'NONE', #1186, #5274 ) ;
#2859 = EDGE_CURVE ( 'NONE', #6919, #4255, #2432, .T. ) ;
#2860 = CIRCLE ( 'NONE', #6978, 4.499999999999999112 ) ;
#2861 = CARTESIAN_POINT ( 'NONE',  ( -79.00000000000000000, 0.000000000000000000, 3.299999999999999822 ) ) ;
#2862 = EDGE_CURVE ( 'NONE', #7409, #1908, #7466, .T. ) ;
#2863 = VERTEX_POINT ( 'NONE', #6277 ) ;
#2864 = CARTESIAN_POINT ( 'NONE',  ( -7.247758274114829646, -2.600000000000000089, -5.000000000000000000 ) ) ;
#2865 = CYLINDRICAL_SURFACE ( 'NONE', #4851, 4.000000000000000000 ) ;
#2866 = ORIENTED_EDGE ( 'NONE', *, *, #6227, .F. ) ;
#2867 = FACE_OUTER_BOUND ( 'NONE', #3211, .T. ) ;
#2868 = ORIENTED_EDGE ( 'NONE', *, *, #571, .F. ) ;
#2869 = VECTOR ( 'NONE', #7004, 1000.000000000000114 ) ;
#2870 = DIRECTION ( 'NONE',  ( -1.000000000000000000, 0.000000000000000000, 0.000000000000000000 ) ) ;
#2871 = EDGE_CURVE ( 'NONE', #4361, #3768, #63, .T. ) ;
#2872 = DIRECTION ( 'NONE',  ( 0.000000000000000000, 0.000000000000000000, 1.000000000000000000 ) ) ;
#2873 = CALENDAR_DATE ( 2026, 9, 8 ) ;
#2874 = ORIENTED_EDGE ( 'NONE', *, *, #2814, .T. ) ;
#2875 = DIRECTION ( 'NONE',  ( 0.9991104390507969946, 0.04217025705071830027, 0.000000000000000000 ) ) ;
#2876 = CC_DESIGN_DATE_AND_TIME_ASSIGNMENT ( #7022, #5191, ( #4806 ) ) ;
#2877 = DIRECTION ( 'NONE',  ( 1.000000000000000000, -8.881784197001250351E-16, 0.000000000000000000 ) ) ;
#2878 = ORIENTED_EDGE ( 'NONE', *, *, #6614, .F. ) ;
#2879 = DIRECTION ( 'NONE',  ( 0.7071067811865435759, 8.659560562354883554E-17, -0.7071067811865515695 ) ) ;
#2880 = CARTESIAN_POINT ( 'NONE',  ( -58.20652884342099753, 46.50000000000000000, 0.5999999999999999778 ) ) ;
#2881 = VECTOR ( 'NONE', #5938, 1000.000000000000000 ) ;
#2882 = APPLICATION_PROTOCOL_DEFINITION ( 'international standard', 'config_control_design', 1994, #5109 ) ;
#2883 = CARTESIAN_POINT ( 'NONE',  ( 13.00000000000000000, 8.933825901280559061E-14, 5.000000000000000000 ) ) ;
#2884 = EDGE_CURVE ( 'NONE', #7365, #5950, #6123, .T. ) ;
#2885 = EDGE_LOOP ( 'NONE', ( #6752, #4891, #6783, #7726 ) ) ;
#2886 = AXIS2_PLACEMENT_3D ( 'NONE', #7061, #2721, #7017 ) ;
#2887 = DIRECTION ( 'NONE',  ( 0.000000000000000000, 0.000000000000000000, -1.000000000000000000 ) ) ;
#2888 = CARTESIAN_POINT ( 'NONE',  ( 0.000000000000000000, 0.000000000000000000, 0.5999999999999999778 ) ) ;
#2889 = ORIENTED_EDGE ( 'NONE', *, *, #6211, .F. ) ;
#2890 = ORIENTED_EDGE ( 'NONE', *, *, #7016, .F. ) ;
#2891 = AXIS2_PLACEMENT_3D ( 'NONE', #4666, #3416, #6454 ) ;
#2892 = DIRECTION ( 'NONE',  ( 0.000000000000000000, 0.000000000000000000, 1.000000000000000000 ) ) ;
#2893 = ADVANCED_FACE ( 'NONE', ( #5621 ), #4956, .F. ) ;
#2894 = CYLINDRICAL_SURFACE ( 'NONE', #3603, 35.50000000000000000 ) ;
#2895 = ORIENTED_EDGE ( 'NONE', *, *, #4178, .T. ) ;
#2896 = DIRECTION ( 'NONE',  ( 1.000000000000000000, 0.000000000000000000, 0.000000000000000000 ) ) ;
#2897 = VERTEX_POINT ( 'NONE', #808 ) ;
#2898 = ORIENTED_EDGE ( 'NONE', *, *, #1868, .F. ) ;
#2899 = CARTESIAN_POINT ( 'NONE',  ( 0.000000000000000000, 0.000000000000000000, -3.799999999999999822 ) ) ;
#2900 = VECTOR ( 'NONE', #4137, 999.9999999999998863 ) ;
#2901 = DIRECTION ( 'NONE',  ( 0.7064777666070777284, 0.02981887472495223929, 0.7071067811865566766 ) ) ;
#2902 = FACE_OUTER_BOUND ( 'NONE', #2658, .T. ) ;
#2903 = AXIS2_PLACEMENT_3D ( 'NONE', #6928, #1519, #356 ) ;
#2904 = CARTESIAN_POINT ( 'NONE',  ( -11.77285831576796049, 0.4969064900065369716, 3.799999999999999822 ) ) ;
#2905 = CARTESIAN_POINT ( 'NONE',  ( -12.39260979084540004, 25.66462979611909745, 0.5999999999999999778 ) ) ;
#2906 = ORIENTED_EDGE ( 'NONE', *, *, #5558, .T. ) ;
#2907 = CARTESIAN_POINT ( 'NONE',  ( -16.02991648673999947, 23.56462979611904984, -0.5999999999999999778 ) ) ;
#2908 = EDGE_LOOP ( 'NONE', ( #5289, #3075, #3937, #2932 ) ) ;
#2909 = CYLINDRICAL_SURFACE ( 'NONE', #1959, 28.50000000000000000 ) ;
#2910 = DIRECTION ( 'NONE',  ( -1.000000000000000000, 0.000000000000000000, 0.000000000000000000 ) ) ;
#2911 = VECTOR ( 'NONE', #48, 1000.000000000000000 ) ;
#2912 = PERSON_AND_ORGANIZATION ( #2664, #7165 ) ;
#2913 = AXIS2_PLACEMENT_3D ( 'NONE', #6062, #4344, #696 ) ;
#2914 = ORIENTED_EDGE ( 'NONE', *, *, #3028, .T. ) ;
#2915 = EDGE_CURVE ( 'NONE', #1985, #6726, #3689, .T. ) ;
#2916 = EDGE_CURVE ( 'NONE', #3905, #1436, #6824, .T. ) ;
#2917 = CYLINDRICAL_SURFACE ( 'NONE', #4318, 65.00000000000000000 ) ;
#2918 = LINE ( 'NONE', #3037, #1121 ) ;
#2919 = ORIENTED_EDGE ( 'NONE', *, *, #1159, .F. ) ;
#2920 = AXIS2_PLACEMENT_3D ( 'NONE', #7157, #2892, #5282 ) ;
#2921 = DIRECTION ( 'NONE',  ( 1.000000000000000000, 1.734723475976807094E-15, 0.000000000000000000 ) ) ;
#2922 = DIRECTION ( 'NONE',  ( 0.000000000000000000, -0.7071067811865380248, 0.7071067811865570096 ) ) ;
#2923 = VECTOR ( 'NONE', #4971, 1000.000000000000000 ) ;
#2924 = APPROVAL_DATE_TIME ( #6355, #1116 ) ;
#2925 = LINE ( 'NONE', #7066, #7505 ) ;
#2926 = ADVANCED_FACE ( 'NONE', ( #6244 ), #1430, .F. ) ;
#2927 = LOCAL_TIME ( 15, 19, 25.00000000000000000, #1644 ) ;
#2928 = ORIENTED_EDGE ( 'NONE', *, *, #6159, .F. ) ;
#2929 = CYLINDRICAL_SURFACE ( 'NONE', #676, 3.999999999999996447 ) ;
#2930 = FACE_OUTER_BOUND ( 'NONE', #620, .T. ) ;
#2931 = ORIENTED_EDGE ( 'NONE', *, *, #6524, .T. ) ;
#2932 = ORIENTED_EDGE ( 'NONE', *, *, #1949, .F. ) ;
#2933 = CIRCLE ( 'NONE', #2808, 6.000000000000000000 ) ;
#2934 = CIRCLE ( 'NONE', #183, 79.00000000000000000 ) ;
#2935 = AXIS2_PLACEMENT_3D ( 'NONE', #7401, #4322, #1299 ) ;
#2936 = VECTOR ( 'NONE', #7100, 1000.000000000000000 ) ;
#2937 = ADVANCED_FACE ( 'NONE', ( #4412, #144, #5510, #258, #4484, #2642, #1388 ), #5033, .T. ) ;
#2938 = DIRECTION ( 'NONE',  ( 0.9991104390507971056, 0.04217025705071510144, 0.000000000000000000 ) ) ;
#2939 = ORIENTED_EDGE ( 'NONE', *, *, #4227, .F. ) ;
#2940 = LINE ( 'NONE', #4846, #604 ) ;
#2941 = DIRECTION ( 'NONE',  ( -0.9991104390507969946, -0.04217025705071830027, 0.000000000000000000 ) ) ;
#2942 = VERTEX_POINT ( 'NONE', #7428 ) ;
#2943 = VERTEX_POINT ( 'NONE', #3908 ) ;
#2944 = DIRECTION ( 'NONE',  ( 0.000000000000000000, 0.000000000000000000, -1.000000000000000000 ) ) ;
#2945 = CARTESIAN_POINT ( 'NONE',  ( 62.70652884342099753, -46.50000000000000000, 5.000000000000000000 ) ) ;
#2946 = ADVANCED_FACE ( 'NONE', ( #2606 ), #1429, .T. ) ;
#2947 = VERTEX_POINT ( 'NONE', #2050 ) ;
#2948 = DIRECTION ( 'NONE',  ( 0.000000000000000000, 0.000000000000000000, -1.000000000000000000 ) ) ;
#2949 = CARTESIAN_POINT ( 'NONE',  ( 16.13079529294260084, 77.33561561930690686, -5.000000000000000000 ) ) ;
#2950 = AXIS2_PLACEMENT_3D ( 'NONE', #2059, #887, #3799 ) ;
#2951 = ORIENTED_EDGE ( 'NONE', *, *, #1555, .F. ) ;
#2952 = CARTESIAN_POINT ( 'NONE',  ( -6.347440429023340158, 1.399999999999999911, 30.56012519531154936 ) ) ;
#2953 = EDGE_LOOP ( 'NONE', ( #3544, #6256, #626, #4350 ) ) ;
#2954 = LINE ( 'NONE', #5301, #2344 ) ;
#2955 = CARTESIAN_POINT ( 'NONE',  ( -16.02870165184855011, -76.84614969766559511, 4.500000000000000000 ) ) ;
#2956 = APPROVAL_STATUS ( 'not_yet_approved' ) ;
#2957 = ORIENTED_EDGE ( 'NONE', *, *, #7432, .F. ) ;
#2958 = DIRECTION ( 'NONE',  ( 1.000000000000000000, 0.000000000000000000, 0.000000000000000000 ) ) ;
#2959 = CARTESIAN_POINT ( 'NONE',  ( -65.00000000000000000, 0.000000000000000000, 3.299999999999999822 ) ) ;
#2960 = ORIENTED_EDGE ( 'NONE', *, *, #3064, .F. ) ;
#2961 = CARTESIAN_POINT ( 'NONE',  ( 14.24233132880105934, 36.84299116956509579, -4.499999999999944933 ) ) ;
#2962 = CARTESIAN_POINT ( 'NONE',  ( -58.20652884342099753, 42.50000000000000000, 4.500000000000000000 ) ) ;
#2963 = APPROVAL_STATUS ( 'not_yet_approved' ) ;
#2964 = FACE_OUTER_BOUND ( 'NONE', #1809, .T. ) ;
#2965 = EDGE_CURVE ( 'NONE', #6260, #5041, #3873, .T. ) ;
#2966 = EDGE_CURVE ( 'NONE', #7120, #5126, #2687, .T. ) ;
#2967 = ORIENTED_EDGE ( 'NONE', *, *, #5575, .F. ) ;
#2968 = EDGE_CURVE ( 'NONE', #2989, #7474, #4921, .T. ) ;
#2969 = DIRECTION ( 'NONE',  ( 0.000000000000000000, 0.000000000000000000, -1.000000000000000000 ) ) ;
#2970 = CARTESIAN_POINT ( 'NONE',  ( 65.00000000000000000, 7.960204194457797252E-15, 3.299999999999999822 ) ) ;
#2971 = EDGE_LOOP ( 'NONE', ( #819, #7635 ) ) ;
#2972 = AXIS2_PLACEMENT_3D ( 'NONE', #4616, #1670, #5243 ) ;
#2973 = CYLINDRICAL_SURFACE ( 'NONE', #1291, 78.50000000000000000 ) ;
#2974 = CYLINDRICAL_SURFACE ( 'NONE', #2469, 6.000000000000000000 ) ;
#2975 = ORIENTED_EDGE ( 'NONE', *, *, #1153, .F. ) ;
#2976 = VECTOR ( 'NONE', #3531, 1000.000000000000114 ) ;
#2977 = CC_DESIGN_PERSON_AND_ORGANIZATION_ASSIGNMENT ( #6089, #4341, ( #4302 ) ) ;
#2978 = DIRECTION ( 'NONE',  ( 1.000000000000000000, 0.000000000000000000, 0.000000000000000000 ) ) ;
#2979 = ORIENTED_EDGE ( 'NONE', *, *, #371, .T. ) ;
#2980 = VERTEX_POINT ( 'NONE', #3397 ) ;
#2981 = DIRECTION ( 'NONE',  ( 0.000000000000000000, 0.000000000000000000, 1.000000000000000000 ) ) ;
#2982 = AXIS2_PLACEMENT_3D ( 'NONE', #7006, #1637, #4050 ) ;
#2983 = LINE ( 'NONE', #6838, #7408 ) ;
#2984 = ADVANCED_FACE ( 'NONE', ( #1653 ), #7627, .T. ) ;
#2985 = CIRCLE ( 'NONE', #3619, 6.499999999999999112 ) ;
#2986 = DIRECTION ( 'NONE',  ( 0.000000000000000000, 0.000000000000000000, -1.000000000000000000 ) ) ;
#2987 = DIRECTION ( 'NONE',  ( 0.000000000000000000, 0.000000000000000000, 1.000000000000000000 ) ) ;
#2988 = CARTESIAN_POINT ( 'NONE',  ( 9.838288441828840547, -46.33131897179710279, 4.500000000000000000 ) ) ;
#2989 = VERTEX_POINT ( 'NONE', #1695 ) ;
#2990 = DIRECTION ( 'NONE',  ( 1.000000000000000000, 0.000000000000000000, 0.000000000000000000 ) ) ;
#2991 = VERTEX_POINT ( 'NONE', #4643 ) ;
#2992 = AXIS2_PLACEMENT_3D ( 'NONE', #5105, #4521, #6274 ) ;
#2993 = CARTESIAN_POINT ( 'NONE',  ( -76.84614969766559511, -16.02870165184879880, -4.500000000000000000 ) ) ;
#2994 = DIRECTION ( 'NONE',  ( -7.771561172376090853E-16, -1.000000000000000000, 0.000000000000000000 ) ) ;
#2995 = DATE_AND_TIME ( #1340, #5171 ) ;
#2996 = ADVANCED_FACE ( 'NONE', ( #2838 ), #7549, .F. ) ;
#2997 = EDGE_CURVE ( 'NONE', #2591, #3039, #5321, .T. ) ;
#2998 = ORIENTED_EDGE ( 'NONE', *, *, #579, .T. ) ;
#2999 = LINE ( 'NONE', #6627, #3053 ) ;
#3000 = AXIS2_PLACEMENT_3D ( 'NONE', #6667, #26, #1203 ) ;
#3001 = DIRECTION ( 'NONE',  ( 0.000000000000000000, 0.000000000000000000, -1.000000000000000000 ) ) ;
#3002 = EDGE_LOOP ( 'NONE', ( #898, #4733, #4273, #4853 ) ) ;
#3003 = CARTESIAN_POINT ( 'NONE',  ( 14.80357795871362114, -70.97255863797140307, -5.000000000000000000 ) ) ;
#3004 = CARTESIAN_POINT ( 'NONE',  ( 14.80357795871362114, 70.97255863797140307, 3.799999999999999822 ) ) ;
#3005 = CARTESIAN_POINT ( 'NONE',  ( 28.96379781475134862, -1.448591090061386089, 3.799999999999999822 ) ) ;
#3006 = FACE_OUTER_BOUND ( 'NONE', #1218, .T. ) ;
#3007 = VERTEX_POINT ( 'NONE', #4524 ) ;
#3008 = DIRECTION ( 'NONE',  ( 0.8660254037844329345, 0.5000000000000101030, 0.000000000000000000 ) ) ;
#3009 = CIRCLE ( 'NONE', #369, 78.50000000000000000 ) ;
#3010 = EDGE_CURVE ( 'NONE', #2313, #2828, #3322, .T. ) ;
#3011 = ORIENTED_EDGE ( 'NONE', *, *, #2181, .T. ) ;
#3012 = CARTESIAN_POINT ( 'NONE',  ( -11.50000000000000000, -1.399999999999999911, -5.000000000000000000 ) ) ;
#3013 = ADVANCED_FACE ( 'NONE', ( #4690 ), #71, .T. ) ;
#3014 = EDGE_CURVE ( 'NONE', #4068, #4491, #960, .T. ) ;
#3015 = DIRECTION ( 'NONE',  ( 1.000000000000000000, 0.000000000000000000, 0.000000000000000000 ) ) ;
#3016 = ORIENTED_EDGE ( 'NONE', *, *, #708, .T. ) ;
#3017 = ADVANCED_FACE ( 'NONE', ( #5273 ), #5856, .T. ) ;
#3018 = DIRECTION ( 'NONE',  ( 0.000000000000000000, 0.000000000000000000, 1.000000000000000000 ) ) ;
#3019 = ORIENTED_EDGE ( 'NONE', *, *, #7464, .F. ) ;
#3020 = ORIENTED_EDGE ( 'NONE', *, *, #4310, .F. ) ;
#3021 = AXIS2_PLACEMENT_3D ( 'NONE', #2107, #828, #241 ) ;
#3022 = DIRECTION ( 'NONE',  ( 1.000000000000000000, 0.000000000000000000, 0.000000000000000000 ) ) ;
#3023 = CARTESIAN_POINT ( 'NONE',  ( 58.20652884342099753, 46.50000000000000000, 0.5999999999999999778 ) ) ;
#3024 = EDGE_CURVE ( 'NONE', #6727, #2989, #5189, .T. ) ;
#3025 = DIRECTION ( 'NONE',  ( 0.000000000000000000, 0.000000000000000000, 1.000000000000000000 ) ) ;
#3026 = FACE_OUTER_BOUND ( 'NONE', #5870, .T. ) ;
#3027 = ORIENTED_EDGE ( 'NONE', *, *, #5190, .T. ) ;
#3028 = EDGE_CURVE ( 'NONE', #2684, #6619, #731, .T. ) ;
#3029 = VECTOR ( 'NONE', #1529, 1000.000000000000114 ) ;
#3030 = ORIENTED_EDGE ( 'NONE', *, *, #5217, .F. ) ;
#3031 = PLANE ( 'NONE',  #5638 ) ;
#3032 = DIRECTION ( 'NONE',  ( 0.000000000000000000, 0.000000000000000000, -1.000000000000000000 ) ) ;
#3033 = CALENDAR_DATE ( 2026, 9, 8 ) ;
#3034 = AXIS2_PLACEMENT_3D ( 'NONE', #363, #2752, #5141 ) ;
#3035 = VERTEX_POINT ( 'NONE', #3949 ) ;
#3036 = DIRECTION ( 'NONE',  ( 1.000000000000000000, 0.000000000000000000, 0.000000000000000000 ) ) ;
#3037 = CARTESIAN_POINT ( 'NONE',  ( -33.11205535492550212, 12.80006992841649982, -0.5999999999999999778 ) ) ;
#3038 = ADVANCED_FACE ( 'NONE', ( #1037 ), #6318, .F. ) ;
#3039 = VERTEX_POINT ( 'NONE', #3984 ) ;
#3040 = CARTESIAN_POINT ( 'NONE',  ( -12.69999999999999929, 2.600000000000000089, -5.000000000000000000 ) ) ;
#3041 = CARTESIAN_POINT ( 'NONE',  ( -6.500000000000129674, 11.25833024919761982, 0.5999999999999999778 ) ) ;
#3042 = AXIS2_PLACEMENT_3D ( 'NONE', #554, #5448, #83 ) ;
#3043 = EDGE_CURVE ( 'NONE', #2216, #2157, #5774, .T. ) ;
#3044 = DIRECTION ( 'NONE',  ( 1.000000000000000000, 0.000000000000000000, 0.000000000000000000 ) ) ;
#3045 = LINE ( 'NONE', #2452, #93 ) ;
#3046 = CIRCLE ( 'NONE', #3436, 2.099999999999999645 ) ;
#3047 = SECURITY_CLASSIFICATION ( '', '', #2279 ) ;
#3048 = ORIENTED_EDGE ( 'NONE', *, *, #4535, .T. ) ;
#3049 = AXIS2_PLACEMENT_3D ( 'NONE', #597, #2987, #4211 ) ;
#3050 = CYLINDRICAL_SURFACE ( 'NONE', #6177, 29.00000000000000000 ) ;
#3051 = CIRCLE ( 'NONE', #6536, 6.499999999999999112 ) ;
#3052 = APPROVAL_PERSON_ORGANIZATION ( #4217, #4796, #4251 ) ;
#3053 = VECTOR ( 'NONE', #6041, 1000.000000000000000 ) ;
#3054 = DIRECTION ( 'NONE',  ( 1.000000000000000000, 0.000000000000000000, 0.000000000000000000 ) ) ;
#3055 = ORIENTED_EDGE ( 'NONE', *, *, #7201, .F. ) ;
#3056 = CARTESIAN_POINT ( 'NONE',  ( 0.000000000000000000, 0.000000000000000000, -5.000000000000000000 ) ) ;
#3057 = ORIENTED_EDGE ( 'NONE', *, *, #2525, .T. ) ;
#3058 = ORIENTED_EDGE ( 'NONE', *, *, #2696, .F. ) ;
#3059 = VECTOR ( 'NONE', #6796, 1000.000000000000114 ) ;
#3060 = PLANE ( 'NONE',  #537 ) ;
#3061 = EDGE_CURVE ( 'NONE', #6727, #2380, #998, .T. ) ;
#3062 = EDGE_CURVE ( 'NONE', #3095, #7362, #1759, .T. ) ;
#3063 = AXIS2_PLACEMENT_3D ( 'NONE', #1158, #5930, #3511 ) ;
#3064 = EDGE_CURVE ( 'NONE', #7287, #4389, #2207, .T. ) ;
#3065 = CIRCLE ( 'NONE', #5685, 65.00000000000000000 ) ;
#3066 = DIRECTION ( 'NONE',  ( 1.000000000000000000, 0.000000000000000000, 0.000000000000000000 ) ) ;
#3067 = CARTESIAN_POINT ( 'NONE',  ( 79.00000000000000000, 9.674709713264090904E-15, -3.299999999999999822 ) ) ;
#3068 = CIRCLE ( 'NONE', #7443, 2.100000000000046274 ) ;
#3069 = VERTEX_POINT ( 'NONE', #1610 ) ;
#3070 = VERTEX_POINT ( 'NONE', #4021 ) ;
#3071 = APPROVAL ( #2956, '未指定' ) ;
#3072 = CARTESIAN_POINT ( 'NONE',  ( 58.20652884342099753, 46.50000000000000000, 5.000000000000000000 ) ) ;
#3073 = DIRECTION ( 'NONE',  ( 0.000000000000000000, 0.000000000000000000, 1.000000000000000000 ) ) ;
#3074 = PERSON_AND_ORGANIZATION_ROLE ( 'design_supplier' ) ;
#3075 = ORIENTED_EDGE ( 'NONE', *, *, #5401, .T. ) ;
#3076 = CARTESIAN_POINT ( 'NONE',  ( 16.02870165184855011, -76.84614969766559511, 4.500000000000000000 ) ) ;
#3077 = DIRECTION ( 'NONE',  ( 1.000000000000000000, 0.000000000000000000, 0.000000000000000000 ) ) ;
#3078 = ORIENTED_EDGE ( 'NONE', *, *, #2576, .F. ) ;
#3079 = CARTESIAN_POINT ( 'NONE',  ( -36.84299116956495368, 14.24233132880143948, -5.000000000000000000 ) ) ;
#3080 = CARTESIAN_POINT ( 'NONE',  ( 0.000000000000000000, 0.000000000000000000, -4.500000000000000000 ) ) ;
#3081 = DIRECTION ( 'NONE',  ( 0.000000000000000000, 0.000000000000000000, -1.000000000000000000 ) ) ;
#3082 = CARTESIAN_POINT ( 'NONE',  ( 0.000000000000000000, 0.000000000000000000, 3.799999999999999822 ) ) ;
#3083 = ORIENTED_EDGE ( 'NONE', *, *, #7560, .T. ) ;
#3084 = LINE ( 'NONE', #2605, #3481 ) ;
#3085 = LINE ( 'NONE', #5470, #6677 ) ;
#3086 = SECURITY_CLASSIFICATION_LEVEL ( 'unclassified' ) ;
#3087 = DIRECTION ( 'NONE',  ( 0.000000000000000000, 0.000000000000000000, 1.000000000000000000 ) ) ;
#3088 = CARTESIAN_POINT ( 'NONE',  ( 4.098333950160509609, -12.29852262806234009, 5.000000000000000000 ) ) ;
#3089 = ORIENTED_EDGE ( 'NONE', *, *, #7631, .T. ) ;
#3090 = DIRECTION ( 'NONE',  ( 1.000000000000000000, 0.000000000000000000, 0.000000000000000000 ) ) ;
#3091 = ORIENTED_EDGE ( 'NONE', *, *, #4076, .T. ) ;
#3092 = ORIENTED_EDGE ( 'NONE', *, *, #2089, .T. ) ;
#3093 = AXIS2_PLACEMENT_3D ( 'NONE', #2276, #6583, #2870 ) ;
#3094 = LINE ( 'NONE', #4749, #7025 ) ;
#3095 = VERTEX_POINT ( 'NONE', #2290 ) ;
#3096 = VECTOR ( 'NONE', #4782, 1000.000000000000114 ) ;
#3097 = VECTOR ( 'NONE', #1136, 1000.000000000000000 ) ;
#3098 = CARTESIAN_POINT ( 'NONE',  ( 8.808915324408827630, -70.71953709566709279, -4.500000000000000000 ) ) ;
#3099 = DIRECTION ( 'NONE',  ( 0.000000000000000000, 0.000000000000000000, -1.000000000000000000 ) ) ;
#3100 = VERTEX_POINT ( 'NONE', #3435 ) ;
#3101 = VECTOR ( 'NONE', #2747, 1000.000000000000000 ) ;
#3102 = ORIENTED_EDGE ( 'NONE', *, *, #2190, .F. ) ;
#3103 = EDGE_CURVE ( 'NONE', #4382, #5004, #5819, .T. ) ;
#3104 = CARTESIAN_POINT ( 'NONE',  ( 14.80357795871362114, -70.97255863797140307, -3.799999999999999822 ) ) ;
#3105 = AXIS2_PLACEMENT_3D ( 'NONE', #4912, #4807, #7192 ) ;
#3106 = CYLINDRICAL_SURFACE ( 'NONE', #2146, 6.500000000000000000 ) ;
#3107 = EDGE_CURVE ( 'NONE', #2448, #2338, #3065, .T. ) ;
#3108 = APPLICATION_PROTOCOL_DEFINITION ( 'international standard', 'config_control_design', 1994, #1645 ) ;
#3109 = VECTOR ( 'NONE', #4132, 1000.000000000000000 ) ;
#3110 = ORIENTED_EDGE ( 'NONE', *, *, #3264, .T. ) ;
#3111 = DIRECTION ( 'NONE',  ( 1.000000000000000000, 0.000000000000000000, 0.000000000000000000 ) ) ;
#3112 = VECTOR ( 'NONE', #7177, 1000.000000000000227 ) ;
#3113 = DIRECTION ( 'NONE',  ( 1.000000000000000000, 0.000000000000000000, 0.000000000000000000 ) ) ;
#3114 = EDGE_LOOP ( 'NONE', ( #1415, #230, #1135, #2694 ) ) ;
#3115 = LINE ( 'NONE', #647, #7616 ) ;
#3116 = CARTESIAN_POINT ( 'NONE',  ( 1.372213087217910132, 7.576742785872299990, 30.80087640576605068 ) ) ;
#3117 = ADVANCED_FACE ( 'NONE', ( #5892 ), #4699, .F. ) ;
#3118 = APPLICATION_CONTEXT ( 'configuration controlled 3d designs of mechanical parts and assemblies' ) ;
#3119 = CYLINDRICAL_SURFACE ( 'NONE', #1633, 6.500000000000000000 ) ;
#3120 = AXIS2_PLACEMENT_3D ( 'NONE', #4910, #6113, #172 ) ;
#3121 = EDGE_CURVE ( 'NONE', #6803, #5534, #5058, .T. ) ;
#3122 = ORIENTED_EDGE ( 'NONE', *, *, #5896, .F. ) ;
#3123 = PLANE ( 'NONE',  #5094 ) ;
#3124 = FACE_OUTER_BOUND ( 'NONE', #6259, .T. ) ;
#3125 = EDGE_CURVE ( 'NONE', #2704, #6760, #2410, .T. ) ;
#3126 = CLOSED_SHELL ( 'NONE', ( #2678, #6937, #7307, #4, #771, #7715, #2616, #138, #4670, #7075, #1784, #2280, #5114, #973, #568, #2618, #5747, #1718, #2481, #3017, #667, #458, #5813, #5152, #3971, #1940, #1178, #2483, #7422, #1737, #4307, #3606, #1606, #4923, #6576, #6974, #5874, #6756, #7618, #3235, #1700, #6826, #1266, #3013, #6069, #7670, #1510, #3752, #1255, #2090, #3735, #481, #3975, #5504, #4628, #830, #1199, #1828, #1943, #4828, #4742, #1002, #6350, #2893, #6626, #3275, #146, #100, #6204, #3997, #6904, #5732, #5363, #817, #1332, #6623, #7581, #5565, #6827, #6136, #6238, #4404, #5786, #2984, #6127, #2996, #245, #6914, #4117, #4561, #1245, #3255, #3609, #3348, #331, #6828, #1285, #375, #5828, #4978, #853, #6253, #4317, #3362, #5778, #6053, #4583, #7170, #5325, #2784, #4153, #2762, #1494, #280, #254, #2119, #2458, #1575, #2136, #659, #3253, #5973, #5256, #3684, #3135, #7416, #3642, #5235, #6970, #2647, #2748, #1793, #1860, #584, #2524, #2281, #5883, #2774, #1084, #4049, #814, #6320, #139, #2434, #3224, #5498, #4999, #1372, #4485, #4858, #1, #4276, #5496, #7718, #2627, #677, #4906, #598, #3377, #3814, #3038, #1557, #1758, #2202, #2564, #1680, #2343, #419, #5455, #3400, #7379, #4025, #3310, #3920, #4635, #2070, #4967, #5241, #1023, #1631, #5644, #5090, #2937, #6120, #3590, #2638, #3867, #328, #4349, #4831, #2946, #927, #2440, #3545, #6444, #4614, #4569, #6728, #7299, #2383, #4756, #2770, #4015, #1283, #7121, #2404, #1862, #7198, #3944, #3117, #5791, #1839, #1329, #2926, #753, #282, #6067, #1473, #730, #2210 ) ) ;
#3127 =( NAMED_UNIT ( * ) SI_UNIT ( $, .STERADIAN. ) SOLID_ANGLE_UNIT ( ) );
#3128 = AXIS2_PLACEMENT_3D ( 'NONE', #1537, #1086, #2807 ) ;
#3129 = FACE_OUTER_BOUND ( 'NONE', #7018, .T. ) ;
#3130 = ORIENTED_EDGE ( 'NONE', *, *, #5131, .T. ) ;
#3131 = LINE ( 'NONE', #42, #5417 ) ;
#3132 = ORIENTED_EDGE ( 'NONE', *, *, #5233, .F. ) ;
#3133 = EDGE_LOOP ( 'NONE', ( #5901, #5799, #3487, #7152 ) ) ;
#3135 = ADVANCED_FACE ( 'NONE', ( #3597 ), #4875, .F. ) ;
#3134 = CIRCLE ( 'NONE', #4268, 5.999999999999998224 ) ;
#3136 = CARTESIAN_POINT ( 'NONE',  ( 0.000000000000000000, 0.000000000000000000, -4.500000000000000000 ) ) ;
#3137 = CIRCLE ( 'NONE', #5112, 4.499999999999999112 ) ;
#3138 = EDGE_LOOP ( 'NONE', ( #3963, #4333, #6180, #3091 ) ) ;
#3139 = PLANE ( 'NONE',  #6283 ) ;
#3140 = VECTOR ( 'NONE', #1447, 1000.000000000000227 ) ;
#3141 = DIRECTION ( 'NONE',  ( 0.000000000000000000, 0.000000000000000000, 1.000000000000000000 ) ) ;
#3142 = ORIENTED_EDGE ( 'NONE', *, *, #1239, .T. ) ;
#3143 = ORIENTED_EDGE ( 'NONE', *, *, #1849, .T. ) ;
#3144 = CARTESIAN_POINT ( 'NONE',  ( 13.83473019803201964, -42.50000000000000000, 4.500000000000000000 ) ) ;
#3145 = LINE ( 'NONE', #2589, #6520 ) ;
#3146 = APPROVAL_STATUS ( 'not_yet_approved' ) ;
#3147 = CIRCLE ( 'NONE', #1761, 6.499999999999999112 ) ;
#3148 = ORIENTED_EDGE ( 'NONE', *, *, #7461, .T. ) ;
#3149 = CIRCLE ( 'NONE', #7396, 28.99999999999998934 ) ;
#3150 = DIRECTION ( 'NONE',  ( 1.000000000000000000, 0.000000000000000000, 0.000000000000000000 ) ) ;
#3151 = DIRECTION ( 'NONE',  ( -0.5000000000000011102, 0.8660254037844379305, 0.000000000000000000 ) ) ;
#3152 = ORIENTED_EDGE ( 'NONE', *, *, #1555, .T. ) ;
#3153 = DIRECTION ( 'NONE',  ( 0.5000000000000008882, -0.8660254037844382635, 0.000000000000000000 ) ) ;
#3154 = CARTESIAN_POINT ( 'NONE',  ( 8.601666049839581163, -9.698522628062329787, 30.80087640576605068 ) ) ;
#3155 = PLANE ( 'NONE',  #6759 ) ;
#3156 = AXIS2_PLACEMENT_3D ( 'NONE', #5018, #6262, #2031 ) ;
#3157 = EDGE_CURVE ( 'NONE', #5670, #1799, #6059, .T. ) ;
#3158 = ORIENTED_EDGE ( 'NONE', *, *, #5015, .F. ) ;
#3159 = AXIS2_PLACEMENT_3D ( 'NONE', #5007, #4316, #1440 ) ;
#3160 = DIRECTION ( 'NONE',  ( 1.000000000000000000, 0.000000000000000000, 0.000000000000000000 ) ) ;
#3161 = DIRECTION ( 'NONE',  ( 0.9991104390507971056, -0.04217025705071496267, 0.000000000000000000 ) ) ;
#3162 = CALENDAR_DATE ( 2026, 9, 8 ) ;
#3163 = APPROVAL ( #3146, '未指定' ) ;
#3164 = FACE_OUTER_BOUND ( 'NONE', #1193, .T. ) ;
#3165 = CIRCLE ( 'NONE', #4044, 3.999999999999996447 ) ;
#3166 = CIRCLE ( 'NONE', #6149, 29.00000000000000000 ) ;
#3167 = AXIS2_PLACEMENT_3D ( 'NONE', #1163, #4191, #4294 ) ;
#3168 = B_SPLINE_CURVE_WITH_KNOTS ( 'NONE', 3,
 ( #5000, #2015, #4420, #3877 ),
 .UNSPECIFIED., .F., .F.,
 ( 4, 4 ),
 ( 1.354862346603551877E-17, 0.0007080544432370829491 ),
 .UNSPECIFIED. ) ;
#3169 = CARTESIAN_POINT ( 'NONE',  ( -8.309360104883459996, 70.69845196714169333, -5.000000000000000000 ) ) ;
#3170 = ORIENTED_EDGE ( 'NONE', *, *, #4266, .F. ) ;
#3171 = FACE_OUTER_BOUND ( 'NONE', #3114, .T. ) ;
#3172 = EDGE_LOOP ( 'NONE', ( #886, #7473, #1619, #1119 ) ) ;
#3173 = APPROVAL_PERSON_ORGANIZATION ( #6985, #4709, #7065 ) ;
#3174 = VERTEX_POINT ( 'NONE', #5314 ) ;
#3175 = AXIS2_PLACEMENT_3D ( 'NONE', #5524, #1951, #4353 ) ;
#3176 = LINE ( 'NONE', #5597, #2411 ) ;
#3177 = ORIENTED_EDGE ( 'NONE', *, *, #4968, .T. ) ;
#3178 = EDGE_CURVE ( 'NONE', #4476, #3695, #1125, .T. ) ;
#3179 = LOCAL_TIME ( 15, 19, 25.00000000000000000, #6585 ) ;
#3180 = LINE ( 'NONE', #6182, #4311 ) ;
#3181 = CARTESIAN_POINT ( 'NONE',  ( 0.4758213614811430126, -11.27330309624259996, -5.000000000000000000 ) ) ;
#3182 = CARTESIAN_POINT ( 'NONE',  ( 12.80006992841613922, 33.11205535492559449, -0.5999999999999999778 ) ) ;
#3183 = ORIENTED_EDGE ( 'NONE', *, *, #448, .T. ) ;
#3184 = ORIENTED_EDGE ( 'NONE', *, *, #4414, .F. ) ;
#3185 = DIRECTION ( 'NONE',  ( 0.000000000000000000, 0.000000000000000000, -1.000000000000000000 ) ) ;
#3186 = FACE_OUTER_BOUND ( 'NONE', #5287, .T. ) ;
#3187 = VECTOR ( 'NONE', #823, 1000.000000000000000 ) ;
#3188 = PERSON_AND_ORGANIZATION_ROLE ( 'creator' ) ;
#3189 = EDGE_CURVE ( 'NONE', #2437, #5248, #3795, .T. ) ;
#3190 = AXIS2_PLACEMENT_3D ( 'NONE', #3402, #1617, #5194 ) ;
#3191 = ORIENTED_EDGE ( 'NONE', *, *, #3760, .F. ) ;
#3192 = CARTESIAN_POINT ( 'NONE',  ( -6.347440429023340158, 1.399999999999999911, 5.000000000000000000 ) ) ;
#3193 = DIRECTION ( 'NONE',  ( -0.4999999999999995004, -0.8660254037844390407, 0.000000000000000000 ) ) ;
#3194 = ORIENTED_EDGE ( 'NONE', *, *, #2047, .T. ) ;
#3195 = CARTESIAN_POINT ( 'NONE',  ( -36.65322501283674939, 9.746334353072889201, -5.000000000000000000 ) ) ;
#3196 = LINE ( 'NONE', #1312, #412 ) ;
#3197 = DIRECTION ( 'NONE',  ( -1.000000000000000000, 3.885780586188044933E-16, 0.000000000000000000 ) ) ;
#3198 = VERTEX_POINT ( 'NONE', #4224 ) ;
#3199 = CARTESIAN_POINT ( 'NONE',  ( 0.000000000000000000, 42.00000000000000000, 5.000000000000000000 ) ) ;
#3200 = LINE ( 'NONE', #5907, #3097 ) ;
#3201 = DIRECTION ( 'NONE',  ( 0.04217025705072554448, -0.9991104390507966615, 0.000000000000000000 ) ) ;
#3202 = APPROVAL_ROLE ( '' ) ;
#3203 = EDGE_CURVE ( 'NONE', #1629, #5547, #4257, .T. ) ;
#3204 = CARTESIAN_POINT ( 'NONE',  ( 66.50000000000000000, 0.000000000000000000, 3.299999999999999822 ) ) ;
#3205 = CARTESIAN_POINT ( 'NONE',  ( 0.000000000000000000, 0.000000000000000000, 0.000000000000000000 ) ) ;
#3206 = EDGE_CURVE ( 'NONE', #6011, #4068, #50, .T. ) ;
#3207 = DIRECTION ( 'NONE',  ( 1.000000000000000000, 0.000000000000000000, 0.000000000000000000 ) ) ;
#3208 = ORIENTED_EDGE ( 'NONE', *, *, #5210, .T. ) ;
#3209 = CARTESIAN_POINT ( 'NONE',  ( -16.28058613717015035, -23.99880236658034960, 5.000000000000000000 ) ) ;
#3210 = EDGE_LOOP ( 'NONE', ( #3286, #4703, #2370, #4752 ) ) ;
#3211 = EDGE_LOOP ( 'NONE', ( #805, #3289, #3020, #6766 ) ) ;
#3212 = EDGE_CURVE ( 'NONE', #1854, #7342, #4808, .T. ) ;
#3213 = CARTESIAN_POINT ( 'NONE',  ( 0.000000000000000000, 0.000000000000000000, 0.5999999999999999778 ) ) ;
#3214 = ORIENTED_EDGE ( 'NONE', *, *, #498, .T. ) ;
#3215 = APPROVAL ( #2607, 'UNKNOWN' ) ;
#3216 = VECTOR ( 'NONE', #1196, 1000.000000000000000 ) ;
#3217 = FACE_OUTER_BOUND ( 'NONE', #5144, .T. ) ;
#3218 = ORIENTED_EDGE ( 'NONE', *, *, #4370, .F. ) ;
#3219 = CARTESIAN_POINT ( 'NONE',  ( 5.875545186896980354, -4.976742785872279917, 30.80087640576605068 ) ) ;
#3220 = DIRECTION ( 'NONE',  ( 1.000000000000000000, 0.000000000000000000, 0.000000000000000000 ) ) ;
#3221 = ORIENTED_EDGE ( 'NONE', *, *, #1823, .T. ) ;
#3222 = ORIENTED_EDGE ( 'NONE', *, *, #3264, .F. ) ;
#3223 = DIRECTION ( 'NONE',  ( 0.000000000000000000, 0.000000000000000000, -1.000000000000000000 ) ) ;
#3224 = ADVANCED_FACE ( 'NONE', ( #7748 ), #2372, .F. ) ;
#3225 = DIRECTION ( 'NONE',  ( 1.000000000000000000, 0.000000000000000000, 0.000000000000000000 ) ) ;
#3226 = CIRCLE ( 'NONE', #7228, 6.499999999999999112 ) ;
#3227 = ORIENTED_EDGE ( 'NONE', *, *, #3991, .F. ) ;
#3228 = FACE_OUTER_BOUND ( 'NONE', #3338, .T. ) ;
#3229 = DIRECTION ( 'NONE',  ( 0.8660254037844380415, -0.5000000000000012212, 0.000000000000000000 ) ) ;
#3230 = ORIENTED_EDGE ( 'NONE', *, *, #802, .T. ) ;
#3231 = DIRECTION ( 'NONE',  ( 0.000000000000000000, 0.000000000000000000, 1.000000000000000000 ) ) ;
#3232 = DIRECTION ( 'NONE',  ( 0.8660254037844381525, 0.5000000000000007772, 0.000000000000000000 ) ) ;
#3233 = VECTOR ( 'NONE', #1013, 1000.000000000000000 ) ;
#3234 = CARTESIAN_POINT ( 'NONE',  ( 0.000000000000000000, 0.000000000000000000, -0.5999999999999999778 ) ) ;
#3235 = ADVANCED_FACE ( 'NONE', ( #6047 ), #4839, .F. ) ;
#3236 = AXIS2_PLACEMENT_3D ( 'NONE', #757, #3153, #5391 ) ;
#3237 = ORIENTED_EDGE ( 'NONE', *, *, #6278, .F. ) ;
#3238 = CARTESIAN_POINT ( 'NONE',  ( 58.20652884342099753, -46.50000000000000000, 4.500000000000000000 ) ) ;
#3239 = CARTESIAN_POINT ( 'NONE',  ( -4.681346652052820190, 12.30833024919764007, 5.000000000000000000 ) ) ;
#3240 = DIRECTION ( 'NONE',  ( 0.000000000000000000, 0.000000000000000000, 1.000000000000000000 ) ) ;
#3241 = ITEM_DEFINED_TRANSFORMATION ( 'NONE', 'NONE', #6538,  #2920 ) ;
#3242 = VECTOR ( 'NONE', #2117, 1000.000000000000114 ) ;
#3243 = LINE ( 'NONE', #4996, #384 ) ;
#3244 = ADVANCED_BREP_SHAPE_REPRESENTATION ( '', ( #3688, #44 ), #2288 ) ;
#3245 = EDGE_CURVE ( 'NONE', #5497, #2558, #3424, .T. ) ;
#3246 = PLANE ( 'NONE',  #7433 ) ;
#3247 = VERTEX_POINT ( 'NONE', #1779 ) ;
#3248 = AXIS2_PLACEMENT_3D ( 'NONE', #2593, #4397, #3113 ) ;
#3249 = FACE_OUTER_BOUND ( 'NONE', #7742, .T. ) ;
#3250 = VERTEX_POINT ( 'NONE', #1894 ) ;
#3251 = VERTEX_POINT ( 'NONE', #6514 ) ;
#3252 = DIRECTION ( 'NONE',  ( 1.000000000000000000, 0.000000000000000000, 0.000000000000000000 ) ) ;
#3253 = ADVANCED_FACE ( 'NONE', ( #5969 ), #3668, .F. ) ;
#3254 = EDGE_CURVE ( 'NONE', #4173, #2261, #4051, .T. ) ;
#3255 = ADVANCED_FACE ( 'NONE', ( #99 ), #7193, .F. ) ;
#3256 = DIRECTION ( 'NONE',  ( 0.000000000000000000, 0.000000000000000000, 1.000000000000000000 ) ) ;
#3257 = DIRECTION ( 'NONE',  ( 1.000000000000000000, -4.625929269271485322E-15, 0.000000000000000000 ) ) ;
#3258 = DIRECTION ( 'NONE',  ( 0.000000000000000000, 0.000000000000000000, -1.000000000000000000 ) ) ;
#3259 = VERTEX_POINT ( 'NONE', #6818 ) ;
#3260 = ORIENTED_EDGE ( 'NONE', *, *, #3681, .F. ) ;
#3261 = AXIS2_PLACEMENT_3D ( 'NONE', #6356, #6986, #3439 ) ;
#3262 = DIRECTION ( 'NONE',  ( 1.000000000000000000, 0.000000000000000000, 0.000000000000000000 ) ) ;
#3263 = CARTESIAN_POINT ( 'NONE',  ( -10.36068798139391944, -33.95447164295450193, -0.5999999999999999778 ) ) ;
#3264 = EDGE_CURVE ( 'NONE', #6912, #1911, #6781, .T. ) ;
#3265 = VECTOR ( 'NONE', #5573, 1000.000000000000000 ) ;
#3266 = EDGE_CURVE ( 'NONE', #5996, #4984, #800, .T. ) ;
#3267 = ORIENTED_EDGE ( 'NONE', *, *, #6365, .F. ) ;
#3268 = PLANE ( 'NONE',  #3803 ) ;
#3269 = DIRECTION ( 'NONE',  ( 0.8660254037844390407, -0.4999999999999995004, 0.000000000000000000 ) ) ;
#3270 = ORIENTED_EDGE ( 'NONE', *, *, #1597, .T. ) ;
#3271 = LINE ( 'NONE', #3195, #3989 ) ;
#3272 = CARTESIAN_POINT ( 'NONE',  ( -12.80006992841635949, 33.11205535492555185, -0.5999999999999999778 ) ) ;
#3273 = CIRCLE ( 'NONE', #7648, 29.00000000000000000 ) ;
#3274 = DIRECTION ( 'NONE',  ( -0.04217025705071829333, -0.9991104390507968835, 0.000000000000000000 ) ) ;
#3275 = ADVANCED_FACE ( 'NONE', ( #2004 ), #7421, .F. ) ;
#3276 = ORIENTED_EDGE ( 'NONE', *, *, #6851, .F. ) ;
#3277 = CARTESIAN_POINT ( 'NONE',  ( 1.372213087217910132, -7.576742785872299990, 5.000000000000000000 ) ) ;
#3278 = CARTESIAN_POINT ( 'NONE',  ( -10.00000000000000000, -42.50000000000000000, 0.5999999999999999778 ) ) ;
#3279 = CARTESIAN_POINT ( 'NONE',  ( -0.4969064900064990020, 11.77285831576798003, -3.799999999999999822 ) ) ;
#3280 = EDGE_CURVE ( 'NONE', #643, #1713, #3051, .T. ) ;
#3281 = VECTOR ( 'NONE', #6561, 999.9999999999998863 ) ;
#3282 = DIRECTION ( 'NONE',  ( 1.000000000000000000, 0.000000000000000000, 0.000000000000000000 ) ) ;
#3283 = EDGE_CURVE ( 'NONE', #2016, #4465, #1380, .T. ) ;
#3284 = CIRCLE ( 'NONE', #3034, 3.999999999999996447 ) ;
#3285 = DIRECTION ( 'NONE',  ( 0.000000000000000000, 0.000000000000000000, 1.000000000000000000 ) ) ;
#3286 = ORIENTED_EDGE ( 'NONE', *, *, #4878, .F. ) ;
#3287 = LINE ( 'NONE', #5115, #3292 ) ;
#3288 = VERTEX_POINT ( 'NONE', #2635 ) ;
#3289 = ORIENTED_EDGE ( 'NONE', *, *, #3521, .F. ) ;
#3290 = AXIS2_PLACEMENT_3D ( 'NONE', #3213, #1947, #1986 ) ;
#3291 = DIRECTION ( 'NONE',  ( 0.000000000000000000, 0.000000000000000000, -1.000000000000000000 ) ) ;
#3292 = VECTOR ( 'NONE', #191, 1000.000000000000114 ) ;
#3293 = CIRCLE ( 'NONE', #5787, 1.600000000000004086 ) ;
#3294 = CARTESIAN_POINT ( 'NONE',  ( 10.24588957259785893, 36.67431014136219858, -4.499999999999944933 ) ) ;
#3295 = EDGE_LOOP ( 'NONE', ( #712, #3822, #7331, #857 ) ) ;
#3296 = LINE ( 'NONE', #4387, #7034 ) ;
#3297 = CARTESIAN_POINT ( 'NONE',  ( 16.02870165184855011, -76.84614969766559511, 0.5999999999999999778 ) ) ;
#3298 = CIRCLE ( 'NONE', #6158, 4.500000000000000888 ) ;
#3299 = EDGE_LOOP ( 'NONE', ( #968, #7354 ) ) ;
#3300 = ORIENTED_EDGE ( 'NONE', *, *, #6614, .T. ) ;
#3301 = EDGE_CURVE ( 'NONE', #7659, #6416, #252, .T. ) ;
#3302 = CARTESIAN_POINT ( 'NONE',  ( 9.838288441828840547, 46.33131897179710279, 4.499999999999944933 ) ) ;
#3303 = EDGE_CURVE ( 'NONE', #4435, #4576, #5544, .T. ) ;
#3304 = DIRECTION ( 'NONE',  ( 0.000000000000000000, 0.000000000000000000, -1.000000000000000000 ) ) ;
#3305 = LOCAL_TIME ( 15, 19, 25.00000000000000000, #7620 ) ;
#3306 = EDGE_CURVE ( 'NONE', #1072, #1436, #1455, .T. ) ;
#3307 = AXIS2_PLACEMENT_3D ( 'NONE', #322, #4511, #4443 ) ;
#3308 = EDGE_LOOP ( 'NONE', ( #3615, #6537, #5286, #2494 ) ) ;
#3309 = CARTESIAN_POINT ( 'NONE',  ( -70.97255863797140307, 14.80357795871386095, -5.000000000000000000 ) ) ;
#3310 = ADVANCED_FACE ( 'NONE', ( #7415, #6740 ), #5652, .T. ) ;
#3311 = CARTESIAN_POINT ( 'NONE',  ( -33.11205535492550212, -12.80006992841648028, -4.500000000000000000 ) ) ;
#3312 = ORIENTED_EDGE ( 'NONE', *, *, #6681, .T. ) ;
#3313 = CARTESIAN_POINT ( 'NONE',  ( 28.92386557844579897, -2.099999999999804690, 3.799999999999999822 ) ) ;
#3314 = DIRECTION ( 'NONE',  ( 1.000000000000000000, -1.776356839400250070E-15, 0.000000000000000000 ) ) ;
#3315 = CIRCLE ( 'NONE', #4557, 28.50000000000000000 ) ;
#3316 = LINE ( 'NONE', #1423, #2397 ) ;
#3317 = CIRCLE ( 'NONE', #7699, 88.50000000000000000 ) ;
#3318 = ORIENTED_EDGE ( 'NONE', *, *, #4391, .T. ) ;
#3319 = CARTESIAN_POINT ( 'NONE',  ( 6.962435565298249251, -9.259292143521021146, 30.80087640576605068 ) ) ;
#3320 = CC_DESIGN_PERSON_AND_ORGANIZATION_ASSIGNMENT ( #7628, #961, ( #5434 ) ) ;
#3321 = CARTESIAN_POINT ( 'NONE',  ( -16.02870165184855011, 76.84614969766559511, -4.500000000000000000 ) ) ;
#3322 = LINE ( 'NONE', #6902, #7057 ) ;
#3323 = AXIS2_PLACEMENT_3D ( 'NONE', #70, #3636, #5430 ) ;
#3324 = PRODUCT ( 'smt_tray_01.STEP', 'smt_tray_01.STEP', '', ( #5962 ) ) ;
#3325 = CARTESIAN_POINT ( 'NONE',  ( -12.80006992841635949, 33.11205535492555185, -3.799999999999999822 ) ) ;
#3326 = AXIS2_PLACEMENT_3D ( 'NONE', #4571, #6360, #2299 ) ;
#3327 = LINE ( 'NONE', #7434, #4594 ) ;
#3328 = VERTEX_POINT ( 'NONE', #6671 ) ;
#3329 = DIRECTION ( 'NONE',  ( 0.000000000000000000, 0.000000000000000000, 1.000000000000000000 ) ) ;
#3330 = EDGE_LOOP ( 'NONE', ( #5641, #418, #5764, #5049 ) ) ;
#3331 = ORIENTED_EDGE ( 'NONE', *, *, #4665, .F. ) ;
#3332 = DIRECTION ( 'NONE',  ( -0.5524594799263601308, -0.4413485278546721013, -0.7071067811865541231 ) ) ;
#3333 = CARTESIAN_POINT ( 'NONE',  ( 66.50000000000000000, 0.000000000000000000, -3.299999999999999822 ) ) ;
#3334 = ORIENTED_EDGE ( 'NONE', *, *, #4678, .F. ) ;
#3335 = DIRECTION ( 'NONE',  ( 0.000000000000000000, 0.000000000000000000, 1.000000000000000000 ) ) ;
#3336 = DIRECTION ( 'NONE',  ( 0.000000000000000000, 0.000000000000000000, -1.000000000000000000 ) ) ;
#3337 = ORIENTED_EDGE ( 'NONE', *, *, #1067, .F. ) ;
#3338 = EDGE_LOOP ( 'NONE', ( #1774, #4940, #756, #977 ) ) ;
#3339 = CARTESIAN_POINT ( 'NONE',  ( -8.318653347947439158, 10.20833024919759957, 5.000000000000000000 ) ) ;
#3340 = CARTESIAN_POINT ( 'NONE',  ( -12.69999999999999929, 2.600000000000000089, 5.000000000000000000 ) ) ;
#3341 = ORIENTED_EDGE ( 'NONE', *, *, #7730, .T. ) ;
#3342 = EDGE_CURVE ( 'NONE', #1620, #1078, #3196, .T. ) ;
#3343 = CARTESIAN_POINT ( 'NONE',  ( 0.000000000000000000, 0.000000000000000000, 3.299999999999999822 ) ) ;
#3344 = DIRECTION ( 'NONE',  ( -0.5000000000000099920, 0.8660254037844328234, 0.000000000000000000 ) ) ;
#3345 = ORIENTED_EDGE ( 'NONE', *, *, #6446, .F. ) ;
#3346 = CARTESIAN_POINT ( 'NONE',  ( 70.97255863797140307, -14.80357795871386095, -3.799999999999999822 ) ) ;
#3347 = CYLINDRICAL_SURFACE ( 'NONE', #4416, 66.50000000000000000 ) ;
#3348 = ADVANCED_FACE ( 'NONE', ( #3865 ), #3824, .T. ) ;
#3349 = AXIS2_PLACEMENT_3D ( 'NONE', #6547, #6426, #4054 ) ;
#3350 = CYLINDRICAL_SURFACE ( 'NONE', #2644, 28.50000000000000000 ) ;
#3351 = ORIENTED_EDGE ( 'NONE', *, *, #6639, .F. ) ;
#3352 = EDGE_CURVE ( 'NONE', #1754, #1300, #4402, .T. ) ;
#3353 = DIRECTION ( 'NONE',  ( 0.000000000000000000, 0.000000000000000000, -1.000000000000000000 ) ) ;
#3354 = VECTOR ( 'NONE', #4618, 1000.000000000000000 ) ;
#3355 = DIRECTION ( 'NONE',  ( 1.000000000000000000, 0.000000000000000000, 0.000000000000000000 ) ) ;
#3356 = CARTESIAN_POINT ( 'NONE',  ( -16.02870165184855011, 76.84614969766559511, -4.500000000000000000 ) ) ;
#3357 = CARTESIAN_POINT ( 'NONE',  ( 29.10072080866190092, -0.4522531258548480038, -3.799999999999999822 ) ) ;
#3358 = VECTOR ( 'NONE', #3344, 1000.000000000000114 ) ;
#3359 = CARTESIAN_POINT ( 'NONE',  ( 13.00000000000000000, 8.933825901280559061E-14, -0.5999999999999999778 ) ) ;
#3360 = VECTOR ( 'NONE', #2206, 1000.000000000000000 ) ;
#3361 = EDGE_CURVE ( 'NONE', #7074, #2187, #5615, .T. ) ;
#3362 = ADVANCED_FACE ( 'NONE', ( #176 ), #6195, .F. ) ;
#3363 = DIRECTION ( 'NONE',  ( -0.000000000000000000, 0.7071067811865621167, 0.7071067811865330288 ) ) ;
#3364 = AXIS2_PLACEMENT_3D ( 'NONE', #4991, #217, #6862 ) ;
#3365 = CARTESIAN_POINT ( 'NONE',  ( -14.80357795871362114, 70.97255863797140307, 4.500000000000000000 ) ) ;
#3366 = ORIENTED_EDGE ( 'NONE', *, *, #4665, .T. ) ;
#3367 = ORIENTED_EDGE ( 'NONE', *, *, #6681, .F. ) ;
#3368 = DIRECTION ( 'NONE',  ( 1.000000000000000000, 0.000000000000000000, 0.000000000000000000 ) ) ;
#3369 = AXIS2_PLACEMENT_3D ( 'NONE', #5461, #1160, #645 ) ;
#3370 = DIRECTION ( 'NONE',  ( 0.000000000000000000, 0.000000000000000000, -1.000000000000000000 ) ) ;
#3371 = ORIENTED_EDGE ( 'NONE', *, *, #2295, .T. ) ;
#3372 = DIRECTION ( 'NONE',  ( -0.7064777666070953810, -0.02981887472494751043, 0.7071067811865392461 ) ) ;
#3373 = LINE ( 'NONE', #385, #5006 ) ;
#3374 = ORIENTED_EDGE ( 'NONE', *, *, #1318, .T. ) ;
#3375 = ORIENTED_EDGE ( 'NONE', *, *, #1065, .T. ) ;
#3376 = VERTEX_POINT ( 'NONE', #5503 ) ;
#3377 = ADVANCED_FACE ( 'NONE', ( #2521 ), #2563, .T. ) ;
#3378 = CARTESIAN_POINT ( 'NONE',  ( 14.80357795871312021, 70.97255863797150255, -5.000000000000000000 ) ) ;
#3379 = CYLINDRICAL_SURFACE ( 'NONE', #770, 6.000000000000000000 ) ;
#3380 = CARTESIAN_POINT ( 'NONE',  ( 6.962435565298249251, -9.259292143521021146, -5.000000000000000000 ) ) ;
#3381 = PRODUCT_DEFINITION_SHAPE ( 'NONE', 'NONE',  #1905 ) ;
#3382 = CARTESIAN_POINT ( 'NONE',  ( -14.80357795871362114, 70.97255863797140307, 3.799999999999999822 ) ) ;
#3383 = AXIS2_PLACEMENT_3D ( 'NONE', #450, #6319, #4646 ) ;
#3384 = CARTESIAN_POINT ( 'NONE',  ( 1.010302952408892215E-15, 2.600000000000000089, -0.5999999999999999778 ) ) ;
#3385 = ORIENTED_EDGE ( 'NONE', *, *, #156, .T. ) ;
#3386 = DIRECTION ( 'NONE',  ( 0.000000000000000000, 0.000000000000000000, 1.000000000000000000 ) ) ;
#3387 = DIRECTION ( 'NONE',  ( 1.000000000000000000, 0.000000000000000000, 0.000000000000000000 ) ) ;
#3388 = EDGE_CURVE ( 'NONE', #3798, #2302, #1347, .T. ) ;
#3389 = DIRECTION ( 'NONE',  ( 1.000000000000000000, 6.716849298982200225E-15, 0.000000000000000000 ) ) ;
#3390 = APPROVAL_STATUS ( 'not_yet_approved' ) ;
#3391 = VECTOR ( 'NONE', #6767, 1000.000000000000000 ) ;
#3392 = CONICAL_SURFACE ( 'NONE', #4488, 78.50000000000000000, 0.7853981633974617127 ) ;
#3393 = VERTEX_POINT ( 'NONE', #5331 ) ;
#3394 = CARTESIAN_POINT ( 'NONE',  ( 13.83473019803201964, -46.50000000000000000, 5.000000000000000000 ) ) ;
#3395 = DIRECTION ( 'NONE',  ( 0.2407381964890130677, 0.9705900889413703325, 0.000000000000000000 ) ) ;
#3396 = DIRECTION ( 'NONE',  ( 0.000000000000000000, 0.000000000000000000, 1.000000000000000000 ) ) ;
#3397 = CARTESIAN_POINT ( 'NONE',  ( -61.33171160011479373, 48.99664429530200493, 3.799999999999999822 ) ) ;
#3398 = DATE_AND_TIME ( #7710, #7679 ) ;
#3399 = CARTESIAN_POINT ( 'NONE',  ( -86.50000000000000000, 0.000000000000000000, -5.000000000000000000 ) ) ;
#3400 = ADVANCED_FACE ( 'NONE', ( #3974 ), #550, .F. ) ;
#3401 = AXIS2_PLACEMENT_3D ( 'NONE', #2120, #7459, #4479 ) ;
#3402 = CARTESIAN_POINT ( 'NONE',  ( 0.000000000000000000, 0.000000000000000000, -5.000000000000000000 ) ) ;
#3403 = EDGE_CURVE ( 'NONE', #255, #2273, #2349, .T. ) ;
#3404 = CARTESIAN_POINT ( 'NONE',  ( -84.40000000000000568, 0.000000000000000000, -5.000000000000000000 ) ) ;
#3405 = ORIENTED_EDGE ( 'NONE', *, *, #4077, .T. ) ;
#3406 = ORIENTED_EDGE ( 'NONE', *, *, #1050, .T. ) ;
#3407 = DIRECTION ( 'NONE',  ( 0.000000000000000000, 0.000000000000000000, 1.000000000000000000 ) ) ;
#3408 = CONICAL_SURFACE ( 'NONE', #2527, 4.499999999999999112, 0.7853981633974306265 ) ;
#3409 = CARTESIAN_POINT ( 'NONE',  ( 0.000000000000000000, 0.000000000000000000, -3.799999999999999822 ) ) ;
#3410 = ORIENTED_EDGE ( 'NONE', *, *, #51, .T. ) ;
#3411 = CARTESIAN_POINT ( 'NONE',  ( 0.000000000000000000, 0.000000000000000000, 3.799999999999999822 ) ) ;
#3412 = CARTESIAN_POINT ( 'NONE',  ( 70.71953709566700752, 8.808915324409579028, -5.000000000000000000 ) ) ;
#3413 = ORIENTED_EDGE ( 'NONE', *, *, #3813, .F. ) ;
#3414 = AXIS2_PLACEMENT_3D ( 'NONE', #3958, #1052, #2219 ) ;
#3415 = ORIENTED_EDGE ( 'NONE', *, *, #6578, .F. ) ;
#3416 = DIRECTION ( 'NONE',  ( 0.000000000000000000, 0.000000000000000000, -1.000000000000000000 ) ) ;
#3417 = CARTESIAN_POINT ( 'NONE',  ( -12.69999999999999929, 2.600000000000000089, 0.5999999999999999778 ) ) ;
#3418 = AXIS2_PLACEMENT_3D ( 'NONE', #5179, #4161, #2118 ) ;
#3419 = AXIS2_PLACEMENT_3D ( 'NONE', #5198, #623, #5981 ) ;
#3420 = AXIS2_PLACEMENT_3D ( 'NONE', #4321, #6691, #5955 ) ;
#3421 = DIRECTION ( 'NONE',  ( 1.000000000000000000, 0.000000000000000000, 0.000000000000000000 ) ) ;
#3422 = DIRECTION ( 'NONE',  ( 0.000000000000000000, 0.000000000000000000, -1.000000000000000000 ) ) ;
#3423 = FACE_OUTER_BOUND ( 'NONE', #7450, .T. ) ;
#3424 = CIRCLE ( 'NONE', #4536, 4.000000000000000000 ) ;
#3425 = ORIENTED_EDGE ( 'NONE', *, *, #2158, .T. ) ;
#3426 = DIRECTION ( 'NONE',  ( 0.000000000000000000, 0.000000000000000000, -1.000000000000000000 ) ) ;
#3427 = LOCAL_TIME ( 15, 19, 25.00000000000000000, #6148 ) ;
#3428 = CARTESIAN_POINT ( 'NONE',  ( -11.50000000000000000, 1.399999999999999911, -5.000000000000000000 ) ) ;
#3429 = CIRCLE ( 'NONE', #7040, 28.50000000000000000 ) ;
#3430 = MECHANICAL_CONTEXT ( 'NONE', #4770, 'mechanical' ) ;
#3431 = ORIENTED_EDGE ( 'NONE', *, *, #6252, .T. ) ;
#3432 = CYLINDRICAL_SURFACE ( 'NONE', #3063, 2.099999999999999645 ) ;
#3433 = PLANE ( 'NONE',  #1133 ) ;
#3434 = DIRECTION ( 'NONE',  ( 1.000000000000000000, -3.885780586188044933E-16, 0.000000000000000000 ) ) ;
#3435 = CARTESIAN_POINT ( 'NONE',  ( 28.92386557844574924, 2.100000000000195044, 5.000000000000000000 ) ) ;
#3436 = AXIS2_PLACEMENT_3D ( 'NONE', #3721, #1216, #5986 ) ;
#3437 = AXIS2_PLACEMENT_3D ( 'NONE', #1088, #4651, #6439 ) ;
#3438 = COORDINATED_UNIVERSAL_TIME_OFFSET ( 8, 0, .AHEAD. ) ;
#3439 = DIRECTION ( 'NONE',  ( 0.000000000000000000, 0.7071067811865380248, -0.7071067811865570096 ) ) ;
#3440 = CONICAL_SURFACE ( 'NONE', #4815, 4.499999999999999112, 0.7853981633974447263 ) ;
#3441 = EDGE_LOOP ( 'NONE', ( #6674, #5300, #7038, #6210 ) ) ;
#3442 = VECTOR ( 'NONE', #7049, 1000.000000000000000 ) ;
#3443 = DIRECTION ( 'NONE',  ( 0.000000000000000000, 0.000000000000000000, -1.000000000000000000 ) ) ;
#3444 = EDGE_CURVE ( 'NONE', #1453, #2704, #6858, .T. ) ;
#3445 = DIRECTION ( 'NONE',  ( 0.9991104390507971056, 0.04217025705071510144, 0.000000000000000000 ) ) ;
#3446 = ORIENTED_EDGE ( 'NONE', *, *, #6941, .F. ) ;
#3447 = EDGE_LOOP ( 'NONE', ( #2780, #865, #6052, #905 ) ) ;
#3448 = EDGE_CURVE ( 'NONE', #2863, #2684, #287, .T. ) ;
#3449 = CARTESIAN_POINT ( 'NONE',  ( 33.11205535492550212, -12.80006992841649982, -4.500000000000000000 ) ) ;
#3450 = EDGE_CURVE ( 'NONE', #6942, #4389, #5914, .T. ) ;
#3451 = CARTESIAN_POINT ( 'NONE',  ( 8.808915324408838288, 70.71953709566709279, 3.799999999999999822 ) ) ;
#3452 = VERTEX_POINT ( 'NONE', #399 ) ;
#3453 = FACE_OUTER_BOUND ( 'NONE', #3210, .T. ) ;
#3454 = DIRECTION ( 'NONE',  ( 0.000000000000000000, 0.000000000000000000, -1.000000000000000000 ) ) ;
#3455 = ORIENTED_EDGE ( 'NONE', *, *, #4398, .T. ) ;
#3456 = EDGE_LOOP ( 'NONE', ( #7014, #7214, #6648, #3341 ) ) ;
#3457 = ORIENTED_EDGE ( 'NONE', *, *, #7504, .F. ) ;
#3458 = CARTESIAN_POINT ( 'NONE',  ( 58.20652884342099753, -46.50000000000000000, 5.000000000000000000 ) ) ;
#3459 = CARTESIAN_POINT ( 'NONE',  ( 29.50000000000000000, 0.000000000000000000, 3.299999999999999822 ) ) ;
#3460 = EDGE_LOOP ( 'NONE', ( #1472, #2556, #4235, #1594 ) ) ;
#3461 = CARTESIAN_POINT ( 'NONE',  ( 4.098333950160509609, -12.29852262806234009, 30.80087640576605068 ) ) ;
#3462 = FACE_OUTER_BOUND ( 'NONE', #583, .T. ) ;
#3463 = ORIENTED_EDGE ( 'NONE', *, *, #3952, .F. ) ;
#3464 = EDGE_CURVE ( 'NONE', #1526, #6574, #780, .T. ) ;
#3465 = CYLINDRICAL_SURFACE ( 'NONE', #4982, 29.00000000000000000 ) ;
#3466 = CARTESIAN_POINT ( 'NONE',  ( 58.20652884342099753, 46.50000000000000000, 3.799999999999999822 ) ) ;
#3467 = CARTESIAN_POINT ( 'NONE',  ( 4.098333950160519379, 12.29852262806234009, -0.5999999999999999778 ) ) ;
#3468 = PERSON_AND_ORGANIZATION ( #2664, #7165 ) ;
#3469 = ORIENTED_EDGE ( 'NONE', *, *, #3254, .F. ) ;
#3470 = CARTESIAN_POINT ( 'NONE',  ( -77.47255863797131781, 14.80357795871386095, -5.000000000000000000 ) ) ;
#3471 = DIRECTION ( 'NONE',  ( 1.000000000000000000, 0.000000000000000000, 0.000000000000000000 ) ) ;
#3472 = EDGE_LOOP ( 'NONE', ( #3463, #7133, #3092, #5879 ) ) ;
#3473 = LINE ( 'NONE', #1735, #2477 ) ;
#3474 = DIRECTION ( 'NONE',  ( 0.000000000000000000, 0.000000000000000000, -1.000000000000000000 ) ) ;
#3475 = VECTOR ( 'NONE', #6091, 1000.000000000000114 ) ;
#3476 = EDGE_CURVE ( 'NONE', #6809, #4707, #1646, .T. ) ;
#3477 = APPROVAL_DATE_TIME ( #2840, #4368 ) ;
#3478 = FACE_OUTER_BOUND ( 'NONE', #4964, .T. ) ;
#3479 = EDGE_CURVE ( 'NONE', #3259, #7282, #2655, .T. ) ;
#3480 = AXIS2_PLACEMENT_3D ( 'NONE', #3647, #4888, #1796 ) ;
#3481 = VECTOR ( 'NONE', #6490, 1000.000000000000114 ) ;
#3482 = ORIENTED_EDGE ( 'NONE', *, *, #471, .F. ) ;
#3483 = VECTOR ( 'NONE', #1560, 999.9999999999998863 ) ;
#3484 = DIRECTION ( 'NONE',  ( 0.000000000000000000, 0.000000000000000000, 1.000000000000000000 ) ) ;
#3485 = FACE_OUTER_BOUND ( 'NONE', #324, .T. ) ;
#3486 = ORIENTED_EDGE ( 'NONE', *, *, #3178, .F. ) ;
#3487 = ORIENTED_EDGE ( 'NONE', *, *, #7268, .F. ) ;
#3488 = AXIS2_PLACEMENT_3D ( 'NONE', #1162, #7104, #5933 ) ;
#3489 = AXIS2_PLACEMENT_3D ( 'NONE', #2003, #3231, #6817 ) ;
#3490 = CARTESIAN_POINT ( 'NONE',  ( 0.000000000000000000, 0.000000000000000000, -3.799999999999999822 ) ) ;
#3491 = ORIENTED_EDGE ( 'NONE', *, *, #5558, .F. ) ;
#3492 = CARTESIAN_POINT ( 'NONE',  ( -14.80357795871362114, -70.97255863797140307, -0.5999999999999999778 ) ) ;
#3493 = ORIENTED_EDGE ( 'NONE', *, *, #5111, .F. ) ;
#3494 = VERTEX_POINT ( 'NONE', #6310 ) ;
#3495 = CARTESIAN_POINT ( 'NONE',  ( 58.20652884342099753, 46.50000000000000000, 5.000000000000000000 ) ) ;
#3496 = AXIS2_PLACEMENT_3D ( 'NONE', #7381, #6198, #6898 ) ;
#3497 = DIRECTION ( 'NONE',  ( 0.000000000000000000, 0.000000000000000000, -1.000000000000000000 ) ) ;
#3498 = EDGE_CURVE ( 'NONE', #1908, #3035, #6280, .T. ) ;
#3499 = ADVANCED_FACE ( 'NONE', ( #6383 ), #3347, .T. ) ;
#3500 = EDGE_LOOP ( 'NONE', ( #2536, #1506, #1681, #2076 ) ) ;
#3501 = LINE ( 'NONE', #1720, #1787 ) ;
#3502 = FACE_BOUND ( 'NONE', #661, .T. ) ;
#3503 = ORIENTED_EDGE ( 'NONE', *, *, #1868, .T. ) ;
#3504 = CARTESIAN_POINT ( 'NONE',  ( -86.50000000000000000, 0.000000000000000000, -5.000000000000000000 ) ) ;
#3505 = ORIENTED_EDGE ( 'NONE', *, *, #4885, .F. ) ;
#3506 = EDGE_CURVE ( 'NONE', #24, #6134, #1183, .T. ) ;
#3507 = DIRECTION ( 'NONE',  ( -0.6922093447044188608, -0.1443822118680071764, -0.7071067811865339170 ) ) ;
#3508 = CARTESIAN_POINT ( 'NONE',  ( -16.19703151385805029, 23.85408151379574804, -4.833329469438149673 ) ) ;
#3509 = PERSON_AND_ORGANIZATION_ROLE ( 'classification_officer' ) ;
#3510 = VERTEX_POINT ( 'NONE', #4478 ) ;
#3511 = DIRECTION ( 'NONE',  ( -1.000000000000000000, 0.000000000000000000, 0.000000000000000000 ) ) ;
#3512 = CARTESIAN_POINT ( 'NONE',  ( 13.00000000000000000, 8.933825901280559061E-14, -0.5999999999999999778 ) ) ;
#3513 = EDGE_LOOP ( 'NONE', ( #7632, #4345, #6484, #2843 ) ) ;
#3514 = CARTESIAN_POINT ( 'NONE',  ( 14.80357795871362114, 70.97255863797140307, 4.499999999999944933 ) ) ;
#3515 = DIRECTION ( 'NONE',  ( 1.000000000000000000, 0.000000000000000000, 0.000000000000000000 ) ) ;
#3516 = AXIS2_PLACEMENT_3D ( 'NONE', #7023, #1655, #2761 ) ;
#3517 = DATE_TIME_ROLE ( 'creation_date' ) ;
#3518 = DIRECTION ( 'NONE',  ( 0.000000000000000000, 0.000000000000000000, -1.000000000000000000 ) ) ;
#3519 = ORIENTED_EDGE ( 'NONE', *, *, #3742, .F. ) ;
#3521 = EDGE_CURVE ( 'NONE', #6813, #5690, #2282, .T. ) ;
#3520 = AXIS2_PLACEMENT_3D ( 'NONE', #4522, #7546, #2166 ) ;
#3522 = MANIFOLD_SOLID_BREP ( 'NONE', #3126 ) ;
#3523 = PLANE ( 'NONE',  #5315 ) ;
#3524 = DIRECTION ( 'NONE',  ( 0.000000000000000000, 0.000000000000000000, -1.000000000000000000 ) ) ;
#3525 = EDGE_LOOP ( 'NONE', ( #7052, #6186, #501, #4658, #6845, #752 ) ) ;
#3526 = ORIENTED_EDGE ( 'NONE', *, *, #3121, .T. ) ;
#3527 = EDGE_CURVE ( 'NONE', #3840, #3744, #6343, .T. ) ;
#3528 = CIRCLE ( 'NONE', #6636, 29.50000000000000000 ) ;
#3529 = CARTESIAN_POINT ( 'NONE',  ( 28.92386557844579897, -2.099999999999799805, 5.000000000000000000 ) ) ;
#3530 = VERTEX_POINT ( 'NONE', #5369 ) ;
#3531 = DIRECTION ( 'NONE',  ( 0.9991104390507973276, -0.04217025705070801683, 0.000000000000000000 ) ) ;
#3532 = CARTESIAN_POINT ( 'NONE',  ( 14.80357795871362114, -70.97255863797140307, -3.799999999999999822 ) ) ;
#3533 = ORIENTED_EDGE ( 'NONE', *, *, #6462, .F. ) ;
#3534 = EDGE_LOOP ( 'NONE', ( #1730, #7599, #5312, #5640 ) ) ;
#3535 = FACE_OUTER_BOUND ( 'NONE', #2297, .T. ) ;
#3536 = VECTOR ( 'NONE', #5505, 1000.000000000000000 ) ;
#3537 = DIRECTION ( 'NONE',  ( 0.000000000000000000, -1.000000000000000000, 0.000000000000000000 ) ) ;
#3538 = ORIENTED_EDGE ( 'NONE', *, *, #992, .F. ) ;
#3539 = CONICAL_SURFACE ( 'NONE', #3156, 35.50000000000000000, 0.7853981633974348453 ) ;
#3540 = DIRECTION ( 'NONE',  ( 0.2407381964890130677, 0.9705900889413703325, 0.000000000000000000 ) ) ;
#3541 = DIRECTION ( 'NONE',  ( 1.000000000000000000, 0.000000000000000000, 0.000000000000000000 ) ) ;
#3542 = ORIENTED_EDGE ( 'NONE', *, *, #5176, .T. ) ;
#3543 = CARTESIAN_POINT ( 'NONE',  ( 5.875545186896980354, 4.976742785872269259, -5.000000000000000000 ) ) ;
#3544 = ORIENTED_EDGE ( 'NONE', *, *, #1605, .F. ) ;
#3545 = ADVANCED_FACE ( 'NONE', ( #1563 ), #7495, .F. ) ;
#3546 = FACE_OUTER_BOUND ( 'NONE', #6954, .T. ) ;
#3547 = DIRECTION ( 'NONE',  ( 0.000000000000000000, 0.000000000000000000, -1.000000000000000000 ) ) ;
#3548 = EDGE_CURVE ( 'NONE', #4461, #5803, #6659, .T. ) ;
#3549 = VECTOR ( 'NONE', #3497, 1000.000000000000000 ) ;
#3550 = PERSON_AND_ORGANIZATION ( #2664, #7165 ) ;
#3551 = APPROVAL ( #5222, '未指定' ) ;
#3552 = AXIS2_PLACEMENT_3D ( 'NONE', #5481, #6572, #2387 ) ;
#3553 = ORIENTED_EDGE ( 'NONE', *, *, #691, .T. ) ;
#3554 = CARTESIAN_POINT ( 'NONE',  ( 28.42252627758479733, 2.100000000000195044, -0.5999999999999999778 ) ) ;
#3555 = DIRECTION ( 'NONE',  ( 0.000000000000000000, 0.000000000000000000, 1.000000000000000000 ) ) ;
#3556 = ORIENTED_EDGE ( 'NONE', *, *, #5896, .T. ) ;
#3557 = APPROVAL_PERSON_ORGANIZATION ( #3550, #3071, #5885 ) ;
#3558 = CARTESIAN_POINT ( 'NONE',  ( -6.347440429023320618, 1.400000000000090061, 5.000000000000000000 ) ) ;
#3559 = DIRECTION ( 'NONE',  ( -1.000000000000000000, 0.000000000000000000, 0.000000000000000000 ) ) ;
#3560 = AXIS2_PLACEMENT_3D ( 'NONE', #7533, #2154, #4551 ) ;
#3561 = PERSON_AND_ORGANIZATION ( #2664, #7165 ) ;
#3562 = DIRECTION ( 'NONE',  ( 0.000000000000000000, -0.7071067811865474617, -0.7071067811865474617 ) ) ;
#3563 = CC_DESIGN_SECURITY_CLASSIFICATION ( #4806, ( #5552 ) ) ;
#3564 = ORIENTED_EDGE ( 'NONE', *, *, #3476, .F. ) ;
#3565 = CARTESIAN_POINT ( 'NONE',  ( -12.69999999999999929, -2.600000000000000089, 5.000000000000000000 ) ) ;
#3566 = DIRECTION ( 'NONE',  ( 0.000000000000000000, 0.000000000000000000, 1.000000000000000000 ) ) ;
#3567 = EDGE_CURVE ( 'NONE', #6924, #455, #5, .T. ) ;
#3568 = APPROVAL_PERSON_ORGANIZATION ( #6712, #769, #766 ) ;
#3569 = EDGE_LOOP ( 'NONE', ( #2145, #1225, #425, #149, #6370, #7484, #343, #2707, #7594, #3553 ) ) ;
#3570 = AXIS2_PLACEMENT_3D ( 'NONE', #6291, #3256, #2024 ) ;
#3571 = APPLICATION_CONTEXT ( 'configuration controlled 3d designs of mechanical parts and assemblies' ) ;
#3572 = AXIS2_PLACEMENT_3D ( 'NONE', #4072, #3484, #7070 ) ;
#3573 = CARTESIAN_POINT ( 'NONE',  ( -14.24233132880129915, -36.84299116956499631, -4.500000000000000000 ) ) ;
#3574 = ORIENTED_EDGE ( 'NONE', *, *, #6326, .T. ) ;
#3575 = CARTESIAN_POINT ( 'NONE',  ( 0.000000000000000000, 0.000000000000000000, -191.8904037956214950 ) ) ;
#3576 = ORIENTED_EDGE ( 'NONE', *, *, #2234, .F. ) ;
#3577 = VERTEX_POINT ( 'NONE', #6894 ) ;
#3578 = CARTESIAN_POINT ( 'NONE',  ( -28.50000000000000000, 0.000000000000000000, -4.500000000000000000 ) ) ;
#3579 = DIRECTION ( 'NONE',  ( 0.000000000000000000, 0.000000000000000000, -1.000000000000000000 ) ) ;
#3580 = LINE ( 'NONE', #5954, #373 ) ;
#3581 = DIRECTION ( 'NONE',  ( 0.000000000000000000, 0.000000000000000000, 1.000000000000000000 ) ) ;
#3582 = FACE_OUTER_BOUND ( 'NONE', #3960, .T. ) ;
#3583 = CIRCLE ( 'NONE', #1922, 6.000000000000000000 ) ;
#3584 = VERTEX_POINT ( 'NONE', #2751 ) ;
#3585 = CARTESIAN_POINT ( 'NONE',  ( 0.000000000000000000, 0.000000000000000000, -0.5999999999999999778 ) ) ;
#3586 = ORIENTED_EDGE ( 'NONE', *, *, #7201, .T. ) ;
#3587 = LINE ( 'NONE', #7009, #6327 ) ;
#3588 = LINE ( 'NONE', #6661, #153 ) ;
#3589 = PERSON_AND_ORGANIZATION ( #2664, #7165 ) ;
#3590 = ADVANCED_FACE ( 'NONE', ( #5138 ), #2160, .F. ) ;
#3591 = ORIENTED_EDGE ( 'NONE', *, *, #3600, .F. ) ;
#3592 = DIRECTION ( 'NONE',  ( 0.5000000000000012212, -0.8660254037844380415, 0.000000000000000000 ) ) ;
#3593 = EDGE_CURVE ( 'NONE', #2455, #4785, #3131, .T. ) ;
#3594 = DIRECTION ( 'NONE',  ( 0.000000000000000000, 0.000000000000000000, 1.000000000000000000 ) ) ;
#3595 = ORIENTED_EDGE ( 'NONE', *, *, #2916, .F. ) ;
#3596 = CARTESIAN_POINT ( 'NONE',  ( 0.000000000000000000, 0.000000000000000000, 5.000000000000000000 ) ) ;
#3597 = FACE_OUTER_BOUND ( 'NONE', #1826, .T. ) ;
#3598 = CARTESIAN_POINT ( 'NONE',  ( 1.010302952408892215E-15, 2.600000000000000089, 0.5999999999999999778 ) ) ;
#3599 = CARTESIAN_POINT ( 'NONE',  ( -88.50000000000000000, 0.000000000000000000, 5.000000000000000000 ) ) ;
#3600 = EDGE_CURVE ( 'NONE', #4133, #307, #7028, .T. ) ;
#3601 = EDGE_CURVE ( 'NONE', #6553, #7191, #5537, .T. ) ;
#3602 = EDGE_LOOP ( 'NONE', ( #6450, #3863, #2998, #3928 ) ) ;
#3603 = AXIS2_PLACEMENT_3D ( 'NONE', #4575, #7078, #972 ) ;
#3604 = DIRECTION ( 'NONE',  ( -1.000000000000000000, 0.000000000000000000, 0.000000000000000000 ) ) ;
#3605 = VERTEX_POINT ( 'NONE', #6609 ) ;
#3606 = ADVANCED_FACE ( 'NONE', ( #1798 ), #4297, .F. ) ;
#3607 = CIRCLE ( 'NONE', #6836, 29.00000000000000000 ) ;
#3608 =( LENGTH_UNIT ( ) NAMED_UNIT ( * ) SI_UNIT ( .MILLI., .METRE. ) );
#3609 = ADVANCED_FACE ( 'NONE', ( #3171 ), #3613, .T. ) ;
#3610 = CARTESIAN_POINT ( 'NONE',  ( -12.64327944127586001, 26.09880236658020181, 5.000000000000000000 ) ) ;
#3611 = ORIENTED_EDGE ( 'NONE', *, *, #6020, .T. ) ;
#3612 = AXIS2_PLACEMENT_3D ( 'NONE', #7520, #7682, #2310 ) ;
#3613 = PLANE ( 'NONE',  #3552 ) ;
#3614 = ORIENTED_EDGE ( 'NONE', *, *, #1706, .T. ) ;
#3615 = ORIENTED_EDGE ( 'NONE', *, *, #6850, .T. ) ;
#3616 = FACE_OUTER_BOUND ( 'NONE', #5518, .T. ) ;
#3617 = VECTOR ( 'NONE', #1259, 1000.000000000000114 ) ;
#3618 = CARTESIAN_POINT ( 'NONE',  ( 12.74414409577109986, 1.083270731264101961E-12, 20.52733730540035140 ) ) ;
#3619 = AXIS2_PLACEMENT_3D ( 'NONE', #3003, #683, #6082 ) ;
#3620 = EDGE_CURVE ( 'NONE', #5557, #6924, #5662, .T. ) ;
#3621 = FACE_OUTER_BOUND ( 'NONE', #5595, .T. ) ;
#3622 = EDGE_CURVE ( 'NONE', #2164, #5676, #3046, .T. ) ;
#3623 = DIRECTION ( 'NONE',  ( -0.7071067811865500152, 0.000000000000000000, -0.7071067811865450192 ) ) ;
#3624 = ORIENTED_EDGE ( 'NONE', *, *, #1054, .F. ) ;
#3625 = ORIENTED_EDGE ( 'NONE', *, *, #5553, .T. ) ;
#3626 = AXIS2_PLACEMENT_3D ( 'NONE', #5808, #1685, #4719 ) ;
#3627 = CARTESIAN_POINT ( 'NONE',  ( 0.000000000000000000, 0.000000000000000000, 5.000000000000000000 ) ) ;
#3628 = CARTESIAN_POINT ( 'NONE',  ( -84.40000000000000568, 0.000000000000000000, -4.500000000000000000 ) ) ;
#3629 = APPROVAL_ROLE ( '' ) ;
#3630 = ORIENTED_EDGE ( 'NONE', *, *, #3254, .T. ) ;
#3631 = DIRECTION ( 'NONE',  ( -1.000000000000000000, 0.000000000000000000, 0.000000000000000000 ) ) ;
#3632 = CIRCLE ( 'NONE', #7509, 6.000000000000000000 ) ;
#3633 = CARTESIAN_POINT ( 'NONE',  ( 0.000000000000000000, 0.000000000000000000, -4.500000000000000000 ) ) ;
#3634 = ORIENTED_EDGE ( 'NONE', *, *, #1389, .F. ) ;
#3635 = DIRECTION ( 'NONE',  ( 6.883382752675970551E-15, -1.000000000000000000, 0.000000000000000000 ) ) ;
#3636 = DIRECTION ( 'NONE',  ( 0.000000000000000000, 0.000000000000000000, -1.000000000000000000 ) ) ;
#3637 = PLANE ( 'NONE',  #3874 ) ;
#3638 = DIRECTION ( 'NONE',  ( 0.000000000000000000, 0.000000000000000000, -1.000000000000000000 ) ) ;
#3639 = ORIENTED_EDGE ( 'NONE', *, *, #4879, .T. ) ;
#3640 = DIRECTION ( 'NONE',  ( 1.000000000000000000, 0.000000000000000000, 0.000000000000000000 ) ) ;
#3641 = AXIS2_PLACEMENT_3D ( 'NONE', #7468, #4066, #962 ) ;
#3642 = ADVANCED_FACE ( 'NONE', ( #1249 ), #4890, .F. ) ;
#3643 = EDGE_CURVE ( 'NONE', #2319, #4173, #4797, .T. ) ;
#3644 =( NAMED_UNIT ( * ) PLANE_ANGLE_UNIT ( ) SI_UNIT ( $, .RADIAN. ) );
#3645 = AXIS2_PLACEMENT_3D ( 'NONE', #7585, #4060, #2803 ) ;
#3646 = PRODUCT_RELATED_PRODUCT_CATEGORY ( 'detail', '', ( #5366 ) ) ;
#3647 = CARTESIAN_POINT ( 'NONE',  ( -70.97255863797140307, -14.80357795871386095, -4.500000000000000000 ) ) ;
#3648 = ORIENTED_EDGE ( 'NONE', *, *, #3548, .T. ) ;
#3649 = CARTESIAN_POINT ( 'NONE',  ( -70.97255863797140307, -14.80357795871386095, -0.5999999999999999778 ) ) ;
#3650 = ORIENTED_EDGE ( 'NONE', *, *, #3922, .T. ) ;
#3651 = VERTEX_POINT ( 'NONE', #4312 ) ;
#3652 = CIRCLE ( 'NONE', #263, 4.499999999999997335 ) ;
#3653 = FACE_BOUND ( 'NONE', #5752, .T. ) ;
#3654 = DIRECTION ( 'NONE',  ( 0.000000000000000000, 0.000000000000000000, -1.000000000000000000 ) ) ;
#3655 = CARTESIAN_POINT ( 'NONE',  ( 5.875545186896980354, -4.976742785872279917, 30.80087640576605068 ) ) ;
#3656 = FACE_OUTER_BOUND ( 'NONE', #7042, .T. ) ;
#3657 = ORIENTED_EDGE ( 'NONE', *, *, #5076, .F. ) ;
#3658 = CIRCLE ( 'NONE', #7528, 4.000000000000003553 ) ;
#3659 = ORIENTED_EDGE ( 'NONE', *, *, #6384, .F. ) ;
#3660 = DIRECTION ( 'NONE',  ( 1.000000000000000000, 0.000000000000000000, 0.000000000000000000 ) ) ;
#3661 = LINE ( 'NONE', #2401, #4907 ) ;
#3662 = APPLICATION_PROTOCOL_DEFINITION ( 'international standard', 'config_control_design', 1994, #3918 ) ;
#3663 = ORIENTED_EDGE ( 'NONE', *, *, #3527, .F. ) ;
#3664 = CARTESIAN_POINT ( 'NONE',  ( -10.36068798139391944, -33.95447164295450193, -4.500000000000000000 ) ) ;
#3665 = LINE ( 'NONE', #7706, #5493 ) ;
#3666 = ORIENTED_EDGE ( 'NONE', *, *, #6941, .T. ) ;
#3667 = DIRECTION ( 'NONE',  ( 0.8660254037844380415, -0.5000000000000012212, 0.000000000000000000 ) ) ;
#3668 = CYLINDRICAL_SURFACE ( 'NONE', #3167, 3.999999999999996447 ) ;
#3669 = AXIS2_PLACEMENT_3D ( 'NONE', #3023, #4823, #4242 ) ;
#3670 = FACE_OUTER_BOUND ( 'NONE', #7649, .T. ) ;
#3671 = CARTESIAN_POINT ( 'NONE',  ( -13.83473019803201964, -42.00000000000000000, 5.000000000000000000 ) ) ;
#3672 = AXIS2_PLACEMENT_3D ( 'NONE', #6936, #2941, #1528 ) ;
#3673 = AXIS2_PLACEMENT_3D ( 'NONE', #4303, #3087, #2162 ) ;
#3674 = ORIENTED_EDGE ( 'NONE', *, *, #2199, .T. ) ;
#3675 = CIRCLE ( 'NONE', #3049, 3.999999999999996447 ) ;
#3676 = FACE_BOUND ( 'NONE', #6064, .T. ) ;
#3677 = CARTESIAN_POINT ( 'NONE',  ( 0.000000000000000000, 0.000000000000000000, 0.5999999999999999778 ) ) ;
#3678 = COORDINATED_UNIVERSAL_TIME_OFFSET ( 8, 0, .AHEAD. ) ;
#3679 = LOCAL_TIME ( 15, 19, 25.00000000000000000, #1000 ) ;
#3680 = VECTOR ( 'NONE', #2113, 1000.000000000000114 ) ;
#3681 = EDGE_CURVE ( 'NONE', #4222, #7073, #1168, .T. ) ;
#3682 = CARTESIAN_POINT ( 'NONE',  ( 13.83473019803201964, -42.50000000000000000, 3.799999999999999822 ) ) ;
#3683 = ORIENTED_EDGE ( 'NONE', *, *, #5393, .F. ) ;
#3684 = ADVANCED_FACE ( 'NONE', ( #5517 ), #5445, .F. ) ;
#3685 = FACE_OUTER_BOUND ( 'NONE', #5487, .T. ) ;
#3686 = ORIENTED_EDGE ( 'NONE', *, *, #4450, .F. ) ;
#3687 = ORIENTED_EDGE ( 'NONE', *, *, #6597, .F. ) ;
#3688 = MANIFOLD_SOLID_BREP ( 'NONE', #1484 ) ;
#3689 = CIRCLE ( 'NONE', #301, 1.600000000000004086 ) ;
#3690 = LINE ( 'NONE', #7169, #6653 ) ;
#3691 = ORIENTED_EDGE ( 'NONE', *, *, #1425, .T. ) ;
#3692 = AXIS2_PLACEMENT_3D ( 'NONE', #4185, #3592, #6589 ) ;
#3693 = EDGE_CURVE ( 'NONE', #4389, #268, #2538, .T. ) ;
#3694 = AXIS2_PLACEMENT_3D ( 'NONE', #5229, #4566, #5701 ) ;
#3695 = VERTEX_POINT ( 'NONE', #80 ) ;
#3696 = FACE_OUTER_BOUND ( 'NONE', #3133, .T. ) ;
#3697 = FACE_OUTER_BOUND ( 'NONE', #6683, .T. ) ;
#3698 = AXIS2_PLACEMENT_3D ( 'NONE', #6184, #6725, #3220 ) ;
#3699 = ORIENTED_EDGE ( 'NONE', *, *, #31, .F. ) ;
#3700 = ORIENTED_EDGE ( 'NONE', *, *, #6396, .T. ) ;
#3701 = PLANE ( 'NONE',  #5759 ) ;
#3702 = DIRECTION ( 'NONE',  ( -0.9991104390507971056, 0.04217025705071496267, 0.000000000000000000 ) ) ;
#3703 = PERSON_AND_ORGANIZATION ( #2664, #7165 ) ;
#3704 = CIRCLE ( 'NONE', #179, 29.00000000000000000 ) ;
#3705 = EDGE_CURVE ( 'NONE', #6960, #2273, #2150, .T. ) ;
#3706 = ORIENTED_EDGE ( 'NONE', *, *, #4266, .T. ) ;
#3707 = CARTESIAN_POINT ( 'NONE',  ( -58.20652884342099753, -46.50000000000000000, 0.5999999999999999778 ) ) ;
#3708 = CARTESIAN_POINT ( 'NONE',  ( 58.20652884342099753, -46.50000000000000000, 5.000000000000000000 ) ) ;
#3709 = ORIENTED_EDGE ( 'NONE', *, *, #4925, .F. ) ;
#3710 = CARTESIAN_POINT ( 'NONE',  ( -76.97255863797140307, 14.80357795871386095, -0.5999999999999999778 ) ) ;
#3711 = DIRECTION ( 'NONE',  ( 1.000000000000000000, 6.716849298982200225E-15, 0.000000000000000000 ) ) ;
#3712 = CARTESIAN_POINT ( 'NONE',  ( -66.50000000000000000, 8.143901214329899974E-15, -191.8904037956214950 ) ) ;
#3713 = ORIENTED_EDGE ( 'NONE', *, *, #521, .F. ) ;
#3714 = CARTESIAN_POINT ( 'NONE',  ( 13.83473019803201964, -46.50000000000000000, 3.799999999999999822 ) ) ;
#3715 = DIRECTION ( 'NONE',  ( 0.000000000000000000, 0.000000000000000000, -1.000000000000000000 ) ) ;
#3716 = EDGE_CURVE ( 'NONE', #2506, #7351, #6527, .T. ) ;
#3717 = COORDINATED_UNIVERSAL_TIME_OFFSET ( 8, 0, .AHEAD. ) ;
#3718 = DIRECTION ( 'NONE',  ( 0.000000000000000000, 0.000000000000000000, 1.000000000000000000 ) ) ;
#3719 = DIRECTION ( 'NONE',  ( 0.000000000000000000, 0.000000000000000000, -1.000000000000000000 ) ) ;
#3720 = ORIENTED_EDGE ( 'NONE', *, *, #7076, .F. ) ;
#3721 = CARTESIAN_POINT ( 'NONE',  ( 13.00000000000000000, 8.933825901280559061E-14, 0.5999999999999999778 ) ) ;
#3722 = VERTEX_POINT ( 'NONE', #4929 ) ;
#3723 = VERTEX_POINT ( 'NONE', #7244 ) ;
#3724 = CIRCLE ( 'NONE', #3093, 7.700000000000000178 ) ;
#3725 = CARTESIAN_POINT ( 'NONE',  ( 4.098333950160509609, -12.29852262806234009, 0.5999999999999999778 ) ) ;
#3726 = ORIENTED_EDGE ( 'NONE', *, *, #1167, .T. ) ;
#3727 = AXIS2_PLACEMENT_3D ( 'NONE', #334, #257, #6353 ) ;
#3728 = ORIENTED_EDGE ( 'NONE', *, *, #4751, .T. ) ;
#3729 = FACE_OUTER_BOUND ( 'NONE', #3513, .T. ) ;
#3730 = DIRECTION ( 'NONE',  ( 1.000000000000000000, 0.000000000000000000, 0.000000000000000000 ) ) ;
#3731 = ORIENTED_EDGE ( 'NONE', *, *, #3189, .T. ) ;
#3732 = ORIENTED_EDGE ( 'NONE', *, *, #2871, .T. ) ;
#3733 = EDGE_CURVE ( 'NONE', #6103, #467, #3165, .T. ) ;
#3734 = CARTESIAN_POINT ( 'NONE',  ( -82.79999999999999716, 0.000000000000000000, -4.500000000000000000 ) ) ;
#3735 = ADVANCED_FACE ( 'NONE', ( #3685 ), #5292, .F. ) ;
#3736 = VECTOR ( 'NONE', #4062, 1000.000000000000000 ) ;
#3737 = FACE_OUTER_BOUND ( 'NONE', #5720, .T. ) ;
#3738 = APPROVAL_ROLE ( '' ) ;
#3739 = EDGE_LOOP ( 'NONE', ( #1987, #580, #3208, #1513 ) ) ;
#3740 = DIRECTION ( 'NONE',  ( 0.000000000000000000, 0.000000000000000000, 1.000000000000000000 ) ) ;
#3741 = VECTOR ( 'NONE', #4401, 1000.000000000000000 ) ;
#3742 = EDGE_CURVE ( 'NONE', #4786, #6103, #3287, .T. ) ;
#3743 = DIRECTION ( 'NONE',  ( 0.000000000000000000, 0.000000000000000000, -1.000000000000000000 ) ) ;
#3744 = VERTEX_POINT ( 'NONE', #4422 ) ;
#3745 = PLANE ( 'NONE',  #2727 ) ;
#3746 = CARTESIAN_POINT ( 'NONE',  ( 14.80357795871362114, -70.97255863797140307, 5.000000000000000000 ) ) ;
#3747 = CARTESIAN_POINT ( 'NONE',  ( 28.58964329923275116, 2.100000000000195044, -4.666662734709460025 ) ) ;
#3748 = ORIENTED_EDGE ( 'NONE', *, *, #2035, .F. ) ;
#3749 = CARTESIAN_POINT ( 'NONE',  ( 0.000000000000000000, 0.000000000000000000, -3.799999999999999822 ) ) ;
#3750 = CARTESIAN_POINT ( 'NONE',  ( -70.97255863797140307, -14.80357795871386095, -3.799999999999999822 ) ) ;
#3751 = AXIS2_PLACEMENT_3D ( 'NONE', #6540, #5916, #557 ) ;
#3752 = ADVANCED_FACE ( 'NONE', ( #3249 ), #2096, .F. ) ;
#3753 = CARTESIAN_POINT ( 'NONE',  ( 0.000000000000000000, 0.000000000000000000, 0.000000000000000000 ) ) ;
#3754 = VECTOR ( 'NONE', #1127, 1000.000000000000000 ) ;
#3755 = CARTESIAN_POINT ( 'NONE',  ( 0.000000000000000000, 0.000000000000000000, 4.499999999999944933 ) ) ;
#3756 = ORIENTED_EDGE ( 'NONE', *, *, #4943, .T. ) ;
#3757 = DIRECTION ( 'NONE',  ( 0.000000000000000000, 0.000000000000000000, -1.000000000000000000 ) ) ;
#3758 = ORIENTED_EDGE ( 'NONE', *, *, #7714, .F. ) ;
#3759 = ORIENTED_EDGE ( 'NONE', *, *, #2220, .T. ) ;
#3760 = EDGE_CURVE ( 'NONE', #4937, #1713, #2577, .T. ) ;
#3761 = AXIS2_PLACEMENT_3D ( 'NONE', #314, #2066, #4467 ) ;
#3762 = CARTESIAN_POINT ( 'NONE',  ( 32.64568837809540014, 12.61978725336857998, -5.000000000000000000 ) ) ;
#3763 = CIRCLE ( 'NONE', #7132, 78.50000000000000000 ) ;
#3764 = ORIENTED_EDGE ( 'NONE', *, *, #3883, .F. ) ;
#3765 = CARTESIAN_POINT ( 'NONE',  ( -36.67431014136210621, 10.24588957259826039, -3.799999999999999822 ) ) ;
#3766 = AXIS2_PLACEMENT_3D ( 'NONE', #3378, #5169, #2705 ) ;
#3767 = CARTESIAN_POINT ( 'NONE',  ( 0.000000000000000000, 0.000000000000000000, 0.5999999999999999778 ) ) ;
#3768 = VERTEX_POINT ( 'NONE', #931 ) ;
#3769 = ORIENTED_EDGE ( 'NONE', *, *, #5393, .T. ) ;
#3770 = FACE_OUTER_BOUND ( 'NONE', #3500, .T. ) ;
#3771 = CARTESIAN_POINT ( 'NONE',  ( 8.803577958713610485, -70.97255863797140307, -3.799999999999999822 ) ) ;
#3772 = APPROVAL_ROLE ( '' ) ;
#3773 = ORIENTED_EDGE ( 'NONE', *, *, #524, .T. ) ;
#3774 = CIRCLE ( 'NONE', #4901, 4.000000000000000000 ) ;
#3775 = EDGE_CURVE ( 'NONE', #1128, #2595, #1983, .T. ) ;
#3776 = CARTESIAN_POINT ( 'NONE',  ( -10.24588957259812005, -36.67431014136215595, -3.799999999999999822 ) ) ;
#3777 = CARTESIAN_POINT ( 'NONE',  ( -7.247758274114829646, -2.600000000000000089, 30.56012519531154936 ) ) ;
#3778 = ORIENTED_EDGE ( 'NONE', *, *, #6850, .F. ) ;
#3779 = FACE_OUTER_BOUND ( 'NONE', #6608, .T. ) ;
#3780 = DIRECTION ( 'NONE',  ( 0.000000000000000000, 0.000000000000000000, -1.000000000000000000 ) ) ;
#3781 = EDGE_CURVE ( 'NONE', #1919, #3259, #1504, .T. ) ;
#3782 = LINE ( 'NONE', #3904, #1275 ) ;
#3783 = VECTOR ( 'NONE', #3225, 1000.000000000000000 ) ;
#3784 = ORIENTED_EDGE ( 'NONE', *, *, #437, .F. ) ;
#3785 = CARTESIAN_POINT ( 'NONE',  ( -11.50000000000000000, -1.399999999999999911, 30.56012519531154936 ) ) ;
#3786 = CIRCLE ( 'NONE', #3917, 5.999999999999998224 ) ;
#3787 = CYLINDRICAL_SURFACE ( 'NONE', #1460, 6.000000000000005329 ) ;
#3788 = CARTESIAN_POINT ( 'NONE',  ( 0.000000000000000000, 0.000000000000000000, 5.000000000000000000 ) ) ;
#3789 = COORDINATED_UNIVERSAL_TIME_OFFSET ( 8, 0, .AHEAD. ) ;
#3790 = DIRECTION ( 'NONE',  ( 0.000000000000000000, 0.000000000000000000, 1.000000000000000000 ) ) ;
#3791 = AXIS2_PLACEMENT_3D ( 'NONE', #1871, #774, #7206 ) ;
#3792 =( NAMED_UNIT ( * ) PLANE_ANGLE_UNIT ( ) SI_UNIT ( $, .RADIAN. ) );
#3793 = CC_DESIGN_APPROVAL ( #6736, ( #1905 ) ) ;
#3794 = VECTOR ( 'NONE', #2948, 1000.000000000000000 ) ;
#3795 = CIRCLE ( 'NONE', #6039, 79.00000000000000000 ) ;
#3796 = EDGE_CURVE ( 'NONE', #5004, #3259, #3583, .T. ) ;
#3797 = DIRECTION ( 'NONE',  ( 0.000000000000000000, 0.000000000000000000, 1.000000000000000000 ) ) ;
#3798 = VERTEX_POINT ( 'NONE', #6872 ) ;
#3799 = DIRECTION ( 'NONE',  ( 1.000000000000000000, 0.000000000000000000, 0.000000000000000000 ) ) ;
#3800 = ORIENTED_EDGE ( 'NONE', *, *, #5763, .T. ) ;
#3801 = LOCAL_TIME ( 15, 19, 25.00000000000000000, #410 ) ;
#3802 = ORIENTED_EDGE ( 'NONE', *, *, #5382, .T. ) ;
#3803 = AXIS2_PLACEMENT_3D ( 'NONE', #1962, #795, #2708 ) ;
#3804 = CARTESIAN_POINT ( 'NONE',  ( -16.02870165184855011, -76.84614969766559511, 4.500000000000000000 ) ) ;
#3805 = VERTEX_POINT ( 'NONE', #5705 ) ;
#3806 = LOCAL_TIME ( 15, 19, 25.00000000000000000, #7347 ) ;
#3807 = CARTESIAN_POINT ( 'NONE',  ( 36.67431014136205647, 10.24588957259849842, -3.799999999999999822 ) ) ;
#3808 = CARTESIAN_POINT ( 'NONE',  ( -6.347440429023360586, -1.399999999999911982, -5.000000000000000000 ) ) ;
#3809 = DIRECTION ( 'NONE',  ( -1.000000000000000000, 0.000000000000000000, 0.000000000000000000 ) ) ;
#3810 = ORIENTED_EDGE ( 'NONE', *, *, #7220, .F. ) ;
#3811 = ORIENTED_EDGE ( 'NONE', *, *, #235, .T. ) ;
#3812 = AXIS2_PLACEMENT_3D ( 'NONE', #2418, #2457, #653 ) ;
#3813 = EDGE_CURVE ( 'NONE', #6367, #2991, #4833, .T. ) ;
#3814 = ADVANCED_FACE ( 'NONE', ( #1395 ), #5042, .F. ) ;
#3815 = DIRECTION ( 'NONE',  ( -0.04217025705071829333, 0.9991104390507968835, 0.000000000000000000 ) ) ;
#3816 = CARTESIAN_POINT ( 'NONE',  ( -8.808915324408838288, 70.71953709566709279, 4.500000000000000000 ) ) ;
#3817 = CIRCLE ( 'NONE', #925, 88.50000000000000000 ) ;
#3818 = AXIS2_PLACEMENT_3D ( 'NONE', #298, #3831, #1498 ) ;
#3819 = EDGE_LOOP ( 'NONE', ( #5843, #4974, #180, #3406 ) ) ;
#3820 = DIRECTION ( 'NONE',  ( 0.000000000000000000, 0.000000000000000000, -1.000000000000000000 ) ) ;
#3821 = DIRECTION ( 'NONE',  ( 0.000000000000000000, 0.000000000000000000, -1.000000000000000000 ) ) ;
#3822 = ORIENTED_EDGE ( 'NONE', *, *, #4695, .F. ) ;
#3823 = LINE ( 'NONE', #951, #981 ) ;
#3824 = PLANE ( 'NONE',  #4183 ) ;
#3825 = CARTESIAN_POINT ( 'NONE',  ( 13.83473019803201964, -46.50000000000000000, 4.500000000000000000 ) ) ;
#3826 = AXIS2_PLACEMENT_3D ( 'NONE', #976, #7483, #1588 ) ;
#3827 = EDGE_CURVE ( 'NONE', #6260, #5197, #556, .T. ) ;
#3828 = ORIENTED_EDGE ( 'NONE', *, *, #1901, .F. ) ;
#3829 = LINE ( 'NONE', #2007, #5610 ) ;
#3830 = FACE_OUTER_BOUND ( 'NONE', #7090, .T. ) ;
#3831 = DIRECTION ( 'NONE',  ( 0.000000000000000000, 0.000000000000000000, -1.000000000000000000 ) ) ;
#3832 = APPROVAL_DATE_TIME ( #1432, #3215 ) ;
#3833 = DIRECTION ( 'NONE',  ( 0.000000000000000000, 0.000000000000000000, 1.000000000000000000 ) ) ;
#3834 = EDGE_CURVE ( 'NONE', #5019, #7262, #5667, .T. ) ;
#3835 = EDGE_CURVE ( 'NONE', #2256, #7380, #4459, .T. ) ;
#3836 = CARTESIAN_POINT ( 'NONE',  ( -28.50000000000000000, 0.000000000000000000, -0.5999999999999999778 ) ) ;
#3837 = ORIENTED_EDGE ( 'NONE', *, *, #7181, .F. ) ;
#3838 = EDGE_CURVE ( 'NONE', #5019, #4421, #965, .T. ) ;
#3839 = CARTESIAN_POINT ( 'NONE',  ( 0.000000000000000000, 0.000000000000000000, 0.5999999999999999778 ) ) ;
#3840 = VERTEX_POINT ( 'NONE', #6322 ) ;
#3841 = ORIENTED_EDGE ( 'NONE', *, *, #4449, .F. ) ;
#3842 = CARTESIAN_POINT ( 'NONE',  ( 28.92386557844574924, 2.100000000000195044, 3.799999999999999822 ) ) ;
#3843 = EDGE_CURVE ( 'NONE', #382, #4361, #1437, .T. ) ;
#3844 = EDGE_CURVE ( 'NONE', #7069, #5004, #2933, .T. ) ;
#3845 = CIRCLE ( 'NONE', #338, 28.99999999999993250 ) ;
#3846 = DIRECTION ( 'NONE',  ( 0.000000000000000000, 0.000000000000000000, -1.000000000000000000 ) ) ;
#3847 = ORIENTED_EDGE ( 'NONE', *, *, #6871, .F. ) ;
#3848 = FACE_OUTER_BOUND ( 'NONE', #5967, .T. ) ;
#3849 = CARTESIAN_POINT ( 'NONE',  ( 36.84299116956495368, -14.24233132880143948, -0.5999999999999999778 ) ) ;
#3850 = VERTEX_POINT ( 'NONE', #6753 ) ;
#3851 = ORIENTED_EDGE ( 'NONE', *, *, #1723, .F. ) ;
#3852 = DIRECTION ( 'NONE',  ( 1.000000000000000000, 0.000000000000000000, 0.000000000000000000 ) ) ;
#3853 = CARTESIAN_POINT ( 'NONE',  ( -12.55972481796342066, 25.95408151379574946, -4.833329469438149673 ) ) ;
#3854 = EDGE_CURVE ( 'NONE', #2311, #1331, #228, .T. ) ;
#3855 = CIRCLE ( 'NONE', #5596, 4.500000000000000888 ) ;
#3856 = AXIS2_PLACEMENT_3D ( 'NONE', #1570, #7548, #959 ) ;
#3857 = EDGE_CURVE ( 'NONE', #7191, #1386, #3704, .T. ) ;
#3858 = AXIS2_PLACEMENT_3D ( 'NONE', #5450, #1721, #1147 ) ;
#3859 = EDGE_LOOP ( 'NONE', ( #7375, #4698, #6852, #6755 ) ) ;
#3860 = FACE_OUTER_BOUND ( 'NONE', #1481, .T. ) ;
#3861 = PLANE ( 'NONE',  #5992 ) ;
#3862 = UNCERTAINTY_MEASURE_WITH_UNIT (LENGTH_MEASURE( 1.000000000000000082E-05 ), #4886, 'distance_accuracy_value', 'NONE');
#3863 = ORIENTED_EDGE ( 'NONE', *, *, #949, .F. ) ;
#3864 = FACE_OUTER_BOUND ( 'NONE', #7519, .T. ) ;
#3865 = FACE_OUTER_BOUND ( 'NONE', #5629, .T. ) ;
#3866 = CIRCLE ( 'NONE', #7352, 6.500000000000005329 ) ;
#3867 = ADVANCED_FACE ( 'NONE', ( #2017 ), #267, .F. ) ;
#3868 = CARTESIAN_POINT ( 'NONE',  ( -29.00000000000000000, 0.000000000000000000, -5.000000000000000000 ) ) ;
#3869 = AXIS2_PLACEMENT_3D ( 'NONE', #7697, #6382, #2197 ) ;
#3870 = ORIENTED_EDGE ( 'NONE', *, *, #5208, .F. ) ;
#3871 = LINE ( 'NONE', #3199, #4866 ) ;
#3872 = CYLINDRICAL_SURFACE ( 'NONE', #222, 5.999999999999998224 ) ;
#3873 = LINE ( 'NONE', #3279, #4070 ) ;
#3874 = AXIS2_PLACEMENT_3D ( 'NONE', #649, #6009, #1824 ) ;
#3875 = DIRECTION ( 'NONE',  ( 1.000000000000000000, 0.000000000000000000, 0.000000000000000000 ) ) ;
#3876 = EDGE_CURVE ( 'NONE', #5497, #1453, #2650, .T. ) ;
#3877 = CARTESIAN_POINT ( 'NONE',  ( 28.42252627758484707, -2.099999999999804690, -4.500000000000000000 ) ) ;
#3878 = EDGE_LOOP ( 'NONE', ( #1138, #7050, #3666, #782 ) ) ;
#3879 = EDGE_CURVE ( 'NONE', #7365, #7103, #1047, .T. ) ;
#3880 = DIRECTION ( 'NONE',  ( 1.000000000000000000, 0.000000000000000000, 0.000000000000000000 ) ) ;
#3881 = EDGE_LOOP ( 'NONE', ( #1872, #4963, #868, #4718 ) ) ;
#3882 = ORIENTED_EDGE ( 'NONE', *, *, #1960, .T. ) ;
#3883 = EDGE_CURVE ( 'NONE', #81, #5784, #5782, .T. ) ;
#3884 = DIRECTION ( 'NONE',  ( 0.000000000000000000, 0.000000000000000000, -1.000000000000000000 ) ) ;
#3885 = CC_DESIGN_PERSON_AND_ORGANIZATION_ASSIGNMENT ( #2514, #6698, ( #5792 ) ) ;
#3886 = CARTESIAN_POINT ( 'NONE',  ( -7.247758274114829646, 2.600000000000000089, 0.5999999999999999778 ) ) ;
#3887 = ORIENTED_EDGE ( 'NONE', *, *, #5210, .F. ) ;
#3888 = DIRECTION ( 'NONE',  ( -3.885780586188044933E-16, -1.000000000000000000, 0.000000000000000000 ) ) ;
#3889 = DIRECTION ( 'NONE',  ( 0.000000000000000000, 0.000000000000000000, 1.000000000000000000 ) ) ;
#3890 = EDGE_LOOP ( 'NONE', ( #3639, #7438, #6571, #4214 ) ) ;
#3891 = VERTEX_POINT ( 'NONE', #6441 ) ;
#3892 = VECTOR ( 'NONE', #3518, 1000.000000000000000 ) ;
#3893 = LINE ( 'NONE', #2188, #2258 ) ;
#3894 = PLANE ( 'NONE',  #4032 ) ;
#3895 = CC_DESIGN_PERSON_AND_ORGANIZATION_ASSIGNMENT ( #1085, #4105, ( #1915 ) ) ;
#3896 = VECTOR ( 'NONE', #2778, 1000.000000000000000 ) ;
#3897 = ORIENTED_EDGE ( 'NONE', *, *, #1539, .F. ) ;
#3898 = CARTESIAN_POINT ( 'NONE',  ( -58.20652884342099753, 46.50000000000000000, 5.000000000000000000 ) ) ;
#3899 = CARTESIAN_POINT ( 'NONE',  ( 0.000000000000000000, 0.000000000000000000, -4.500000000000000000 ) ) ;
#3900 = VERTEX_POINT ( 'NONE', #4609 ) ;
#3901 = DIRECTION ( 'NONE',  ( 0.000000000000000000, 0.000000000000000000, -1.000000000000000000 ) ) ;
#3902 = CARTESIAN_POINT ( 'NONE',  ( 0.000000000000000000, 0.000000000000000000, -3.799999999999999822 ) ) ;
#3903 = AXIS2_PLACEMENT_3D ( 'NONE', #5334, #553, #7727 ) ;
#3904 = CARTESIAN_POINT ( 'NONE',  ( 8.500000000000000000, -78.03845206050668537, 4.500000000000000000 ) ) ;
#3905 = VERTEX_POINT ( 'NONE', #376 ) ;
#3906 = DIRECTION ( 'NONE',  ( 0.000000000000000000, 0.000000000000000000, -1.000000000000000000 ) ) ;
#3907 = CARTESIAN_POINT ( 'NONE',  ( 14.24233132880129915, -36.84299116956504605, -5.000000000000000000 ) ) ;
#3908 = CARTESIAN_POINT ( 'NONE',  ( -9.338733222303458703, 46.31023384327180281, 5.000000000000000000 ) ) ;
#3909 = VECTOR ( 'NONE', #838, 1000.000000000000000 ) ;
#3910 = FACE_OUTER_BOUND ( 'NONE', #7530, .T. ) ;
#3911 = AXIS2_PLACEMENT_3D ( 'NONE', #605, #6621, #7740 ) ;
#3912 = LINE ( 'NONE', #1468, #1924 ) ;
#3913 = ORIENTED_EDGE ( 'NONE', *, *, #6839, .F. ) ;
#3914 = CARTESIAN_POINT ( 'NONE',  ( 28.96379781475134862, -1.448591090061386089, 3.799999999999999822 ) ) ;
#3915 = ORIENTED_EDGE ( 'NONE', *, *, #7514, .F. ) ;
#3916 = ORIENTED_EDGE ( 'NONE', *, *, #4507, .T. ) ;
#3917 = AXIS2_PLACEMENT_3D ( 'NONE', #4623, #5130, #6455 ) ;
#3918 = APPLICATION_CONTEXT ( 'configuration controlled 3d designs of mechanical parts and assemblies' ) ;
#3919 = LINE ( 'NONE', #4031, #6662 ) ;
#3920 = ADVANCED_FACE ( 'NONE', ( #4112 ), #1173, .F. ) ;
#3921 = VECTOR ( 'NONE', #911, 1000.000000000000000 ) ;
#3922 = EDGE_CURVE ( 'NONE', #6103, #3250, #5279, .T. ) ;
#3923 = DIRECTION ( 'NONE',  ( 0.000000000000000000, 0.000000000000000000, -1.000000000000000000 ) ) ;
#3924 = ORIENTED_EDGE ( 'NONE', *, *, #621, .T. ) ;
#3925 = CARTESIAN_POINT ( 'NONE',  ( 0.000000000000000000, 0.000000000000000000, -5.000000000000000000 ) ) ;
#3926 = DIRECTION ( 'NONE',  ( -0.8660254037844380415, 0.5000000000000012212, 0.000000000000000000 ) ) ;
#3927 = AXIS2_PLACEMENT_3D ( 'NONE', #6141, #742, #4433 ) ;
#3928 = ORIENTED_EDGE ( 'NONE', *, *, #2180, .F. ) ;
#3929 = EDGE_LOOP ( 'NONE', ( #7186, #6990, #6458, #3469 ) ) ;
#3930 = CYLINDRICAL_SURFACE ( 'NONE', #5893, 35.50000000000000000 ) ;
#3931 = CARTESIAN_POINT ( 'NONE',  ( -14.80357795871362114, 70.97255863797140307, 3.799999999999999822 ) ) ;
#3932 = APPROVAL_PERSON_ORGANIZATION ( #6733, #1116, #3772 ) ;
#3933 = EDGE_CURVE ( 'NONE', #2302, #7215, #4652, .T. ) ;
#3934 = ORIENTED_EDGE ( 'NONE', *, *, #3403, .T. ) ;
#3935 = FACE_OUTER_BOUND ( 'NONE', #5572, .T. ) ;
#3936 = FACE_OUTER_BOUND ( 'NONE', #4400, .T. ) ;
#3937 = ORIENTED_EDGE ( 'NONE', *, *, #485, .F. ) ;
#3938 = DIRECTION ( 'NONE',  ( -1.000000000000000000, 0.000000000000000000, 0.000000000000000000 ) ) ;
#3939 = DIRECTION ( 'NONE',  ( 1.000000000000000000, -7.771561172376090853E-16, 0.000000000000000000 ) ) ;
#3940 = EDGE_CURVE ( 'NONE', #2380, #2187, #2810, .T. ) ;
#3941 = VECTOR ( 'NONE', #2133, 1000.000000000000114 ) ;
#3942 = DIRECTION ( 'NONE',  ( 0.000000000000000000, 0.000000000000000000, 1.000000000000000000 ) ) ;
#3943 = CIRCLE ( 'NONE', #7693, 7.700000000000000178 ) ;
#3944 = ADVANCED_FACE ( 'NONE', ( #7674 ), #5824, .F. ) ;
#3945 = ORIENTED_EDGE ( 'NONE', *, *, #214, .F. ) ;
#3946 = CYLINDRICAL_SURFACE ( 'NONE', #6854, 4.000000000000003553 ) ;
#3947 = DIRECTION ( 'NONE',  ( -0.02981887472494768737, 0.7064777666070908291, 0.7071067811865437980 ) ) ;
#3948 = DIRECTION ( 'NONE',  ( -0.1443822118679994326, 0.6922093447044100900, -0.7071067811865441310 ) ) ;
#3949 = CARTESIAN_POINT ( 'NONE',  ( 12.61978725336802043, 32.64568837809564883, -5.000000000000000000 ) ) ;
#3950 = CIRCLE ( 'NONE', #1068, 2.100000000000000089 ) ;
#3951 = CYLINDRICAL_SURFACE ( 'NONE', #4265, 6.000000000000000000 ) ;
#3952 = EDGE_CURVE ( 'NONE', #7654, #4491, #3315, .T. ) ;
#3953 = VECTOR ( 'NONE', #2657, 1000.000000000000000 ) ;
#3954 = CARTESIAN_POINT ( 'NONE',  ( -14.80357795871362114, 70.97255863797140307, -4.500000000000000000 ) ) ;
#3955 = CARTESIAN_POINT ( 'NONE',  ( 12.74414409577106078, 0.5278586372665100557, 3.799999999999999822 ) ) ;
#3956 = VERTEX_POINT ( 'NONE', #7592 ) ;
#3957 = ORIENTED_EDGE ( 'NONE', *, *, #1314, .T. ) ;
#3958 = CARTESIAN_POINT ( 'NONE',  ( 10.36068798139367964, 33.95447164295455167, -4.499999999999944933 ) ) ;
#3959 = CARTESIAN_POINT ( 'NONE',  ( 4.386155779809839395, -4.797044660542650441, -5.000000000000000000 ) ) ;
#3960 = EDGE_LOOP ( 'NONE', ( #3706, #7026, #7424, #7062 ) ) ;
#3961 = CARTESIAN_POINT ( 'NONE',  ( 0.000000000000000000, 0.000000000000000000, -3.799999999999999822 ) ) ;
#3962 = CARTESIAN_POINT ( 'NONE',  ( -70.71953709566709279, -8.808915324409079872, -4.500000000000000000 ) ) ;
#3963 = ORIENTED_EDGE ( 'NONE', *, *, #5015, .T. ) ;
#3964 = ORIENTED_EDGE ( 'NONE', *, *, #2581, .F. ) ;
#3965 = CARTESIAN_POINT ( 'NONE',  ( 8.601666049839581163, -9.698522628062329787, -5.000000000000000000 ) ) ;
#3966 = DIRECTION ( 'NONE',  ( 3.885780586188044933E-16, 1.000000000000000000, 0.000000000000000000 ) ) ;
#3967 = VERTEX_POINT ( 'NONE', #1745 ) ;
#3968 = PRODUCT_DEFINITION_SHAPE ( 'NONE', 'NONE',  #1915 ) ;
#3969 = DIRECTION ( 'NONE',  ( -0.5000000000000007772, 0.8660254037844381525, 0.000000000000000000 ) ) ;
#3970 = DIRECTION ( 'NONE',  ( -1.000000000000000000, 0.000000000000000000, 0.000000000000000000 ) ) ;
#3971 = ADVANCED_FACE ( 'NONE', ( #2930 ), #6940, .F. ) ;
#3972 = ORIENTED_EDGE ( 'NONE', *, *, #7319, .T. ) ;
#3973 = PLANE ( 'NONE',  #7479 ) ;
#3974 = FACE_OUTER_BOUND ( 'NONE', #6443, .T. ) ;
#3975 = ADVANCED_FACE ( 'NONE', ( #5741 ), #4705, .F. ) ;
#3976 = DIRECTION ( 'NONE',  ( 1.000000000000000000, 0.000000000000000000, 0.000000000000000000 ) ) ;
#3977 = CALENDAR_DATE ( 2026, 9, 8 ) ;
#3978 = CC_DESIGN_DATE_AND_TIME_ASSIGNMENT ( #1887, #5457, ( #1296 ) ) ;
#3979 = ORIENTED_EDGE ( 'NONE', *, *, #244, .T. ) ;
#3980 = CARTESIAN_POINT ( 'NONE',  ( 4.537564434701839566, 10.65929214352101972, 30.80087640576605068 ) ) ;
#3981 = CIRCLE ( 'NONE', #3727, 6.000000000000005329 ) ;
#3982 = LINE ( 'NONE', #6352, #4014 ) ;
#3983 = CARTESIAN_POINT ( 'NONE',  ( 11.77285831576796049, -0.4969064900065369716, 3.799999999999999822 ) ) ;
#3984 = CARTESIAN_POINT ( 'NONE',  ( -13.83473019803201964, -42.50000000000000000, 3.799999999999999822 ) ) ;
#3985 = APPROVAL_ROLE ( '' ) ;
#3986 = PLANE ( 'NONE',  #3261 ) ;
#3987 = VECTOR ( 'NONE', #921, 999.9999999999998863 ) ;
#3988 = LINE ( 'NONE', #4197, #5681 ) ;
#3989 = VECTOR ( 'NONE', #289, 1000.000000000000000 ) ;
#3990 = DIRECTION ( 'NONE',  ( 0.000000000000000000, 0.000000000000000000, 1.000000000000000000 ) ) ;
#3991 = EDGE_CURVE ( 'NONE', #2801, #6260, #7113, .T. ) ;
#3992 = ORIENTED_EDGE ( 'NONE', *, *, #4450, .T. ) ;
#3993 = EDGE_LOOP ( 'NONE', ( #4188, #4029, #878, #1204 ) ) ;
#3994 = DIRECTION ( 'NONE',  ( 0.000000000000000000, 0.000000000000000000, 1.000000000000000000 ) ) ;
#3995 = CIRCLE ( 'NONE', #3120, 2.099999999999999645 ) ;
#3996 = DIRECTION ( 'NONE',  ( 0.000000000000000000, 0.000000000000000000, 1.000000000000000000 ) ) ;
#3997 = ADVANCED_FACE ( 'NONE', ( #3485 ), #6522, .T. ) ;
#3998 = ORIENTED_EDGE ( 'NONE', *, *, #5076, .T. ) ;
#3999 = LINE ( 'NONE', #6368, #3233 ) ;
#4000 = FACE_OUTER_BOUND ( 'NONE', #5424, .T. ) ;
#4001 = ORIENTED_EDGE ( 'NONE', *, *, #1046, .T. ) ;
#4002 = ORIENTED_EDGE ( 'NONE', *, *, #5156, .T. ) ;
#4003 = LINE ( 'NONE', #4713, #5132 ) ;
#4004 = DIRECTION ( 'NONE',  ( 1.000000000000000000, 0.000000000000000000, 0.000000000000000000 ) ) ;
#4005 = ORIENTED_EDGE ( 'NONE', *, *, #1385, .T. ) ;
#4006 = DIRECTION ( 'NONE',  ( 0.000000000000000000, 0.000000000000000000, 1.000000000000000000 ) ) ;
#4007 = CONICAL_SURFACE ( 'NONE', #3128, 4.499999999999999112, 0.7853981633974278509 ) ;
#4008 = CARTESIAN_POINT ( 'NONE',  ( 0.000000000000000000, 0.000000000000000000, -0.5999999999999999778 ) ) ;
#4009 = ORIENTED_EDGE ( 'NONE', *, *, #4288, .F. ) ;
#4010 = LINE ( 'NONE', #1073, #6098 ) ;
#4011 = DIRECTION ( 'NONE',  ( -1.000000000000000000, 0.000000000000000000, 0.000000000000000000 ) ) ;
#4012 = CARTESIAN_POINT ( 'NONE',  ( -16.11347499756395152, 23.70935738227095158, -4.666662734709449367 ) ) ;
#4013 = PERSON_AND_ORGANIZATION_ROLE ( 'creator' ) ;
#4014 = VECTOR ( 'NONE', #5853, 1000.000000000000000 ) ;
#4015 = ADVANCED_FACE ( 'NONE', ( #2766 ), #4028, .F. ) ;
#4016 = ORIENTED_EDGE ( 'NONE', *, *, #5888, .F. ) ;
#4017 = LINE ( 'NONE', #5771, #6425 ) ;
#4018 = EDGE_CURVE ( 'NONE', #4435, #4611, #2554, .T. ) ;
#4019 = DIRECTION ( 'NONE',  ( 0.000000000000000000, 0.000000000000000000, 1.000000000000000000 ) ) ;
#4020 = DIRECTION ( 'NONE',  ( -0.1443822118679992106, 0.6922093447044010972, -0.7071067811865530128 ) ) ;
#4021 = CARTESIAN_POINT ( 'NONE',  ( -82.29999999999999716, 0.000000000000000000, 5.000000000000000000 ) ) ;
#4022 = CONICAL_SURFACE ( 'NONE', #2515, 4.499999999999997335, 0.7853981633974236320 ) ;
#4023 = PERSON_AND_ORGANIZATION ( #2664, #7165 ) ;
#4024 = DIRECTION ( 'NONE',  ( 0.000000000000000000, 0.000000000000000000, -1.000000000000000000 ) ) ;
#4025 = ADVANCED_FACE ( 'NONE', ( #6953 ), #500, .F. ) ;
#4026 = AXIS2_PLACEMENT_3D ( 'NONE', #6895, #2043, #1384 ) ;
#4027 = FACE_OUTER_BOUND ( 'NONE', #1364, .T. ) ;
#4028 = CYLINDRICAL_SURFACE ( 'NONE', #5180, 6.000000000000005329 ) ;
#4029 = ORIENTED_EDGE ( 'NONE', *, *, #5694, .T. ) ;
#4030 = ORIENTED_EDGE ( 'NONE', *, *, #2543, .F. ) ;
#4031 = CARTESIAN_POINT ( 'NONE',  ( 79.00000000000000000, 9.674709713264090904E-15, 3.299999999999999822 ) ) ;
#4032 = AXIS2_PLACEMENT_3D ( 'NONE', #3263, #4977, #1996 ) ;
#4033 = EDGE_CURVE ( 'NONE', #2319, #3198, #4778, .T. ) ;
#4034 = FACE_OUTER_BOUND ( 'NONE', #5523, .T. ) ;
#4035 = VERTEX_POINT ( 'NONE', #1175 ) ;
#4036 = LINE ( 'NONE', #2817, #6467 ) ;
#4037 = PLANE ( 'NONE',  #2174 ) ;
#4038 = VERTEX_POINT ( 'NONE', #2970 ) ;
#4039 = ORIENTED_EDGE ( 'NONE', *, *, #7141, .F. ) ;
#4040 = CIRCLE ( 'NONE', #3290, 28.50000000000000000 ) ;
#4041 = ORIENTED_EDGE ( 'NONE', *, *, #6605, .T. ) ;
#4042 = CARTESIAN_POINT ( 'NONE',  ( -16.28058613717015035, -23.99880236658034960, 3.799999999999999822 ) ) ;
#4043 = DIRECTION ( 'NONE',  ( 0.000000000000000000, 0.000000000000000000, 1.000000000000000000 ) ) ;
#4044 = AXIS2_PLACEMENT_3D ( 'NONE', #7320, #1944, #6647 ) ;
#4045 = LOCAL_TIME ( 15, 19, 25.00000000000000000, #5264 ) ;
#4046 = CIRCLE ( 'NONE', #3420, 35.50000000000000000 ) ;
#4047 = LINE ( 'NONE', #5336, #5740 ) ;
#4048 = DIRECTION ( 'NONE',  ( 0.000000000000000000, 0.000000000000000000, 1.000000000000000000 ) ) ;
#4049 = ADVANCED_FACE ( 'NONE', ( #7155 ), #5942, .T. ) ;
#4050 = DIRECTION ( 'NONE',  ( -1.000000000000000000, 0.000000000000000000, 0.000000000000000000 ) ) ;
#4051 = CIRCLE ( 'NONE', #4419, 5.999999999999998224 ) ;
#4052 = ORIENTED_EDGE ( 'NONE', *, *, #2056, .T. ) ;
#4053 = DIRECTION ( 'NONE',  ( -1.000000000000000000, 0.000000000000000000, 0.000000000000000000 ) ) ;
#4054 = DIRECTION ( 'NONE',  ( -1.000000000000000000, 0.000000000000000000, 0.000000000000000000 ) ) ;
#4055 = LOCAL_TIME ( 15, 19, 25.00000000000000000, #6037 ) ;
#4056 = CARTESIAN_POINT ( 'NONE',  ( -12.80006992841635949, 33.11205535492555185, -4.500000000000000000 ) ) ;
#4057 = PERSON_AND_ORGANIZATION ( #2664, #7165 ) ;
#4058 = EDGE_LOOP ( 'NONE', ( #5911, #4283, #7462, #3130 ) ) ;
#4059 = CARTESIAN_POINT ( 'NONE',  ( -36.65322501283674939, -9.746334353072889201, -5.000000000000000000 ) ) ;
#4060 = DIRECTION ( 'NONE',  ( 0.000000000000000000, 0.000000000000000000, -1.000000000000000000 ) ) ;
#4061 = ORIENTED_EDGE ( 'NONE', *, *, #6344, .F. ) ;
#4062 = DIRECTION ( 'NONE',  ( -1.000000000000000000, 7.771561172376090853E-16, 0.000000000000000000 ) ) ;
#4063 = DIRECTION ( 'NONE',  ( -0.8660254037844380415, -0.5000000000000012212, 0.000000000000000000 ) ) ;
#4064 = CIRCLE ( 'NONE', #6297, 6.000000000000000000 ) ;
#4065 = PERSON_AND_ORGANIZATION_ROLE ( 'design_owner' ) ;
#4066 = DIRECTION ( 'NONE',  ( 0.000000000000000000, 0.000000000000000000, 1.000000000000000000 ) ) ;
#4067 = VECTOR ( 'NONE', #6003, 1000.000000000000000 ) ;
#4068 = VERTEX_POINT ( 'NONE', #5361 ) ;
#4069 =( REPRESENTATION_RELATIONSHIP ('NONE','NONE', #4681, #327 ) REPRESENTATION_RELATIONSHIP_WITH_TRANSFORMATION ( #4884 )SHAPE_REPRESENTATION_RELATIONSHIP( ) );
#4070 = VECTOR ( 'NONE', #5660, 1000.000000000000114 ) ;
#4071 = CIRCLE ( 'NONE', #6926, 6.500000000000005329 ) ;
#4072 = CARTESIAN_POINT ( 'NONE',  ( 13.83473019803201964, 46.50000000000000000, 3.799999999999999822 ) ) ;
#4073 = DIRECTION ( 'NONE',  ( 0.000000000000000000, 0.000000000000000000, -1.000000000000000000 ) ) ;
#4074 = ORIENTED_EDGE ( 'NONE', *, *, #234, .T. ) ;
#4075 = EDGE_LOOP ( 'NONE', ( #7576, #700, #5234, #79 ) ) ;
#4076 = EDGE_CURVE ( 'NONE', #2309, #6485, #2379, .T. ) ;
#4077 = EDGE_CURVE ( 'NONE', #6264, #2821, #2735, .T. ) ;
#4078 = DIRECTION ( 'NONE',  ( -0.000000000000000000, -0.000000000000000000, -1.000000000000000000 ) ) ;
#4079 = EDGE_CURVE ( 'NONE', #3850, #455, #5945, .T. ) ;
#4080 = LINE ( 'NONE', #5793, #4347 ) ;
#4081 = ORIENTED_EDGE ( 'NONE', *, *, #2089, .F. ) ;
#4082 = CARTESIAN_POINT ( 'NONE',  ( 2.251666049839534889, -1.300000000000000044, 0.5999999999999999778 ) ) ;
#4083 = VERTEX_POINT ( 'NONE', #6219 ) ;
#4084 = ORIENTED_EDGE ( 'NONE', *, *, #1704, .T. ) ;
#4085 = DIRECTION ( 'NONE',  ( 1.000000000000000000, 0.000000000000000000, 0.000000000000000000 ) ) ;
#4086 = LINE ( 'NONE', #2230, #3549 ) ;
#4087 = ORIENTED_EDGE ( 'NONE', *, *, #2013, .F. ) ;
#4088 = CARTESIAN_POINT ( 'NONE',  ( 33.95447164295439535, 10.36068798139426050, -4.499999999999944933 ) ) ;
#4089 = FACE_OUTER_BOUND ( 'NONE', #3138, .T. ) ;
#4090 = ORIENTED_EDGE ( 'NONE', *, *, #1350, .F. ) ;
#4091 = DIRECTION ( 'NONE',  ( 1.000000000000000000, -4.440892098500625176E-16, 0.000000000000000000 ) ) ;
#4092 = EDGE_LOOP ( 'NONE', ( #4163, #4160 ) ) ;
#4093 = DIRECTION ( 'NONE',  ( 1.000000000000000000, 0.000000000000000000, 0.000000000000000000 ) ) ;
#4094 = DIRECTION ( 'NONE',  ( 1.000000000000000000, 0.000000000000000000, 0.000000000000000000 ) ) ;
#4095 = DATE_AND_TIME ( #2799, #3305 ) ;
#4096 = EDGE_CURVE ( 'NONE', #2943, #266, #3180, .T. ) ;
#4097 = ORIENTED_EDGE ( 'NONE', *, *, #3781, .F. ) ;
#4098 = CARTESIAN_POINT ( 'NONE',  ( 0.000000000000000000, 0.000000000000000000, 3.299999999999999822 ) ) ;
#4099 = LINE ( 'NONE', #5226, #6499 ) ;
#4100 = ORIENTED_EDGE ( 'NONE', *, *, #3681, .T. ) ;
#4101 = CARTESIAN_POINT ( 'NONE',  ( 10.90000000000000036, 8.933825901280559061E-14, 0.5999999999999999778 ) ) ;
#4102 = CARTESIAN_POINT ( 'NONE',  ( 1.961284649213485221, -6.197044660542599281, 30.80087640576605068 ) ) ;
#4103 = VECTOR ( 'NONE', #1152, 1000.000000000000000 ) ;
#4104 = EDGE_CURVE ( 'NONE', #1671, #1331, #5674, .T. ) ;
#4105 = PERSON_AND_ORGANIZATION_ROLE ( 'creator' ) ;
#4106 = DIRECTION ( 'NONE',  ( 0.000000000000000000, 0.000000000000000000, -1.000000000000000000 ) ) ;
#4107 = AXIS2_PLACEMENT_3D ( 'NONE', #6830, #885, #1502 ) ;
#4108 = AXIS2_PLACEMENT_3D ( 'NONE', #75, #7345, #218 ) ;
#4109 = ORIENTED_EDGE ( 'NONE', *, *, #6641, .F. ) ;
#4110 = VECTOR ( 'NONE', #3623, 1000.000000000000000 ) ;
#4111 = LINE ( 'NONE', #964, #7185 ) ;
#4112 = FACE_OUTER_BOUND ( 'NONE', #4175, .T. ) ;
#4113 = ORIENTED_EDGE ( 'NONE', *, *, #714, .F. ) ;
#4114 = ORIENTED_EDGE ( 'NONE', *, *, #1881, .F. ) ;
#4115 = CONICAL_SURFACE ( 'NONE', #1717, 4.500000000000000888, 0.7853981633974348453 ) ;
#4116 = AXIS2_PLACEMENT_3D ( 'NONE', #5956, #7089, #4172 ) ;
#4117 = ADVANCED_FACE ( 'NONE', ( #1546, #3217 ), #272, .T. ) ;
#4118 = EDGE_CURVE ( 'NONE', #2897, #6292, #2698, .T. ) ;
#4119 = CIRCLE ( 'NONE', #6232, 29.00000000000000000 ) ;
#4120 = DIRECTION ( 'NONE',  ( 1.000000000000000000, 0.000000000000000000, 0.000000000000000000 ) ) ;
#4121 = VERTEX_POINT ( 'NONE', #3294 ) ;
#4122 = CARTESIAN_POINT ( 'NONE',  ( 0.4758213614810600234, 11.27330309624252180, -5.000000000000000000 ) ) ;
#4123 = EDGE_CURVE ( 'NONE', #4572, #2157, #236, .T. ) ;
#4124 = ORIENTED_EDGE ( 'NONE', *, *, #1106, .T. ) ;
#4125 = ORIENTED_EDGE ( 'NONE', *, *, #4649, .T. ) ;
#4126 = CARTESIAN_POINT ( 'NONE',  ( -88.50000000000000000, 0.000000000000000000, 5.000000000000000000 ) ) ;
#4127 = CARTESIAN_POINT ( 'NONE',  ( 88.50000000000000000, 1.083812417245407954E-14, 3.799999999999999822 ) ) ;
#4128 = PRODUCT_DEFINITION ( '未知', '', #7172, #4399 ) ;
#4129 = AXIS2_PLACEMENT_3D ( 'NONE', #715, #3269, #834 ) ;
#4130 = ORIENTED_EDGE ( 'NONE', *, *, #5655, .T. ) ;
#4131 = PLANE ( 'NONE',  #4304 ) ;
#4132 = DIRECTION ( 'NONE',  ( 0.000000000000000000, 0.000000000000000000, -1.000000000000000000 ) ) ;
#4133 = VERTEX_POINT ( 'NONE', #3959 ) ;
#4134 = DIRECTION ( 'NONE',  ( 0.000000000000000000, 0.000000000000000000, 1.000000000000000000 ) ) ;
#4135 = ORIENTED_EDGE ( 'NONE', *, *, #708, .F. ) ;
#4136 = CARTESIAN_POINT ( 'NONE',  ( -14.80357795871362114, 70.97255863797140307, -5.000000000000000000 ) ) ;
#4137 = DIRECTION ( 'NONE',  ( 0.2549582041139534794, -0.6595425036758446602, -0.7071067811865376918 ) ) ;
#4138 = CALENDAR_DATE ( 2026, 9, 8 ) ;
#4139 = AXIS2_PLACEMENT_3D ( 'NONE', #3359, #5737, #370 ) ;
#4140 = EDGE_LOOP ( 'NONE', ( #4314, #3887 ) ) ;
#4141 = LINE ( 'NONE', #5816, #1309 ) ;
#4142 = CARTESIAN_POINT ( 'NONE',  ( 6.962435565298259910, 9.259292143521010487, 5.000000000000000000 ) ) ;
#4143 = VERTEX_POINT ( 'NONE', #6328 ) ;
#4144 = FACE_OUTER_BOUND ( 'NONE', #1650, .T. ) ;
#4145 = DIRECTION ( 'NONE',  ( 1.000000000000000000, 0.000000000000000000, 0.000000000000000000 ) ) ;
#4146 = CIRCLE ( 'NONE', #2381, 2.099999999999999645 ) ;
#4147 = PERSON_AND_ORGANIZATION ( #2664, #7165 ) ;
#4148 = LINE ( 'NONE', #1782, #5120 ) ;
#4149 = AXIS2_PLACEMENT_3D ( 'NONE', #3708, #4983, #286 ) ;
#4150 = ORIENTED_EDGE ( 'NONE', *, *, #759, .T. ) ;
#4151 = VECTOR ( 'NONE', #6298, 1000.000000000000114 ) ;
#4152 = CARTESIAN_POINT ( 'NONE',  ( -58.20652884342099753, 42.50000000000000000, 4.500000000000000000 ) ) ;
#4153 = ADVANCED_FACE ( 'NONE', ( #937 ), #7398, .F. ) ;
#4154 = DIRECTION ( 'NONE',  ( 0.000000000000000000, 0.000000000000000000, 1.000000000000000000 ) ) ;
#4155 = ORIENTED_EDGE ( 'NONE', *, *, #2237, .F. ) ;
#4156 = CIRCLE ( 'NONE', #6135, 6.000000000000000000 ) ;
#4157 = DIRECTION ( 'NONE',  ( 1.000000000000000000, 0.000000000000000000, 0.000000000000000000 ) ) ;
#4158 = CONICAL_SURFACE ( 'NONE', #1766, 4.499999999999997335, 0.7853981633974348453 ) ;
#4159 = DIRECTION ( 'NONE',  ( -1.000000000000000000, -6.883382752675970551E-15, 0.000000000000000000 ) ) ;
#4160 = ORIENTED_EDGE ( 'NONE', *, *, #7492, .T. ) ;
#4161 = DIRECTION ( 'NONE',  ( 0.000000000000000000, 0.000000000000000000, 1.000000000000000000 ) ) ;
#4162 = ORIENTED_EDGE ( 'NONE', *, *, #5829, .F. ) ;
#4163 = ORIENTED_EDGE ( 'NONE', *, *, #1467, .T. ) ;
#4164 = CARTESIAN_POINT ( 'NONE',  ( 8.808915324408838288, -70.71953709566709279, 4.500000000000000000 ) ) ;
#4165 = VECTOR ( 'NONE', #3966, 1000.000000000000000 ) ;
#4166 = EDGE_CURVE ( 'NONE', #7404, #7270, #3817, .T. ) ;
#4167 = FACE_OUTER_BOUND ( 'NONE', #5618, .T. ) ;
#4168 = EDGE_CURVE ( 'NONE', #5568, #3070, #861, .T. ) ;
#4169 = VERTEX_POINT ( 'NONE', #3333 ) ;
#4170 = CIRCLE ( 'NONE', #3042, 79.00000000000000000 ) ;
#4171 = DIRECTION ( 'NONE',  ( 0.000000000000000000, 0.000000000000000000, 1.000000000000000000 ) ) ;
#4172 = DIRECTION ( 'NONE',  ( 0.000000000000000000, 0.000000000000000000, -1.000000000000000000 ) ) ;
#4173 = VERTEX_POINT ( 'NONE', #7518 ) ;
#4174 = DIRECTION ( 'NONE',  ( 0.000000000000000000, 0.000000000000000000, 1.000000000000000000 ) ) ;
#4175 = EDGE_LOOP ( 'NONE', ( #5407, #3016, #6247, #5984 ) ) ;
#4176 = AXIS2_PLACEMENT_3D ( 'NONE', #4592, #2795, #2198 ) ;
#4177 = FACE_OUTER_BOUND ( 'NONE', #3602, .T. ) ;
#4178 = EDGE_CURVE ( 'NONE', #7716, #4984, #2619, .T. ) ;
#4179 = EDGE_CURVE ( 'NONE', #5508, #4429, #7361, .T. ) ;
#4180 = DIRECTION ( 'NONE',  ( -1.000000000000000000, 0.000000000000000000, 0.000000000000000000 ) ) ;
#4181 = AXIS2_PLACEMENT_3D ( 'NONE', #6170, #3718, #1281 ) ;
#4182 = DATE_AND_TIME ( #7184, #6408 ) ;
#4183 = AXIS2_PLACEMENT_3D ( 'NONE', #7458, #6156, #1931 ) ;
#4184 = ORIENTED_EDGE ( 'NONE', *, *, #6254, .T. ) ;
#4185 = CARTESIAN_POINT ( 'NONE',  ( 4.098333950160509609, -12.29852262806234009, 30.80087640576605068 ) ) ;
#4186 = EDGE_CURVE ( 'NONE', #2633, #4764, #2323, .T. ) ;
#4187 = CARTESIAN_POINT ( 'NONE',  ( 0.000000000000000000, 0.000000000000000000, 3.299999999999999822 ) ) ;
#4188 = ORIENTED_EDGE ( 'NONE', *, *, #6875, .F. ) ;
#4189 = APPROVAL_PERSON_ORGANIZATION ( #1391, #6736, #2753 ) ;
#4190 = PLANE ( 'NONE',  #5480 ) ;
#4191 = DIRECTION ( 'NONE',  ( 0.000000000000000000, 0.000000000000000000, -1.000000000000000000 ) ) ;
#4192 = CARTESIAN_POINT ( 'NONE',  ( -12.64327944127550118, -26.09880236658035102, 5.000000000000000000 ) ) ;
#4193 = CARTESIAN_POINT ( 'NONE',  ( -88.50000000000000000, 0.000000000000000000, 5.000000000000000000 ) ) ;
#4194 = EDGE_CURVE ( 'NONE', #2684, #1442, #7053, .T. ) ;
#4195 = PRODUCT_DEFINITION_FORMATION_WITH_SPECIFIED_SOURCE ( '任何', '', #5366, .NOT_KNOWN. ) ;
#4196 = ORIENTED_EDGE ( 'NONE', *, *, #5553, .F. ) ;
#4197 = CARTESIAN_POINT ( 'NONE',  ( -12.80006992841635949, -33.11205535492555185, -0.5999999999999999778 ) ) ;
#4198 = CARTESIAN_POINT ( 'NONE',  ( 61.33171160011479373, 48.99664429530200493, 0.5999999999999999778 ) ) ;
#4199 = VERTEX_POINT ( 'NONE', #1988 ) ;
#4200 = EDGE_CURVE ( 'NONE', #2261, #6600, #1512, .T. ) ;
#4201 = EDGE_CURVE ( 'NONE', #5280, #2991, #311, .T. ) ;
#4202 = AXIS2_PLACEMENT_3D ( 'NONE', #6222, #3099, #1882 ) ;
#4203 = DIRECTION ( 'NONE',  ( 0.000000000000000000, 0.000000000000000000, 1.000000000000000000 ) ) ;
#4204 = ORIENTED_EDGE ( 'NONE', *, *, #7016, .T. ) ;
#4205 = CARTESIAN_POINT ( 'NONE',  ( 0.000000000000000000, 0.000000000000000000, -0.5999999999999999778 ) ) ;
#4206 = VERTEX_POINT ( 'NONE', #3886 ) ;
#4207 = ORIENTED_EDGE ( 'NONE', *, *, #1288, .T. ) ;
#4208 = CARTESIAN_POINT ( 'NONE',  ( 0.000000000000000000, 0.000000000000000000, 3.299999999999999822 ) ) ;
#4209 = LINE ( 'NONE', #4275, #4410 ) ;
#4210 = VERTEX_POINT ( 'NONE', #5084 ) ;
#4211 = DIRECTION ( 'NONE',  ( 1.000000000000000000, 0.000000000000000000, 0.000000000000000000 ) ) ;
#4212 = DIRECTION ( 'NONE',  ( -0.1443822118679930211, -0.6922093447044022074, 0.7071067811865532349 ) ) ;
#4213 = ORIENTED_EDGE ( 'NONE', *, *, #1704, .F. ) ;
#4214 = ORIENTED_EDGE ( 'NONE', *, *, #1706, .F. ) ;
#4215 = CARTESIAN_POINT ( 'NONE',  ( 6.962435565298259910, 9.259292143521010487, 5.000000000000000000 ) ) ;
#4216 = DIRECTION ( 'NONE',  ( 1.000000000000000000, 0.000000000000000000, 0.000000000000000000 ) ) ;
#4217 = PERSON_AND_ORGANIZATION ( #2664, #7165 ) ;
#4218 = VERTEX_POINT ( 'NONE', #7743 ) ;
#4219 = EDGE_CURVE ( 'NONE', #2856, #4793, #6351, .T. ) ;
#4220 = CARTESIAN_POINT ( 'NONE',  ( 0.000000000000000000, 0.000000000000000000, 3.299999999999999822 ) ) ;
#4221 = DIRECTION ( 'NONE',  ( 1.000000000000000000, 0.000000000000000000, 0.000000000000000000 ) ) ;
#4222 = VERTEX_POINT ( 'NONE', #994 ) ;
#4223 = CARTESIAN_POINT ( 'NONE',  ( 70.97255863797130360, 14.80357795871436188, -5.000000000000000000 ) ) ;
#4224 = CARTESIAN_POINT ( 'NONE',  ( 61.33171160011479373, 48.99664429530200493, 4.499999999999944933 ) ) ;
#4225 = CARTESIAN_POINT ( 'NONE',  ( -14.24233132880129915, 36.84299116956504605, -3.799999999999999822 ) ) ;
#4226 = DIRECTION ( 'NONE',  ( 0.000000000000000000, 0.000000000000000000, 1.000000000000000000 ) ) ;
#4227 = EDGE_CURVE ( 'NONE', #637, #4169, #2307, .T. ) ;
#4228 = ORIENTED_EDGE ( 'NONE', *, *, #3303, .F. ) ;
#4229 = CARTESIAN_POINT ( 'NONE',  ( 0.000000000000000000, 0.000000000000000000, 5.000000000000000000 ) ) ;
#4230 = AXIS2_PLACEMENT_3D ( 'NONE', #225, #6206, #3207 ) ;
#4231 = DIRECTION ( 'NONE',  ( 0.000000000000000000, 0.000000000000000000, 1.000000000000000000 ) ) ;
#4232 = VECTOR ( 'NONE', #3335, 1000.000000000000000 ) ;
#4233 = AXIS2_PLACEMENT_3D ( 'NONE', #5994, #2358, #3541 ) ;
#4234 = FACE_OUTER_BOUND ( 'NONE', #4309, .T. ) ;
#4235 = ORIENTED_EDGE ( 'NONE', *, *, #214, .T. ) ;
#4236 = VECTOR ( 'NONE', #7272, 1000.000000000000000 ) ;
#4237 = DIRECTION ( 'NONE',  ( 0.000000000000000000, 0.000000000000000000, -1.000000000000000000 ) ) ;
#4238 = ORIENTED_EDGE ( 'NONE', *, *, #5906, .T. ) ;
#4239 = ORIENTED_EDGE ( 'NONE', *, *, #6730, .F. ) ;
#4240 = CARTESIAN_POINT ( 'NONE',  ( 13.83473019803201964, 42.50000000000000000, 5.000000000000000000 ) ) ;
#4241 = AXIS2_PLACEMENT_3D ( 'NONE', #5297, #6617, #670 ) ;
#4242 = DIRECTION ( 'NONE',  ( 1.000000000000000000, 0.000000000000000000, 0.000000000000000000 ) ) ;
#4243 = CIRCLE ( 'NONE', #3488, 6.500000000000000000 ) ;
#4244 = CARTESIAN_POINT ( 'NONE',  ( 14.80357795871362114, -70.97255863797140307, 0.5999999999999999778 ) ) ;
#4245 = DIRECTION ( 'NONE',  ( 1.000000000000000000, 0.000000000000000000, 0.000000000000000000 ) ) ;
#4246 = ORIENTED_EDGE ( 'NONE', *, *, #6032, .T. ) ;
#4247 = ORIENTED_EDGE ( 'NONE', *, *, #7275, .T. ) ;
#4248 = VECTOR ( 'NONE', #5299, 1000.000000000000114 ) ;
#4249 = CARTESIAN_POINT ( 'NONE',  ( -70.97255863797140307, 14.80357795871386095, -5.000000000000000000 ) ) ;
#4250 = CARTESIAN_POINT ( 'NONE',  ( -84.40000000000000568, 0.000000000000000000, 4.499999999999954703 ) ) ;
#4251 = APPROVAL_ROLE ( '' ) ;
#4252 = ORIENTED_EDGE ( 'NONE', *, *, #4772, .F. ) ;
#4253 = CARTESIAN_POINT ( 'NONE',  ( -8.309360104883438680, -70.69845196714169333, 5.000000000000000000 ) ) ;
#4254 = DIRECTION ( 'NONE',  ( 0.000000000000000000, 0.000000000000000000, 1.000000000000000000 ) ) ;
#4255 = VERTEX_POINT ( 'NONE', #3470 ) ;
#4256 = DIRECTION ( 'NONE',  ( 0.000000000000000000, 0.000000000000000000, 1.000000000000000000 ) ) ;
#4257 = LINE ( 'NONE', #648, #2029 ) ;
#4258 = CARTESIAN_POINT ( 'NONE',  ( -14.80357795871362114, -70.97255863797140307, -5.000000000000000000 ) ) ;
#4259 = LINE ( 'NONE', #6517, #1369 ) ;
#4260 = EDGE_CURVE ( 'NONE', #6720, #4421, #1731, .T. ) ;
#4261 = EDGE_CURVE ( 'NONE', #455, #6501, #6301, .T. ) ;
#4262 = EDGE_LOOP ( 'NONE', ( #7558, #201, #3837, #5370 ) ) ;
#4263 = CARTESIAN_POINT ( 'NONE',  ( 4.098333950160509609, -12.29852262806234009, 30.80087640576605068 ) ) ;
#4264 = DIRECTION ( 'NONE',  ( -1.000000000000000000, 0.000000000000000000, 0.000000000000000000 ) ) ;
#4265 = AXIS2_PLACEMENT_3D ( 'NONE', #6903, #7589, #2170 ) ;
#4266 = EDGE_CURVE ( 'NONE', #564, #6134, #6472, .T. ) ;
#4267 = LINE ( 'NONE', #6604, #6281 ) ;
#4268 = AXIS2_PLACEMENT_3D ( 'NONE', #7663, #4687, #6695 ) ;
#4269 = FACE_OUTER_BOUND ( 'NONE', #6403, .T. ) ;
#4270 = EDGE_LOOP ( 'NONE', ( #3183, #5136, #5519, #4812, #573, #6073, #6734, #4636, #3691, #2235 ) ) ;
#4271 = DIRECTION ( 'NONE',  ( 1.000000000000000000, 0.000000000000000000, 0.000000000000000000 ) ) ;
#4272 = ORIENTED_EDGE ( 'NONE', *, *, #6014, .F. ) ;
#4273 = ORIENTED_EDGE ( 'NONE', *, *, #7405, .F. ) ;
#4274 = AXIS2_PLACEMENT_3D ( 'NONE', #7084, #2229, #7043 ) ;
#4275 = CARTESIAN_POINT ( 'NONE',  ( 2.251666049839540218, 1.300000000000011813, -0.5999999999999999778 ) ) ;
#4276 = ADVANCED_FACE ( 'NONE', ( #443 ), #7705, .F. ) ;
#4277 = VERTEX_POINT ( 'NONE', #3554 ) ;
#4278 = ORIENTED_EDGE ( 'NONE', *, *, #3601, .F. ) ;
#4279 = CARTESIAN_POINT ( 'NONE',  ( 5.875545186896980354, 4.976742785872269259, 0.5999999999999999778 ) ) ;
#4280 = DIRECTION ( 'NONE',  ( 0.8660254037844381525, 0.5000000000000007772, 0.000000000000000000 ) ) ;
#4281 = ORIENTED_EDGE ( 'NONE', *, *, #2467, .T. ) ;
#4282 = AXIS2_PLACEMENT_3D ( 'NONE', #615, #4336, #4915 ) ;
#4283 = ORIENTED_EDGE ( 'NONE', *, *, #1010, .T. ) ;
#4284 = DIRECTION ( 'NONE',  ( 0.000000000000000000, 0.000000000000000000, -1.000000000000000000 ) ) ;
#4285 = DIRECTION ( 'NONE',  ( 0.5000000000000011102, 0.8660254037844379305, 0.000000000000000000 ) ) ;
#4286 = CALENDAR_DATE ( 2026, 9, 8 ) ;
#4287 = VECTOR ( 'NONE', #7096, 1000.000000000000000 ) ;
#4288 = EDGE_CURVE ( 'NONE', #4035, #2820, #6868, .T. ) ;
#4289 = ORIENTED_EDGE ( 'NONE', *, *, #3843, .T. ) ;
#4290 = CARTESIAN_POINT ( 'NONE',  ( -1.410538352786261984E-14, 2.100000000000000089, 0.5999999999999999778 ) ) ;
#4291 = CARTESIAN_POINT ( 'NONE',  ( 14.80357795871312021, 70.97255863797150255, -3.799999999999999822 ) ) ;
#4292 = ORIENTED_EDGE ( 'NONE', *, *, #2285, .T. ) ;
#4293 = DIRECTION ( 'NONE',  ( -1.000000000000000000, 0.000000000000000000, 0.000000000000000000 ) ) ;
#4294 = DIRECTION ( 'NONE',  ( -1.000000000000000000, 0.000000000000000000, 0.000000000000000000 ) ) ;
#4295 = CIRCLE ( 'NONE', #2653, 4.000000000000001776 ) ;
#4296 = DIRECTION ( 'NONE',  ( 1.000000000000000000, 0.000000000000000000, 0.000000000000000000 ) ) ;
#4297 = CONICAL_SURFACE ( 'NONE', #3791, 4.499999999999997335, 0.7853981633974447263 ) ;
#4298 = ORIENTED_EDGE ( 'NONE', *, *, #5785, .T. ) ;
#4299 = AXIS2_PLACEMENT_3D ( 'NONE', #1636, #4048, #6421 ) ;
#4300 = DIRECTION ( 'NONE',  ( 0.5000000000000007772, -0.8660254037844381525, 0.000000000000000000 ) ) ;
#4301 = LINE ( 'NONE', #3565, #1805 ) ;
#4302 = SECURITY_CLASSIFICATION ( '', '', #3086 ) ;
#4303 = CARTESIAN_POINT ( 'NONE',  ( 0.000000000000000000, 0.000000000000000000, 0.000000000000000000 ) ) ;
#4304 = AXIS2_PLACEMENT_3D ( 'NONE', #984, #5134, #6339 ) ;
#4305 = EDGE_CURVE ( 'NONE', #5126, #2703, #4639, .T. ) ;
#4306 = CC_DESIGN_APPROVAL ( #196, ( #5177 ) ) ;
#4307 = ADVANCED_FACE ( 'NONE', ( #7015 ), #3440, .F. ) ;
#4308 = DIRECTION ( 'NONE',  ( -1.000000000000000000, 0.000000000000000000, 0.000000000000000000 ) ) ;
#4309 = EDGE_LOOP ( 'NONE', ( #6774, #1103, #4337, #6687 ) ) ;
#4310 = EDGE_CURVE ( 'NONE', #6856, #6813, #4017, .T. ) ;
#4311 = VECTOR ( 'NONE', #894, 1000.000000000000000 ) ;
#4312 = CARTESIAN_POINT ( 'NONE',  ( 10.90000000000000036, 8.933825901280559061E-14, -0.5999999999999999778 ) ) ;
#4313 = ORIENTED_EDGE ( 'NONE', *, *, #5655, .F. ) ;
#4314 = ORIENTED_EDGE ( 'NONE', *, *, #4407, .F. ) ;
#4315 = VECTOR ( 'NONE', #5780, 1000.000000000000000 ) ;
#4316 = DIRECTION ( 'NONE',  ( 0.000000000000000000, 0.000000000000000000, 1.000000000000000000 ) ) ;
#4317 = ADVANCED_FACE ( 'NONE', ( #4725 ), #3432, .F. ) ;
#4318 = AXIS2_PLACEMENT_3D ( 'NONE', #4098, #5887, #6510 ) ;
#4319 = VECTOR ( 'NONE', #6354, 999.9999999999998863 ) ;
#4320 = ORIENTED_EDGE ( 'NONE', *, *, #4943, .F. ) ;
#4321 = CARTESIAN_POINT ( 'NONE',  ( 0.000000000000000000, 0.000000000000000000, -3.799999999999999822 ) ) ;
#4322 = DIRECTION ( 'NONE',  ( 0.000000000000000000, 0.000000000000000000, 1.000000000000000000 ) ) ;
#4323 = ORIENTED_EDGE ( 'NONE', *, *, #1949, .T. ) ;
#4324 = ORIENTED_EDGE ( 'NONE', *, *, #6871, .T. ) ;
#4325 = CYLINDRICAL_SURFACE ( 'NONE', #6515, 6.000000000000005329 ) ;
#4326 = CARTESIAN_POINT ( 'NONE',  ( -12.64327944127550118, -26.09880236658035102, 5.000000000000000000 ) ) ;
#4327 = PERSON_AND_ORGANIZATION_ROLE ( 'design_owner' ) ;
#4328 = VECTOR ( 'NONE', #3566, 1000.000000000000000 ) ;
#4329 = ORIENTED_EDGE ( 'NONE', *, *, #7691, .F. ) ;
#4330 = DIRECTION ( 'NONE',  ( 0.04217025705071854313, -0.9991104390507968835, 0.000000000000000000 ) ) ;
#4331 = CARTESIAN_POINT ( 'NONE',  ( -14.80357795871362114, 70.97255863797140307, -3.799999999999999822 ) ) ;
#4332 = ADVANCED_FACE ( 'NONE', ( #5308 ), #2917, .F. ) ;
#4333 = ORIENTED_EDGE ( 'NONE', *, *, #6642, .T. ) ;
#4334 = DIRECTION ( 'NONE',  ( 1.000000000000000000, 0.000000000000000000, 0.000000000000000000 ) ) ;
#4335 = DIRECTION ( 'NONE',  ( 0.000000000000000000, 0.000000000000000000, -1.000000000000000000 ) ) ;
#4336 = DIRECTION ( 'NONE',  ( 0.000000000000000000, 0.000000000000000000, 1.000000000000000000 ) ) ;
#4337 = ORIENTED_EDGE ( 'NONE', *, *, #7077, .F. ) ;
#4338 = EDGE_CURVE ( 'NONE', #6553, #1048, #4141, .T. ) ;
#4339 = DIRECTION ( 'NONE',  ( 0.000000000000000000, 0.000000000000000000, 1.000000000000000000 ) ) ;
#4340 = CARTESIAN_POINT ( 'NONE',  ( -84.40000000000000568, 0.000000000000000000, 3.799999999999999822 ) ) ;
#4341 = PERSON_AND_ORGANIZATION_ROLE ( 'classification_officer' ) ;
#4342 = CARTESIAN_POINT ( 'NONE',  ( 65.00000000000000000, 7.960204194457797252E-15, -3.299999999999999822 ) ) ;
#4343 = ORIENTED_EDGE ( 'NONE', *, *, #5199, .F. ) ;
#4344 = DIRECTION ( 'NONE',  ( 0.000000000000000000, 0.000000000000000000, -1.000000000000000000 ) ) ;
#4345 = ORIENTED_EDGE ( 'NONE', *, *, #2769, .T. ) ;
#4346 = ORIENTED_EDGE ( 'NONE', *, *, #5728, .F. ) ;
#4347 = VECTOR ( 'NONE', #4706, 1000.000000000000000 ) ;
#4348 = DIRECTION ( 'NONE',  ( -0.7064777666070871653, 0.02981887472494270178, -0.7071067811865477948 ) ) ;
#4349 = ADVANCED_FACE ( 'NONE', ( #2834 ), #405, .T. ) ;
#4350 = ORIENTED_EDGE ( 'NONE', *, *, #6587, .F. ) ;
#4351 = CIRCLE ( 'NONE', #463, 88.50000000000000000 ) ;
#4352 = EDGE_CURVE ( 'NONE', #2500, #5298, #7623, .T. ) ;
#4353 = DIRECTION ( 'NONE',  ( 1.000000000000000000, 0.000000000000000000, 0.000000000000000000 ) ) ;
#4354 = LINE ( 'NONE', #200, #5814 ) ;
#4355 = VERTEX_POINT ( 'NONE', #4059 ) ;
#4356 = ORIENTED_EDGE ( 'NONE', *, *, #1616, .T. ) ;
#4357 = CARTESIAN_POINT ( 'NONE',  ( -10.24588957259812005, 36.67431014136215595, -4.500000000000000000 ) ) ;
#4358 = AXIS2_PLACEMENT_3D ( 'NONE', #4642, #6475, #6983 ) ;
#4359 = DIRECTION ( 'NONE',  ( 0.000000000000000000, 0.000000000000000000, 1.000000000000000000 ) ) ;
#4360 = DATE_AND_TIME ( #4945, #6288 ) ;
#4361 = VERTEX_POINT ( 'NONE', #7060 ) ;
#4362 = DIRECTION ( 'NONE',  ( 0.000000000000000000, 0.000000000000000000, -1.000000000000000000 ) ) ;
#4363 = AXIS2_PLACEMENT_3D ( 'NONE', #6943, #1427, #5657 ) ;
#4364 = PLANE ( 'NONE',  #4129 ) ;
#4365 = ORIENTED_EDGE ( 'NONE', *, *, #3844, .F. ) ;
#4366 = CARTESIAN_POINT ( 'NONE',  ( -7.247758274114829646, 2.600000000000000089, 30.56012519531154936 ) ) ;
#4367 = DIRECTION ( 'NONE',  ( 1.000000000000000000, 0.000000000000000000, 0.000000000000000000 ) ) ;
#4368 = APPROVAL ( #2963, '未指定' ) ;
#4369 = CARTESIAN_POINT ( 'NONE',  ( -86.00000000000000000, 1.959434878635775091E-16, -3.799999999999999822 ) ) ;
#4370 = EDGE_CURVE ( 'NONE', #5940, #268, #67, .T. ) ;
#4371 = VERTEX_POINT ( 'NONE', #7187 ) ;
#4372 = DIRECTION ( 'NONE',  ( -1.000000000000000000, 0.000000000000000000, 0.000000000000000000 ) ) ;
#4373 = DIRECTION ( 'NONE',  ( 1.000000000000000000, 0.000000000000000000, 0.000000000000000000 ) ) ;
#4374 = CARTESIAN_POINT ( 'NONE',  ( 10.36068798139389990, -33.95447164295450193, -4.500000000000000000 ) ) ;
#4375 = DIRECTION ( 'NONE',  ( 1.000000000000000000, 0.000000000000000000, 0.000000000000000000 ) ) ;
#4376 = CIRCLE ( 'NONE', #3641, 1.600000000000004086 ) ;
#4377 = EDGE_CURVE ( 'NONE', #7654, #2164, #6554, .T. ) ;
#4378 = DIRECTION ( 'NONE',  ( -0.9991104390507969946, 0.04217025705071845987, 0.000000000000000000 ) ) ;
#4379 = ORIENTED_EDGE ( 'NONE', *, *, #2095, .T. ) ;
#4380 = DIRECTION ( 'NONE',  ( 1.000000000000000000, 0.000000000000000000, 0.000000000000000000 ) ) ;
#4381 = ORIENTED_EDGE ( 'NONE', *, *, #903, .T. ) ;
#4382 = VERTEX_POINT ( 'NONE', #7260 ) ;
#4383 = VECTOR ( 'NONE', #2124, 1000.000000000000114 ) ;
#4384 = DIRECTION ( 'NONE',  ( 0.04217025705071845293, 0.9991104390507968835, 0.000000000000000000 ) ) ;
#4385 = ORIENTED_EDGE ( 'NONE', *, *, #6357, .F. ) ;
#4386 = DIRECTION ( 'NONE',  ( 0.04217025705071829333, -0.9991104390507968835, 0.000000000000000000 ) ) ;
#4387 = CARTESIAN_POINT ( 'NONE',  ( -12.69999999999999929, 4.934941344458819560E-15, 0.5999999999999999778 ) ) ;
#4388 = LINE ( 'NONE', #6763, #1063 ) ;
#4389 = VERTEX_POINT ( 'NONE', #6666 ) ;
#4390 = ORIENTED_EDGE ( 'NONE', *, *, #1849, .F. ) ;
#4391 = EDGE_CURVE ( 'NONE', #1709, #4210, #2683, .T. ) ;
#4392 = DIRECTION ( 'NONE',  ( -1.000000000000000000, 0.000000000000000000, 0.000000000000000000 ) ) ;
#4393 = FACE_OUTER_BOUND ( 'NONE', #909, .T. ) ;
#4394 = VERTEX_POINT ( 'NONE', #7143 ) ;
#4395 = CIRCLE ( 'NONE', #6643, 6.499999999999999112 ) ;
#4396 = CARTESIAN_POINT ( 'NONE',  ( -33.11205535492550212, -12.80006992841648028, -3.799999999999999822 ) ) ;
#4397 = DIRECTION ( 'NONE',  ( 0.000000000000000000, 0.000000000000000000, 1.000000000000000000 ) ) ;
#4398 = EDGE_CURVE ( 'NONE', #7069, #3956, #5388, .T. ) ;
#4399 = DESIGN_CONTEXT ( 'detailed design', #5005, 'design' ) ;
#4400 = EDGE_LOOP ( 'NONE', ( #543, #618, #2898, #2743 ) ) ;
#4401 = DIRECTION ( 'NONE',  ( 0.000000000000000000, 0.000000000000000000, -1.000000000000000000 ) ) ;
#4402 = LINE ( 'NONE', #3272, #787 ) ;
#4403 = EDGE_CURVE ( 'NONE', #5547, #3891, #6701, .T. ) ;
#4404 = ADVANCED_FACE ( 'NONE', ( #5499 ), #1343, .T. ) ;
#4405 = CARTESIAN_POINT ( 'NONE',  ( -12.39260979084503944, -25.66462979611925022, -0.5999999999999999778 ) ) ;
#4406 = VECTOR ( 'NONE', #7002, 1000.000000000000114 ) ;
#4407 = EDGE_CURVE ( 'NONE', #3251, #5068, #3317, .T. ) ;
#4408 = VERTEX_POINT ( 'NONE', #2517 ) ;
#4409 = FACE_OUTER_BOUND ( 'NONE', #6092, .T. ) ;
#4410 = VECTOR ( 'NONE', #6651, 1000.000000000000114 ) ;
#4411 = DIRECTION ( 'NONE',  ( -1.000000000000000000, 0.000000000000000000, 0.000000000000000000 ) ) ;
#4412 = FACE_BOUND ( 'NONE', #342, .T. ) ;
#4413 = CALENDAR_DATE ( 2026, 9, 8 ) ;
#4414 = EDGE_CURVE ( 'NONE', #3723, #2821, #304, .T. ) ;
#4415 = CYLINDRICAL_SURFACE ( 'NONE', #5140, 29.50000000000000000 ) ;
#4416 = AXIS2_PLACEMENT_3D ( 'NONE', #3575, #5766, #6530 ) ;
#4417 =( GEOMETRIC_REPRESENTATION_CONTEXT ( 3 ) GLOBAL_UNCERTAINTY_ASSIGNED_CONTEXT ( ( #3862 ) ) GLOBAL_UNIT_ASSIGNED_CONTEXT ( ( #4886, #6058, #3127 ) ) REPRESENTATION_CONTEXT ( 'NONE', 'WORKASPACE' ) );
#4418 = AXIS2_PLACEMENT_3D ( 'NONE', #1443, #6257, #6724 ) ;
#4419 = AXIS2_PLACEMENT_3D ( 'NONE', #3004, #684, #30 ) ;
#4420 = CARTESIAN_POINT ( 'NONE',  ( 28.58964329923275116, -2.099999999999799805, -4.666662734709449367 ) ) ;
#4421 = VERTEX_POINT ( 'NONE', #25 ) ;
#4422 = CARTESIAN_POINT ( 'NONE',  ( -7.247758274114829646, -2.600000000000000089, 0.5999999999999999778 ) ) ;
#4423 = EDGE_CURVE ( 'NONE', #7622, #4865, #171, .T. ) ;
#4424 = ORIENTED_EDGE ( 'NONE', *, *, #224, .F. ) ;
#4425 = CC_DESIGN_APPROVAL ( #5939, ( #4195 ) ) ;
#4426 = EDGE_LOOP ( 'NONE', ( #3769, #5240 ) ) ;
#4427 = EDGE_CURVE ( 'NONE', #1505, #3494, #3429, .T. ) ;
#4428 = CARTESIAN_POINT ( 'NONE',  ( 11.27330309624256088, -0.4758213614811779846, 5.000000000000000000 ) ) ;
#4429 = VERTEX_POINT ( 'NONE', #7301 ) ;
#4430 = LOCAL_TIME ( 15, 19, 25.00000000000000000, #6748 ) ;
#4431 = DIRECTION ( 'NONE',  ( 0.000000000000000000, 0.000000000000000000, -1.000000000000000000 ) ) ;
#4432 = ORIENTED_EDGE ( 'NONE', *, *, #2191, .T. ) ;
#4433 = DIRECTION ( 'NONE',  ( 1.000000000000000000, 1.776356839400250070E-15, 0.000000000000000000 ) ) ;
#4434 = CYLINDRICAL_SURFACE ( 'NONE', #4202, 4.000000000000000000 ) ;
#4435 = VERTEX_POINT ( 'NONE', #1890 ) ;
#4436 = EDGE_LOOP ( 'NONE', ( #4779, #6230, #2540, #4539 ) ) ;
#4437 = AXIS2_PLACEMENT_3D ( 'NONE', #3750, #182, #1973 ) ;
#4438 = DIRECTION ( 'NONE',  ( -1.000000000000000000, 0.000000000000000000, 0.000000000000000000 ) ) ;
#4439 = LINE ( 'NONE', #5643, #5149 ) ;
#4440 = AXIS2_PLACEMENT_3D ( 'NONE', #6431, #488, #1691 ) ;
#4441 = VECTOR ( 'NONE', #1936, 1000.000000000000000 ) ;
#4442 = ORIENTED_EDGE ( 'NONE', *, *, #2725, .F. ) ;
#4443 = DIRECTION ( 'NONE',  ( 0.9991104390507971056, 0.04217025705071510838, 0.000000000000000000 ) ) ;
#4444 = PLANE ( 'NONE',  #4750 ) ;
#4445 = ORIENTED_EDGE ( 'NONE', *, *, #186, .F. ) ;
#4446 = DIRECTION ( 'NONE',  ( 0.000000000000000000, 0.000000000000000000, -1.000000000000000000 ) ) ;
#4447 = DIRECTION ( 'NONE',  ( 0.000000000000000000, 0.000000000000000000, -1.000000000000000000 ) ) ;
#4448 = DIRECTION ( 'NONE',  ( -0.5000000000000007772, 0.8660254037844381525, 0.000000000000000000 ) ) ;
#4449 = EDGE_CURVE ( 'NONE', #1662, #5516, #53, .T. ) ;
#4450 = EDGE_CURVE ( 'NONE', #4361, #229, #668, .T. ) ;
#4451 = ORIENTED_EDGE ( 'NONE', *, *, #2603, .T. ) ;
#4452 = DIRECTION ( 'NONE',  ( -0.5000000000000007772, 0.8660254037844381525, 0.000000000000000000 ) ) ;
#4453 = CARTESIAN_POINT ( 'NONE',  ( -12.64327944127586001, 26.09880236658020181, 5.000000000000000000 ) ) ;
#4454 = DIRECTION ( 'NONE',  ( 1.000000000000000000, 0.000000000000000000, 0.000000000000000000 ) ) ;
#4455 = ADVANCED_FACE ( 'NONE', ( #609 ), #644, .T. ) ;
#4456 = CARTESIAN_POINT ( 'NONE',  ( -16.28058613717050207, 23.99880236658015065, 5.000000000000000000 ) ) ;
#4457 = CARTESIAN_POINT ( 'NONE',  ( -4.681346652052649659, -12.30833024919770047, 0.5999999999999999778 ) ) ;
#4458 = EDGE_LOOP ( 'NONE', ( #2675, #3374, #6121, #3158 ) ) ;
#4459 = LINE ( 'NONE', #5628, #300 ) ;
#4460 = ORIENTED_EDGE ( 'NONE', *, *, #6496, .F. ) ;
#4461 = VERTEX_POINT ( 'NONE', #3076 ) ;
#4462 = DIRECTION ( 'NONE',  ( -1.000000000000000000, 0.000000000000000000, 0.000000000000000000 ) ) ;
#4463 = VECTOR ( 'NONE', #2222, 999.9999999999998863 ) ;
#4464 = CARTESIAN_POINT ( 'NONE',  ( 11.77285831576796049, 0.4969064900065369716, 3.799999999999999822 ) ) ;
#4465 = VERTEX_POINT ( 'NONE', #1307 ) ;
#4466 = LINE ( 'NONE', #6101, #1912 ) ;
#4467 = DIRECTION ( 'NONE',  ( -1.000000000000000000, 0.000000000000000000, 0.000000000000000000 ) ) ;
#4468 = EDGE_LOOP ( 'NONE', ( #6668, #4973, #4109, #6430 ) ) ;
#4469 = ORIENTED_EDGE ( 'NONE', *, *, #6227, .T. ) ;
#4470 = DIRECTION ( 'NONE',  ( 0.000000000000000000, 0.000000000000000000, -1.000000000000000000 ) ) ;
#4471 = DIRECTION ( 'NONE',  ( 0.000000000000000000, 0.000000000000000000, 1.000000000000000000 ) ) ;
#4472 = CIRCLE ( 'NONE', #7739, 88.50000000000000000 ) ;
#4473 = ORIENTED_EDGE ( 'NONE', *, *, #2824, .T. ) ;
#4474 = PLANE ( 'NONE',  #7683 ) ;
#4475 = CARTESIAN_POINT ( 'NONE',  ( -61.33171160011479373, 48.99664429530200493, 0.5999999999999999778 ) ) ;
#4476 = VERTEX_POINT ( 'NONE', #65 ) ;
#4477 = CARTESIAN_POINT ( 'NONE',  ( 28.96379781475134862, -1.448591090061330133, 20.52733730540035140 ) ) ;
#4478 = CARTESIAN_POINT ( 'NONE',  ( 16.02870165184800300, 76.84614969766569459, -3.799999999999999822 ) ) ;
#4479 = DIRECTION ( 'NONE',  ( -1.000000000000000000, 0.000000000000000000, 0.000000000000000000 ) ) ;
#4480 = VECTOR ( 'NONE', #1527, 1000.000000000000000 ) ;
#4481 = ORIENTED_EDGE ( 'NONE', *, *, #498, .F. ) ;
#4482 = DIRECTION ( 'NONE',  ( 1.000000000000000000, 0.000000000000000000, 0.000000000000000000 ) ) ;
#4483 = LINE ( 'NONE', #5071, #2598 ) ;
#4484 = FACE_BOUND ( 'NONE', #1327, .T. ) ;
#4485 = ADVANCED_FACE ( 'NONE', ( #4835 ), #7223, .F. ) ;
#4486 = VECTOR ( 'NONE', #2048, 1000.000000000000000 ) ;
#4487 = FACE_OUTER_BOUND ( 'NONE', #1946, .T. ) ;
#4488 = AXIS2_PLACEMENT_3D ( 'NONE', #3633, #5348, #2485 ) ;
#4489 = EDGE_CURVE ( 'NONE', #4610, #7380, #1775, .T. ) ;
#4490 = FACE_OUTER_BOUND ( 'NONE', #5613, .T. ) ;
#4491 = VERTEX_POINT ( 'NONE', #5965 ) ;
#4492 = DIRECTION ( 'NONE',  ( 0.000000000000000000, 0.7071067811865474617, 0.7071067811865474617 ) ) ;
#4493 = ORIENTED_EDGE ( 'NONE', *, *, #7714, .T. ) ;
#4494 = ORIENTED_EDGE ( 'NONE', *, *, #5903, .F. ) ;
#4495 = EDGE_CURVE ( 'NONE', #7568, #1486, #2999, .T. ) ;
#4496 = CARTESIAN_POINT ( 'NONE',  ( 61.72235944470150315, 49.30872483221479996, 5.000000000000000000 ) ) ;
#4497 = PRODUCT_DEFINITION_SHAPE ( 'NONE', 'NONE',  #7233 ) ;
#4498 = AXIS2_PLACEMENT_3D ( 'NONE', #4527, #2209, #4604 ) ;
#4499 = ADVANCED_FACE ( 'NONE', ( #5459, #1487 ), #4474, .F. ) ;
#4500 = CARTESIAN_POINT ( 'NONE',  ( 0.000000000000000000, 0.000000000000000000, 3.799999999999999822 ) ) ;
#4501 = ORIENTED_EDGE ( 'NONE', *, *, #3189, .F. ) ;
#4502 = DIRECTION ( 'NONE',  ( 0.9991104390507969946, -0.04217025705071845987, 0.000000000000000000 ) ) ;
#4503 = DIRECTION ( 'NONE',  ( 0.02981887472494768737, 0.7064777666070908291, -0.7071067811865437980 ) ) ;
#4504 = VERTEX_POINT ( 'NONE', #947 ) ;
#4505 = ORIENTED_EDGE ( 'NONE', *, *, #5139, .T. ) ;
#4506 = CARTESIAN_POINT ( 'NONE',  ( 28.92386557844579897, -2.099999999999804690, -3.799999999999999822 ) ) ;
#4507 = EDGE_CURVE ( 'NONE', #4255, #7099, #2033, .T. ) ;
#4508 = LINE ( 'NONE', #432, #5028 ) ;
#4509 = CIRCLE ( 'NONE', #2121, 3.999999999999996447 ) ;
#4510 = ORIENTED_EDGE ( 'NONE', *, *, #6950, .T. ) ;
#4511 = DIRECTION ( 'NONE',  ( -0.02981887472494015867, 0.7064777666070800599, 0.7071067811865550112 ) ) ;
#4512 = CARTESIAN_POINT ( 'NONE',  ( 0.000000000000000000, 0.000000000000000000, -3.299999999999999822 ) ) ;
#4513 = EDGE_LOOP ( 'NONE', ( #5249, #4346, #6150, #3413 ) ) ;
#4514 = CARTESIAN_POINT ( 'NONE',  ( -6.347440429023360586, -1.399999999999909983, 5.000000000000000000 ) ) ;
#4515 = DIRECTION ( 'NONE',  ( 0.000000000000000000, 0.000000000000000000, -1.000000000000000000 ) ) ;
#4516 = CONICAL_SURFACE ( 'NONE', #6882, 6.500000000000005329, 0.7853981633974518317 ) ;
#4517 = CARTESIAN_POINT ( 'NONE',  ( -16.28058613717015035, -23.99880236658034960, -3.799999999999999822 ) ) ;
#4518 = EDGE_CURVE ( 'NONE', #5516, #1662, #2296, .T. ) ;
#4519 = CIRCLE ( 'NONE', #6265, 78.50000000000000000 ) ;
#4520 = ORIENTED_EDGE ( 'NONE', *, *, #278, .T. ) ;
#4521 = DIRECTION ( 'NONE',  ( 0.000000000000000000, 0.000000000000000000, -1.000000000000000000 ) ) ;
#4522 = CARTESIAN_POINT ( 'NONE',  ( -36.84299116956499631, -14.24233132880143948, -3.799999999999999822 ) ) ;
#4523 = DIRECTION ( 'NONE',  ( 0.000000000000000000, 0.000000000000000000, -1.000000000000000000 ) ) ;
#4524 = CARTESIAN_POINT ( 'NONE',  ( 8.601666049839590045, 9.698522628062329787, 0.5999999999999999778 ) ) ;
#4525 = VECTOR ( 'NONE', #914, 1000.000000000000000 ) ;
#4526 = PRODUCT_DEFINITION_SHAPE ( 'NONE', 'NONE',  #7753 ) ;
#4527 = CARTESIAN_POINT ( 'NONE',  ( 0.000000000000000000, 0.000000000000000000, -0.5999999999999999778 ) ) ;
#4528 = VECTOR ( 'NONE', #4285, 1000.000000000000114 ) ;
#4529 = DIRECTION ( 'NONE',  ( 1.000000000000000000, 0.000000000000000000, 0.000000000000000000 ) ) ;
#4530 = DIRECTION ( 'NONE',  ( 0.000000000000000000, 0.000000000000000000, 1.000000000000000000 ) ) ;
#4531 = VERTEX_POINT ( 'NONE', #6890 ) ;
#4532 = ORIENTED_EDGE ( 'NONE', *, *, #3838, .T. ) ;
#4533 = VECTOR ( 'NONE', #7689, 1000.000000000000114 ) ;
#4534 = LINE ( 'NONE', #6913, #7032 ) ;
#4535 = EDGE_CURVE ( 'NONE', #4355, #474, #5721, .T. ) ;
#4536 = AXIS2_PLACEMENT_3D ( 'NONE', #1236, #7105, #6559 ) ;
#4537 = EDGE_CURVE ( 'NONE', #2863, #5943, #6218, .T. ) ;
#4538 = CARTESIAN_POINT ( 'NONE',  ( -8.318653347947300603, -10.20833024919772214, 5.000000000000000000 ) ) ;
#4539 = ORIENTED_EDGE ( 'NONE', *, *, #3693, .F. ) ;
#4540 = LINE ( 'NONE', #5867, #3354 ) ;
#4541 = FACE_OUTER_BOUND ( 'NONE', #7681, .T. ) ;
#4542 = CONICAL_SURFACE ( 'NONE', #46, 1.600000000000004086, 0.7853981633974433940 ) ;
#4543 = ORIENTED_EDGE ( 'NONE', *, *, #6684, .T. ) ;
#4544 = ORIENTED_EDGE ( 'NONE', *, *, #2393, .F. ) ;
#4545 = VERTEX_POINT ( 'NONE', #1999 ) ;
#4546 = CARTESIAN_POINT ( 'NONE',  ( 0.000000000000000000, 0.000000000000000000, 5.000000000000000000 ) ) ;
#4547 = CARTESIAN_POINT ( 'NONE',  ( 10.24588957259785893, 36.67431014136219858, -3.799999999999999822 ) ) ;
#4548 = APPROVAL ( #4762, '未指定' ) ;
#4549 = ORGANIZATION ( 'NAUO-ORG1', 'UNSPECIFIED', 'UNSPECIFIED' ) ;
#4550 = VERTEX_POINT ( 'NONE', #6231 ) ;
#4551 = DIRECTION ( 'NONE',  ( 1.000000000000000000, 0.000000000000000000, 0.000000000000000000 ) ) ;
#4552 = CARTESIAN_POINT ( 'NONE',  ( -12.39260979084540004, 25.66462979611909745, -0.5999999999999999778 ) ) ;
#4553 = ORIENTED_EDGE ( 'NONE', *, *, #7013, .F. ) ;
#4554 = CC_DESIGN_SECURITY_CLASSIFICATION ( #5177, ( #7755 ) ) ;
#4555 = DIRECTION ( 'NONE',  ( 0.000000000000000000, 0.000000000000000000, -1.000000000000000000 ) ) ;
#4556 = CARTESIAN_POINT ( 'NONE',  ( -2.020605904817789952E-15, -2.600000000000000089, 0.5999999999999999778 ) ) ;
#4557 = AXIS2_PLACEMENT_3D ( 'NONE', #416, #453, #6483 ) ;
#4558 = DIRECTION ( 'NONE',  ( 1.000000000000000000, 0.000000000000000000, 0.000000000000000000 ) ) ;
#4559 = CALENDAR_DATE ( 2026, 9, 8 ) ;
#4560 = CIRCLE ( 'NONE', #1053, 7.700000000000000178 ) ;
#4561 = ADVANCED_FACE ( 'NONE', ( #3935 ), #3268, .F. ) ;
#4562 = ORIENTED_EDGE ( 'NONE', *, *, #7712, .F. ) ;
#4563 = DIRECTION ( 'NONE',  ( 0.000000000000000000, 0.000000000000000000, 1.000000000000000000 ) ) ;
#4564 = DIRECTION ( 'NONE',  ( 1.000000000000000000, 1.734723475976807094E-15, 0.000000000000000000 ) ) ;
#4565 = FACE_OUTER_BOUND ( 'NONE', #3929, .T. ) ;
#4566 = DIRECTION ( 'NONE',  ( 0.000000000000000000, 0.000000000000000000, 1.000000000000000000 ) ) ;
#4567 = SECURITY_CLASSIFICATION_LEVEL ( 'unclassified' ) ;
#4568 = CARTESIAN_POINT ( 'NONE',  ( 0.000000000000000000, 0.000000000000000000, 5.000000000000000000 ) ) ;
#4569 = ADVANCED_FACE ( 'NONE', ( #6772 ), #358, .T. ) ;
#4570 = CARTESIAN_POINT ( 'NONE',  ( 58.20652884342099753, -46.50000000000000000, 0.5999999999999999778 ) ) ;
#4571 = CARTESIAN_POINT ( 'NONE',  ( -14.24233132880129915, -36.84299116956499631, -3.799999999999999822 ) ) ;
#4572 = VERTEX_POINT ( 'NONE', #5096 ) ;
#4573 = ORIENTED_EDGE ( 'NONE', *, *, #4898, .T. ) ;
#4574 = CARTESIAN_POINT ( 'NONE',  ( 28.42252627758479733, 2.100000000000195044, 0.5999999999999999778 ) ) ;
#4575 = CARTESIAN_POINT ( 'NONE',  ( 0.000000000000000000, 0.000000000000000000, -0.5999999999999999778 ) ) ;
#4576 = VERTEX_POINT ( 'NONE', #4396 ) ;
#4577 = DIRECTION ( 'NONE',  ( 0.000000000000000000, 0.000000000000000000, 1.000000000000000000 ) ) ;
#4578 = DIRECTION ( 'NONE',  ( 0.000000000000000000, 0.000000000000000000, 1.000000000000000000 ) ) ;
#4579 = ORIENTED_EDGE ( 'NONE', *, *, #7071, .F. ) ;
#4580 = ORIENTED_EDGE ( 'NONE', *, *, #337, .F. ) ;
#4581 = ORIENTED_EDGE ( 'NONE', *, *, #3593, .T. ) ;
#4582 = CARTESIAN_POINT ( 'NONE',  ( -16.02991648673969749, -23.56462979611924879, 5.000000000000000000 ) ) ;
#4583 = ADVANCED_FACE ( 'NONE', ( #1416 ), #5609, .F. ) ;
#4584 = LINE ( 'NONE', #1066, #4165 ) ;
#4585 = EDGE_CURVE ( 'NONE', #797, #5943, #1376, .T. ) ;
#4586 = CIRCLE ( 'NONE', #5468, 3.999999999999996447 ) ;
#4587 = CARTESIAN_POINT ( 'NONE',  ( 12.74414409577106078, 0.5278586372665100557, 3.799999999999999822 ) ) ;
#4588 = LINE ( 'NONE', #1070, #2424 ) ;
#4589 = DIRECTION ( 'NONE',  ( 1.000000000000000000, 0.000000000000000000, 0.000000000000000000 ) ) ;
#4590 = ORIENTED_EDGE ( 'NONE', *, *, #4489, .F. ) ;
#4591 = PLANE ( 'NONE',  #1592 ) ;
#4592 = CARTESIAN_POINT ( 'NONE',  ( -36.84299116956495368, 14.24233132880143948, -4.500000000000000000 ) ) ;
#4593 = EDGE_CURVE ( 'NONE', #6760, #2437, #4809, .T. ) ;
#4594 = VECTOR ( 'NONE', #5703, 1000.000000000000114 ) ;
#4595 = FACE_OUTER_BOUND ( 'NONE', #386, .T. ) ;
#4596 = PERSON_AND_ORGANIZATION ( #2664, #7165 ) ;
#4597 = EDGE_LOOP ( 'NONE', ( #1991, #202, #7471, #2427 ) ) ;
#4598 = CARTESIAN_POINT ( 'NONE',  ( -8.500000000000000000, -78.03845206050668537, 0.5999999999999999778 ) ) ;
#4599 = APPROVAL ( #493, '未指定' ) ;
#4600 = CARTESIAN_POINT ( 'NONE',  ( 33.95447164295439535, 10.36068798139426050, -0.5999999999999999778 ) ) ;
#4601 = LINE ( 'NONE', #2334, #1846 ) ;
#4602 = CARTESIAN_POINT ( 'NONE',  ( 11.77285831576796049, -0.4969064900065390256, -3.799999999999999822 ) ) ;
#4603 = DATE_TIME_ROLE ( 'classification_date' ) ;
#4604 = DIRECTION ( 'NONE',  ( -1.000000000000000000, 0.000000000000000000, 0.000000000000000000 ) ) ;
#4605 = EDGE_CURVE ( 'NONE', #6338, #7254, #5797, .T. ) ;
#4606 = AXIS2_PLACEMENT_3D ( 'NONE', #3278, #5147, #5773 ) ;
#4607 = FACE_OUTER_BOUND ( 'NONE', #3472, .T. ) ;
#4608 = CIRCLE ( 'NONE', #4860, 28.50000000000000000 ) ;
#4609 = CARTESIAN_POINT ( 'NONE',  ( -12.39260979084503944, -25.66462979611925022, 0.5999999999999999778 ) ) ;
#4610 = VERTEX_POINT ( 'NONE', #2671 ) ;
#4611 = VERTEX_POINT ( 'NONE', #3776 ) ;
#4612 = CARTESIAN_POINT ( 'NONE',  ( -14.24233132880129915, 36.84299116956504605, -5.000000000000000000 ) ) ;
#4613 = EDGE_CURVE ( 'NONE', #4870, #5650, #6151, .T. ) ;
#4614 = ADVANCED_FACE ( 'NONE', ( #2036 ), #207, .T. ) ;
#4615 = VECTOR ( 'NONE', #2075, 1000.000000000000000 ) ;
#4616 = CARTESIAN_POINT ( 'NONE',  ( -10.00000000000000000, 42.50000000000000000, 0.5999999999999999778 ) ) ;
#4617 = ORIENTED_EDGE ( 'NONE', *, *, #1811, .T. ) ;
#4618 = DIRECTION ( 'NONE',  ( 0.000000000000000000, 0.000000000000000000, 1.000000000000000000 ) ) ;
#4619 = CARTESIAN_POINT ( 'NONE',  ( -84.40000000000000568, 0.000000000000000000, 5.000000000000000000 ) ) ;
#4620 = ORIENTED_EDGE ( 'NONE', *, *, #6524, .F. ) ;
#4621 = ORIENTED_EDGE ( 'NONE', *, *, #6859, .F. ) ;
#4622 = CYLINDRICAL_SURFACE ( 'NONE', #1755, 2.100000000000000089 ) ;
#4623 = CARTESIAN_POINT ( 'NONE',  ( 14.80357795871312021, 70.97255863797150255, -4.499999999999944933 ) ) ;
#4624 = CARTESIAN_POINT ( 'NONE',  ( 12.74414409577106078, 0.5278586372665100557, -3.799999999999999822 ) ) ;
#4625 = DIRECTION ( 'NONE',  ( 1.000000000000000000, 0.000000000000000000, 0.000000000000000000 ) ) ;
#4626 = CIRCLE ( 'NONE', #4139, 2.099999999999999645 ) ;
#4627 = DIRECTION ( 'NONE',  ( 0.000000000000000000, 0.000000000000000000, 1.000000000000000000 ) ) ;
#4628 = ADVANCED_FACE ( 'NONE', ( #3228 ), #6853, .F. ) ;
#4629 = ORIENTED_EDGE ( 'NONE', *, *, #6189, .T. ) ;
#4630 = CARTESIAN_POINT ( 'NONE',  ( -76.97255863797140307, -14.80357795871386095, -4.500000000000000000 ) ) ;
#4631 = CYLINDRICAL_SURFACE ( 'NONE', #7595, 29.00000000000000000 ) ;
#4632 = DIRECTION ( 'NONE',  ( 0.000000000000000000, 0.000000000000000000, -1.000000000000000000 ) ) ;
#4633 = PERSON_AND_ORGANIZATION_ROLE ( 'creator' ) ;
#4634 = AXIS2_PLACEMENT_3D ( 'NONE', #2205, #1569, #4564 ) ;
#4635 = ADVANCED_FACE ( 'NONE', ( #1451, #3860 ), #4131, .T. ) ;
#4636 = ORIENTED_EDGE ( 'NONE', *, *, #400, .T. ) ;
#4637 = EDGE_CURVE ( 'NONE', #1394, #2216, #2232, .T. ) ;
#4638 = EDGE_CURVE ( 'NONE', #4572, #5501, #4588, .T. ) ;
#4639 = LINE ( 'NONE', #3980, #6798 ) ;
#4640 = CARTESIAN_POINT ( 'NONE',  ( 0.000000000000000000, 0.000000000000000000, -0.5999999999999999778 ) ) ;
#4641 = ORIENTED_EDGE ( 'NONE', *, *, #5664, .F. ) ;
#4642 = CARTESIAN_POINT ( 'NONE',  ( 70.97255863797140307, -14.80357795871386095, -5.000000000000000000 ) ) ;
#4643 = CARTESIAN_POINT ( 'NONE',  ( 12.74414409577106078, 0.5278586372665100557, 3.799999999999999822 ) ) ;
#4644 = CIRCLE ( 'NONE', #5520, 2.100000000000046274 ) ;
#4645 = COORDINATED_UNIVERSAL_TIME_OFFSET ( 8, 0, .AHEAD. ) ;
#4646 = DIRECTION ( 'NONE',  ( -1.000000000000000000, 0.000000000000000000, 0.000000000000000000 ) ) ;
#4647 = EDGE_CURVE ( 'NONE', #81, #4461, #5421, .T. ) ;
#4648 = ORIENTED_EDGE ( 'NONE', *, *, #2110, .T. ) ;
#4649 = EDGE_CURVE ( 'NONE', #6922, #1072, #395, .T. ) ;
#4650 = CONICAL_SURFACE ( 'NONE', #4026, 2.100000000000004530, 0.7853981633974426169 ) ;
#4651 = DIRECTION ( 'NONE',  ( 0.000000000000000000, 0.000000000000000000, 1.000000000000000000 ) ) ;
#4652 = LINE ( 'NONE', #7634, #578 ) ;
#4653 = ORIENTED_EDGE ( 'NONE', *, *, #2110, .F. ) ;
#4654 = VERTEX_POINT ( 'NONE', #434 ) ;
#4655 = DIRECTION ( 'NONE',  ( 1.000000000000000000, 0.000000000000000000, 0.000000000000000000 ) ) ;
#4656 = AXIS2_PLACEMENT_3D ( 'NONE', #4904, #7296, #4180 ) ;
#4657 = CARTESIAN_POINT ( 'NONE',  ( -12.39260979084540004, 25.66462979611909745, -0.5999999999999999778 ) ) ;
#4658 = ORIENTED_EDGE ( 'NONE', *, *, #5872, .T. ) ;
#4659 = CARTESIAN_POINT ( 'NONE',  ( -9.746334353072761303, -36.65322501283679912, -5.000000000000000000 ) ) ;
#4660 = CARTESIAN_POINT ( 'NONE',  ( -14.80357795871362114, 70.97255863797140307, 5.000000000000000000 ) ) ;
#4661 = EDGE_LOOP ( 'NONE', ( #1768, #3221, #520, #5333, #3611, #588, #552 ) ) ;
#4662 = ORIENTED_EDGE ( 'NONE', *, *, #2373, .F. ) ;
#4663 = AXIS2_PLACEMENT_3D ( 'NONE', #665, #1254, #7728 ) ;
#4664 = ORIENTED_EDGE ( 'NONE', *, *, #1095, .T. ) ;
#4665 = EDGE_CURVE ( 'NONE', #6922, #3967, #3501, .T. ) ;
#4666 = CARTESIAN_POINT ( 'NONE',  ( -13.83473019803201964, 46.50000000000000000, 0.5999999999999999778 ) ) ;
#4667 = DIRECTION ( 'NONE',  ( 0.000000000000000000, 0.000000000000000000, 1.000000000000000000 ) ) ;
#4668 = AXIS2_PLACEMENT_3D ( 'NONE', #1909, #6718, #4819 ) ;
#4669 = AXIS2_PLACEMENT_3D ( 'NONE', #7516, #6363, #5242 ) ;
#4670 = ADVANCED_FACE ( 'NONE', ( #7047 ), #5789, .F. ) ;
#4671 = VECTOR ( 'NONE', #7482, 1000.000000000000114 ) ;
#4672 = ORIENTED_EDGE ( 'NONE', *, *, #6684, .F. ) ;
#4673 = CARTESIAN_POINT ( 'NONE',  ( -6.500000000000000000, -11.25833024919771930, -0.5999999999999999778 ) ) ;
#4674 = CARTESIAN_POINT ( 'NONE',  ( -76.84614969766559511, -16.02870165184879880, -4.500000000000000000 ) ) ;
#4675 = ORIENTED_EDGE ( 'NONE', *, *, #691, .F. ) ;
#4676 = DIRECTION ( 'NONE',  ( 0.000000000000000000, 0.000000000000000000, -1.000000000000000000 ) ) ;
#4677 = ORIENTED_EDGE ( 'NONE', *, *, #5926, .T. ) ;
#4678 = EDGE_CURVE ( 'NONE', #1505, #6574, #5213, .T. ) ;
#4679 = LINE ( 'NONE', #2993, #963 ) ;
#4680 = APPROVAL_PERSON_ORGANIZATION ( #576, #4368, #2169 ) ;
#4681 = SHAPE_REPRESENTATION ( 'smt_tray_01.STEP', ( #2920, #4917, #1785 ), #291 ) ;
#4682 = CARTESIAN_POINT ( 'NONE',  ( 4.098333950160509609, -12.29852262806234009, 5.000000000000000000 ) ) ;
#4683 = AXIS2_PLACEMENT_3D ( 'NONE', #679, #2406, #3150 ) ;
#4684 = APPLICATION_PROTOCOL_DEFINITION ( 'international standard', 'config_control_design', 1994, #2051 ) ;
#4685 = ORIENTED_EDGE ( 'NONE', *, *, #1903, .F. ) ;
#4686 = DIRECTION ( 'NONE',  ( 0.000000000000000000, 0.000000000000000000, 1.000000000000000000 ) ) ;
#4687 = DIRECTION ( 'NONE',  ( 0.000000000000000000, 0.000000000000000000, 1.000000000000000000 ) ) ;
#4688 = VERTEX_POINT ( 'NONE', #2864 ) ;
#4689 = CARTESIAN_POINT ( 'NONE',  ( -11.50000000000000000, -1.399999999999999911, 5.000000000000000000 ) ) ;
#4690 = FACE_OUTER_BOUND ( 'NONE', #4930, .T. ) ;
#4691 = VECTOR ( 'NONE', #1462, 1000.000000000000000 ) ;
#4692 = COORDINATED_UNIVERSAL_TIME_OFFSET ( 8, 0, .AHEAD. ) ;
#4693 = CYLINDRICAL_SURFACE ( 'NONE', #4763, 2.099999999999999645 ) ;
#4694 = EDGE_CURVE ( 'NONE', #3956, #2558, #5761, .T. ) ;
#4695 = EDGE_CURVE ( 'NONE', #3069, #1489, #3298, .T. ) ;
#4696 = VECTOR ( 'NONE', #2368, 1000.000000000000000 ) ;
#4697 = EDGE_CURVE ( 'NONE', #4382, #1919, #1407, .T. ) ;
#4698 = ORIENTED_EDGE ( 'NONE', *, *, #2340, .T. ) ;
#4699 = CONICAL_SURFACE ( 'NONE', #7440, 6.500000000000005329, 0.7853981633974589371 ) ;
#4700 = DIRECTION ( 'NONE',  ( -1.000000000000000000, 0.000000000000000000, 0.000000000000000000 ) ) ;
#4701 = EDGE_CURVE ( 'NONE', #1647, #2897, #1022, .T. ) ;
#4702 = CARTESIAN_POINT ( 'NONE',  ( 0.000000000000000000, 42.50000000000000000, 3.799999999999999822 ) ) ;
#4703 = ORIENTED_EDGE ( 'NONE', *, *, #5069, .T. ) ;
#4704 = ORIENTED_EDGE ( 'NONE', *, *, #6587, .T. ) ;
#4705 = CONICAL_SURFACE ( 'NONE', #804, 4.499999999999997335, 0.7853981633974574939 ) ;
#4706 = DIRECTION ( 'NONE',  ( 0.000000000000000000, -0.7071067811865380248, 0.7071067811865570096 ) ) ;
#4707 = VERTEX_POINT ( 'NONE', #1595 ) ;
#4708 = CARTESIAN_POINT ( 'NONE',  ( -58.20652884342099753, 46.50000000000000000, 5.000000000000000000 ) ) ;
#4709 = APPROVAL ( #7108, '未指定' ) ;
#4710 = ORIENTED_EDGE ( 'NONE', *, *, #6875, .T. ) ;
#4711 = ORIENTED_EDGE ( 'NONE', *, *, #6504, .T. ) ;
#4712 = ORIENTED_EDGE ( 'NONE', *, *, #2132, .F. ) ;
#4713 = CARTESIAN_POINT ( 'NONE',  ( -70.71953709566709279, -8.808915324409088754, -5.000000000000000000 ) ) ;
#4714 = FACE_OUTER_BOUND ( 'NONE', #1961, .T. ) ;
#4715 = EDGE_LOOP ( 'NONE', ( #3595, #3556, #4125, #1698 ) ) ;
#4716 = CARTESIAN_POINT ( 'NONE',  ( -14.24233132880129915, 36.84299116956504605, -5.000000000000000000 ) ) ;
#4717 = DIRECTION ( 'NONE',  ( 0.000000000000000000, 0.000000000000000000, -1.000000000000000000 ) ) ;
#4718 = ORIENTED_EDGE ( 'NONE', *, *, #448, .F. ) ;
#4719 = DIRECTION ( 'NONE',  ( 1.000000000000000000, 0.000000000000000000, 0.000000000000000000 ) ) ;
#4720 = ORIENTED_EDGE ( 'NONE', *, *, #3157, .F. ) ;
#4721 = DIRECTION ( 'NONE',  ( 0.000000000000000000, 0.000000000000000000, 1.000000000000000000 ) ) ;
#4722 = CARTESIAN_POINT ( 'NONE',  ( -82.79999999999999716, 0.000000000000000000, -3.799999999999999822 ) ) ;
#4723 = APPROVAL_DATE_TIME ( #4095, #5939 ) ;
#4724 = ORIENTED_EDGE ( 'NONE', *, *, #4537, .T. ) ;
#4725 = FACE_OUTER_BOUND ( 'NONE', #4844, .T. ) ;
#4726 = LINE ( 'NONE', #6042, #6486 ) ;
#4727 = EDGE_LOOP ( 'NONE', ( #1876, #3683, #832, #5239 ) ) ;
#4728 = CARTESIAN_POINT ( 'NONE',  ( 76.84614969766539616, 16.02870165184935303, -4.499999999999944933 ) ) ;
#4729 = CARTESIAN_POINT ( 'NONE',  ( -33.95447164295445219, 10.36068798139403846, -0.5999999999999999778 ) ) ;
#4730 = CALENDAR_DATE ( 2026, 9, 8 ) ;
#4731 = CARTESIAN_POINT ( 'NONE',  ( 29.50000000000000000, 0.000000000000000000, -191.8904037956214950 ) ) ;
#4732 = AXIS2_PLACEMENT_3D ( 'NONE', #3961, #5245, #1626 ) ;
#4733 = ORIENTED_EDGE ( 'NONE', *, *, #1337, .F. ) ;
#4734 = FACE_OUTER_BOUND ( 'NONE', #6618, .T. ) ;
#4735 = EDGE_CURVE ( 'NONE', #2157, #4785, #545, .T. ) ;
#4736 = DIRECTION ( 'NONE',  ( -0.5000000000000011102, -0.8660254037844379305, 0.000000000000000000 ) ) ;
#4737 = ORIENTED_EDGE ( 'NONE', *, *, #3796, .T. ) ;
#4738 = CONICAL_SURFACE ( 'NONE', #5852, 4.500000000000000888, 0.7853981633974602694 ) ;
#4739 = EDGE_CURVE ( 'NONE', #5508, #3891, #7298, .T. ) ;
#4740 = AXIS2_PLACEMENT_3D ( 'NONE', #5377, #55, #6580 ) ;
#4741 = AXIS2_PLACEMENT_3D ( 'NONE', #3238, #4563, #2718 ) ;
#4742 = ADVANCED_FACE ( 'NONE', ( #7088 ), #1293, .F. ) ;
#4743 = LINE ( 'NONE', #7598, #456 ) ;
#4744 = VERTEX_POINT ( 'NONE', #5173 ) ;
#4745 = CARTESIAN_POINT ( 'NONE',  ( -58.20652884342099753, 42.50000000000000000, 5.000000000000000000 ) ) ;
#4746 = ORIENTED_EDGE ( 'NONE', *, *, #5260, .F. ) ;
#4747 = EDGE_LOOP ( 'NONE', ( #6005, #1357, #5798, #4510 ) ) ;
#4748 = LINE ( 'NONE', #4126, #513 ) ;
#4749 = CARTESIAN_POINT ( 'NONE',  ( -8.500000000000000000, 78.03845206050668537, 4.500000000000000000 ) ) ;
#4750 = AXIS2_PLACEMENT_3D ( 'NONE', #7337, #1927, #3151 ) ;
#4751 = EDGE_CURVE ( 'NONE', #2863, #6619, #6379, .T. ) ;
#4752 = ORIENTED_EDGE ( 'NONE', *, *, #1239, .F. ) ;
#4753 = CARTESIAN_POINT ( 'NONE',  ( -13.83473019803201964, -46.50000000000000000, 0.5999999999999999778 ) ) ;
#4754 = DIRECTION ( 'NONE',  ( 0.000000000000000000, 0.000000000000000000, 1.000000000000000000 ) ) ;
#4755 = ORIENTED_EDGE ( 'NONE', *, *, #7319, .F. ) ;
#4756 = ADVANCED_FACE ( 'NONE', ( #5917 ), #2745, .F. ) ;
#4757 = DIRECTION ( 'NONE',  ( -0.5524594799263480294, 0.4413485278546764312, 0.7071067811865608954 ) ) ;
#4758 = ORIENTED_EDGE ( 'NONE', *, *, #1509, .F. ) ;
#4759 = AXIS2_PLACEMENT_3D ( 'NONE', #393, #1635, #2789 ) ;
#4760 = CARTESIAN_POINT ( 'NONE',  ( -8.318653347947300603, -10.20833024919772214, -0.5999999999999999778 ) ) ;
#4761 = CARTESIAN_POINT ( 'NONE',  ( -2.251666049839540218, 1.300000000000014033, -0.5999999999999999778 ) ) ;
#4762 = APPROVAL_STATUS ( 'not_yet_approved' ) ;
#4763 = AXIS2_PLACEMENT_3D ( 'NONE', #2883, #4842, #7231 ) ;
#4764 = VERTEX_POINT ( 'NONE', #7005 ) ;
#4765 = DIRECTION ( 'NONE',  ( 0.000000000000000000, 0.000000000000000000, -1.000000000000000000 ) ) ;
#4766 = DIRECTION ( 'NONE',  ( 0.000000000000000000, 0.000000000000000000, -1.000000000000000000 ) ) ;
#4767 = ORIENTED_EDGE ( 'NONE', *, *, #2109, .T. ) ;
#4768 = CARTESIAN_POINT ( 'NONE',  ( -7.247758274114829646, 2.600000000000000089, 30.56012519531154936 ) ) ;
#4769 = DIRECTION ( 'NONE',  ( 0.04217025705071505287, -0.9991104390507971056, 0.000000000000000000 ) ) ;
#4770 = APPLICATION_CONTEXT ( 'configuration controlled 3d designs of mechanical parts and assemblies' ) ;
#4772 = EDGE_CURVE ( 'NONE', #7321, #7566, #293, .T. ) ;
#4771 = AXIS2_PLACEMENT_3D ( 'NONE', #1549, #2104, #6412 ) ;
#4773 = CARTESIAN_POINT ( 'NONE',  ( 10.24588957259812005, -36.67431014136215595, -4.500000000000000000 ) ) ;
#4774 = DIRECTION ( 'NONE',  ( 1.000000000000000000, 0.000000000000000000, 0.000000000000000000 ) ) ;
#4775 = AXIS2_PLACEMENT_3D ( 'NONE', #1853, #1891, #3077 ) ;
#4776 = ORIENTED_EDGE ( 'NONE', *, *, #7268, .T. ) ;
#4777 = CARTESIAN_POINT ( 'NONE',  ( 0.000000000000000000, 0.000000000000000000, 3.299999999999999822 ) ) ;
#4778 = LINE ( 'NONE', #4198, #4328 ) ;
#4779 = ORIENTED_EDGE ( 'NONE', *, *, #3450, .F. ) ;
#4780 = AXIS2_PLACEMENT_3D ( 'NONE', #4208, #1220, #7168 ) ;
#4781 = SHAPE_REPRESENTATION_RELATIONSHIP ( 'NONE' , 'NONE' ,  #327, #3244 ) ;
#4782 = DIRECTION ( 'NONE',  ( -0.8660254037844381525, -0.5000000000000007772, 0.000000000000000000 ) ) ;
#4783 = EDGE_LOOP ( 'NONE', ( #239, #7686, #4711, #5630 ) ) ;
#4784 = CARTESIAN_POINT ( 'NONE',  ( 0.000000000000000000, 0.000000000000000000, -3.799999999999999822 ) ) ;
#4785 = VERTEX_POINT ( 'NONE', #5449 ) ;
#4786 = VERTEX_POINT ( 'NONE', #1298 ) ;
#4787 = DIRECTION ( 'NONE',  ( 1.000000000000000000, 0.000000000000000000, 0.000000000000000000 ) ) ;
#4788 = LINE ( 'NONE', #2317, #655 ) ;
#4789 = EDGE_CURVE ( 'NONE', #6884, #6503, #1257, .T. ) ;
#4790 = VECTOR ( 'NONE', #2137, 1000.000000000000114 ) ;
#4791 = CARTESIAN_POINT ( 'NONE',  ( 0.000000000000000000, 0.000000000000000000, 30.80087640576605068 ) ) ;
#4792 = CARTESIAN_POINT ( 'NONE',  ( 0.000000000000000000, 0.000000000000000000, -0.5999999999999999778 ) ) ;
#4793 = VERTEX_POINT ( 'NONE', #122 ) ;
#4794 = CARTESIAN_POINT ( 'NONE',  ( 12.61978725336802043, 32.64568837809564883, -5.000000000000000000 ) ) ;
#4795 = ORIENTED_EDGE ( 'NONE', *, *, #1464, .T. ) ;
#4796 = APPROVAL ( #2402, '未指定' ) ;
#4797 = CIRCLE ( 'NONE', #4668, 78.50000000000000000 ) ;
#4798 = CARTESIAN_POINT ( 'NONE',  ( -12.69999999999999929, -2.600000000000000089, 30.56012519531154936 ) ) ;
#4799 = LINE ( 'NONE', #5456, #2772 ) ;
#4800 = DATE_AND_TIME ( #2873, #2927 ) ;
#4801 = VECTOR ( 'NONE', #3422, 1000.000000000000000 ) ;
#4802 = ORIENTED_EDGE ( 'NONE', *, *, #6014, .T. ) ;
#4803 = CARTESIAN_POINT ( 'NONE',  ( -84.40000000000000568, 0.000000000000000000, -5.000000000000000000 ) ) ;
#4804 = CARTESIAN_POINT ( 'NONE',  ( 88.50000000000000000, 1.083812417245407954E-14, -3.799999999999999822 ) ) ;
#4805 = VERTEX_POINT ( 'NONE', #559 ) ;
#4806 = SECURITY_CLASSIFICATION ( '', '', #2806 ) ;
#4807 = DIRECTION ( 'NONE',  ( 0.000000000000000000, 0.000000000000000000, 1.000000000000000000 ) ) ;
#4808 = LINE ( 'NONE', #1206, #5160 ) ;
#4809 = CIRCLE ( 'NONE', #6048, 4.499999999999997335 ) ;
#4810 = CARTESIAN_POINT ( 'NONE',  ( 28.42252627758479733, 2.100000000000195044, -4.500000000000000000 ) ) ;
#4811 = CARTESIAN_POINT ( 'NONE',  ( 0.000000000000000000, 0.000000000000000000, -5.000000000000000000 ) ) ;
#4812 = ORIENTED_EDGE ( 'NONE', *, *, #1295, .F. ) ;
#4813 = PLANE ( 'NONE',  #1190 ) ;
#4814 = AXIS2_PLACEMENT_3D ( 'NONE', #4777, #725, #7154 ) ;
#4815 = AXIS2_PLACEMENT_3D ( 'NONE', #3394, #5851, #2204 ) ;
#4816 = AXIS2_PLACEMENT_3D ( 'NONE', #1571, #5108, #368 ) ;
#4817 = CARTESIAN_POINT ( 'NONE',  ( -70.97255863797140307, 14.80357795871386095, -0.5999999999999999778 ) ) ;
#4818 = ORIENTED_EDGE ( 'NONE', *, *, #3952, .T. ) ;
#4819 = DIRECTION ( 'NONE',  ( 1.000000000000000000, 0.000000000000000000, 0.000000000000000000 ) ) ;
#4820 = ORIENTED_EDGE ( 'NONE', *, *, #4878, .T. ) ;
#4821 = ORIENTED_EDGE ( 'NONE', *, *, #6043, .T. ) ;
#4822 = FACE_BOUND ( 'NONE', #2333, .T. ) ;
#4823 = DIRECTION ( 'NONE',  ( 0.000000000000000000, 0.000000000000000000, 1.000000000000000000 ) ) ;
#4824 = CARTESIAN_POINT ( 'NONE',  ( 0.000000000000000000, 0.000000000000000000, -4.500000000000000000 ) ) ;
#4825 = LINE ( 'NONE', #7695, #7098 ) ;
#4826 = EDGE_LOOP ( 'NONE', ( #1762, #6885, #2006, #1998, #2246, #2836, #7645, #2906, #2579 ) ) ;
#4827 = EDGE_LOOP ( 'NONE', ( #5571, #502, #7446, #1800, #7225, #7722 ) ) ;
#4828 = ADVANCED_FACE ( 'NONE', ( #2435 ), #6907, .T. ) ;
#4829 = CARTESIAN_POINT ( 'NONE',  ( 0.000000000000000000, 0.000000000000000000, -4.499999999999944933 ) ) ;
#4830 = CARTESIAN_POINT ( 'NONE',  ( 4.098333950160509609, -12.29852262806234009, -0.5999999999999999778 ) ) ;
#4831 = ADVANCED_FACE ( 'NONE', ( #3729 ), #6579, .T. ) ;
#4832 = COORDINATED_UNIVERSAL_TIME_OFFSET ( 8, 0, .AHEAD. ) ;
#4833 = B_SPLINE_CURVE_WITH_KNOTS ( 'NONE', 2,
 ( #3914, #6174, #3955 ),
 .UNSPECIFIED., .F., .F.,
 ( 3, 3 ),
 ( 0.000000000000000000, 1.000000000000000000 ),
 .UNSPECIFIED. ) ;
#4834 = VERTEX_POINT ( 'NONE', #6541 ) ;
#4835 = FACE_OUTER_BOUND ( 'NONE', #6023, .T. ) ;
#4836 = DIRECTION ( 'NONE',  ( 0.000000000000000000, 0.000000000000000000, 1.000000000000000000 ) ) ;
#4837 = ORIENTED_EDGE ( 'NONE', *, *, #6043, .F. ) ;
#4838 = DIRECTION ( 'NONE',  ( 0.000000000000000000, 0.000000000000000000, -1.000000000000000000 ) ) ;
#4839 = PLANE ( 'NONE',  #2420 ) ;
#4840 = EDGE_CURVE ( 'NONE', #4744, #3007, #6655, .T. ) ;
#4841 = DIRECTION ( 'NONE',  ( 0.000000000000000000, 0.000000000000000000, -1.000000000000000000 ) ) ;
#4842 = DIRECTION ( 'NONE',  ( 0.000000000000000000, 0.000000000000000000, -1.000000000000000000 ) ) ;
#4843 = CC_DESIGN_DATE_AND_TIME_ASSIGNMENT ( #6516, #4603, ( #7423 ) ) ;
#4844 = EDGE_LOOP ( 'NONE', ( #3102, #3811, #2617, #3143 ) ) ;
#4845 = CONICAL_SURFACE ( 'NONE', #7343, 29.00000000000000000, 0.7853981633974659315 ) ;
#4846 = CARTESIAN_POINT ( 'NONE',  ( -9.838288441828840547, 46.33131897179710279, 5.000000000000000000 ) ) ;
#4847 = FACE_OUTER_BOUND ( 'NONE', #4075, .T. ) ;
#4848 = EDGE_CURVE ( 'NONE', #7087, #564, #2788, .T. ) ;
#4849 = AXIS2_PLACEMENT_3D ( 'NONE', #815, #7350, #7390 ) ;
#4850 = VECTOR ( 'NONE', #7039, 1000.000000000000227 ) ;
#4851 = AXIS2_PLACEMENT_3D ( 'NONE', #2155, #5174, #7651 ) ;
#4852 = CARTESIAN_POINT ( 'NONE',  ( -61.72235944470150315, 49.30872483221479996, 5.000000000000000000 ) ) ;
#4853 = ORIENTED_EDGE ( 'NONE', *, *, #1399, .F. ) ;
#4854 = VECTOR ( 'NONE', #6592, 1000.000000000000114 ) ;
#4855 = DIRECTION ( 'NONE',  ( 0.000000000000000000, 0.000000000000000000, 1.000000000000000000 ) ) ;
#4856 = ORIENTED_EDGE ( 'NONE', *, *, #2787, .T. ) ;
#4857 = ORIENTED_EDGE ( 'NONE', *, *, #1888, .F. ) ;
#4858 = ADVANCED_FACE ( 'NONE', ( #3696 ), #2357, .F. ) ;
#4859 = CARTESIAN_POINT ( 'NONE',  ( -9.838288441828840547, -46.33131897179710279, 4.500000000000000000 ) ) ;
#4860 = AXIS2_PLACEMENT_3D ( 'NONE', #3585, #601, #2990 ) ;
#4861 = VERTEX_POINT ( 'NONE', #4279 ) ;
#4862 = CARTESIAN_POINT ( 'NONE',  ( -11.50000000000000000, 1.399999999999999911, -5.000000000000000000 ) ) ;
#4863 = LINE ( 'NONE', #4972, #6680 ) ;
#4864 = ORIENTED_EDGE ( 'NONE', *, *, #6750, .T. ) ;
#4865 = VERTEX_POINT ( 'NONE', #7174 ) ;
#4866 = VECTOR ( 'NONE', #5145, 1000.000000000000000 ) ;
#4867 = CARTESIAN_POINT ( 'NONE',  ( 8.808915324408838288, 70.71953709566709279, 5.000000000000000000 ) ) ;
#4868 = CARTESIAN_POINT ( 'NONE',  ( -32.64568837809559909, 12.61978725336839879, -5.000000000000000000 ) ) ;
#4869 = PERSON_AND_ORGANIZATION ( #2664, #7165 ) ;
#4870 = VERTEX_POINT ( 'NONE', #84 ) ;
#4871 = DIRECTION ( 'NONE',  ( -1.000000000000000000, 0.000000000000000000, 0.000000000000000000 ) ) ;
#4872 = CARTESIAN_POINT ( 'NONE',  ( 88.50000000000000000, 1.083812417245407954E-14, 5.000000000000000000 ) ) ;
#4873 = ORIENTED_EDGE ( 'NONE', *, *, #5411, .F. ) ;
#4874 = DIRECTION ( 'NONE',  ( 0.000000000000000000, 0.000000000000000000, 1.000000000000000000 ) ) ;
#4875 = CYLINDRICAL_SURFACE ( 'NONE', #3323, 6.000000000000000000 ) ;
#4876 = DIRECTION ( 'NONE',  ( 1.000000000000000000, 1.541976423090495436E-15, 0.000000000000000000 ) ) ;
#4877 = DIRECTION ( 'NONE',  ( 0.5000000000000011102, -0.8660254037844380415, 0.000000000000000000 ) ) ;
#4878 = EDGE_CURVE ( 'NONE', #7380, #2736, #6070, .T. ) ;
#4879 = EDGE_CURVE ( 'NONE', #268, #4531, #6029, .T. ) ;
#4880 = ORIENTED_EDGE ( 'NONE', *, *, #4096, .F. ) ;
#4881 = LINE ( 'NONE', #4920, #4236 ) ;
#4882 = CARTESIAN_POINT ( 'NONE',  ( -70.71953709566709279, 8.808915324409088754, -4.500000000000000000 ) ) ;
#4883 = CIRCLE ( 'NONE', #4998, 4.499999999999997335 ) ;
#4884 = ITEM_DEFINED_TRANSFORMATION ( 'NONE', 'NONE', #4917,  #44 ) ;
#4885 = EDGE_CURVE ( 'NONE', #6919, #6803, #1916, .T. ) ;
#4886 =( LENGTH_UNIT ( ) NAMED_UNIT ( * ) SI_UNIT ( .MILLI., .METRE. ) );
#4887 = AXIS2_PLACEMENT_3D ( 'NONE', #958, #6899, #3355 ) ;
#4888 = DIRECTION ( 'NONE',  ( 0.000000000000000000, 0.000000000000000000, -1.000000000000000000 ) ) ;
#4889 = ORIENTED_EDGE ( 'NONE', *, *, #2543, .T. ) ;
#4890 = CYLINDRICAL_SURFACE ( 'NONE', #62, 6.000000000000005329 ) ;
#4891 = ORIENTED_EDGE ( 'NONE', *, *, #6851, .T. ) ;
#4892 = ORIENTED_EDGE ( 'NONE', *, *, #4079, .F. ) ;
#4893 = CIRCLE ( 'NONE', #1501, 4.499999999999997335 ) ;
#4894 = DIRECTION ( 'NONE',  ( 0.000000000000000000, 0.000000000000000000, 1.000000000000000000 ) ) ;
#4895 = VERTEX_POINT ( 'NONE', #4862 ) ;
#4896 = ORIENTED_EDGE ( 'NONE', *, *, #6396, .F. ) ;
#4897 = CARTESIAN_POINT ( 'NONE',  ( -84.40000000000000568, 0.000000000000000000, 4.499999999999954703 ) ) ;
#4898 = EDGE_CURVE ( 'NONE', #2178, #4504, #54, .T. ) ;
#4899 = FACE_OUTER_BOUND ( 'NONE', #1091, .T. ) ;
#4900 = EDGE_LOOP ( 'NONE', ( #3431, #7625, #6287, #6078 ) ) ;
#4901 = AXIS2_PLACEMENT_3D ( 'NONE', #4225, #4841, #3044 ) ;
#4902 = ORIENTED_EDGE ( 'NONE', *, *, #6440, .T. ) ;
#4903 = LINE ( 'NONE', #6146, #23 ) ;
#4904 = CARTESIAN_POINT ( 'NONE',  ( 0.000000000000000000, 0.000000000000000000, 30.80087640576605068 ) ) ;
#4905 = PERSON_AND_ORGANIZATION_ROLE ( 'classification_officer' ) ;
#4906 = ADVANCED_FACE ( 'NONE', ( #7251 ), #5488, .F. ) ;
#4907 = VECTOR ( 'NONE', #3547, 1000.000000000000000 ) ;
#4908 = ORIENTED_EDGE ( 'NONE', *, *, #1241, .T. ) ;
#4909 = DIRECTION ( 'NONE',  ( 1.000000000000000000, 0.000000000000000000, 0.000000000000000000 ) ) ;
#4910 = CARTESIAN_POINT ( 'NONE',  ( 13.00000000000000000, 8.933825901280559061E-14, 0.5999999999999999778 ) ) ;
#4911 = VERTEX_POINT ( 'NONE', #1763 ) ;
#4912 = CARTESIAN_POINT ( 'NONE',  ( 0.000000000000000000, 0.000000000000000000, 4.500000000000000000 ) ) ;
#4913 = CARTESIAN_POINT ( 'NONE',  ( 8.500000000000000000, -78.03845206050668537, 0.5999999999999999778 ) ) ;
#4914 = CIRCLE ( 'NONE', #6398, 35.50000000000000000 ) ;
#4915 = DIRECTION ( 'NONE',  ( 1.000000000000000000, 0.000000000000000000, 0.000000000000000000 ) ) ;
#4916 = VECTOR ( 'NONE', #4492, 1000.000000000000114 ) ;
#4917 = AXIS2_PLACEMENT_3D ( 'NONE', #6569, #6487, #7677 ) ;
#4918 = ORIENTED_EDGE ( 'NONE', *, *, #1978, .F. ) ;
#4919 = CIRCLE ( 'NONE', #3927, 28.50000000000000000 ) ;
#4920 = CARTESIAN_POINT ( 'NONE',  ( -77.47255863797131781, -14.80357795871386095, -5.000000000000000000 ) ) ;
#4921 = LINE ( 'NONE', #7312, #4441 ) ;
#4922 = COORDINATED_UNIVERSAL_TIME_OFFSET ( 8, 0, .AHEAD. ) ;
#4923 = ADVANCED_FACE ( 'NONE', ( #6615 ), #4542, .F. ) ;
#4924 = APPROVAL_PERSON_ORGANIZATION ( #5304, #5939, #5768 ) ;
#4925 = EDGE_CURVE ( 'NONE', #6591, #1754, #4046, .T. ) ;
#4926 = CC_DESIGN_PERSON_AND_ORGANIZATION_ASSIGNMENT ( #2912, #4013, ( #1651 ) ) ;
#4927 = CARTESIAN_POINT ( 'NONE',  ( -16.02870165184855011, 76.84614969766559511, -3.799999999999999822 ) ) ;
#4928 = ORIENTED_EDGE ( 'NONE', *, *, #5454, .F. ) ;
#4929 = CARTESIAN_POINT ( 'NONE',  ( -28.50000000000000000, 0.000000000000000000, -0.5999999999999999778 ) ) ;
#4930 = EDGE_LOOP ( 'NONE', ( #1889, #5668, #2511, #1719 ) ) ;
#4931 = ORIENTED_EDGE ( 'NONE', *, *, #3857, .F. ) ;
#4932 = AXIS2_PLACEMENT_3D ( 'NONE', #2214, #3443, #4700 ) ;
#4933 = CARTESIAN_POINT ( 'NONE',  ( -58.20652884342099753, -42.50000000000000000, 4.500000000000000000 ) ) ;
#4934 = CIRCLE ( 'NONE', #7196, 28.50000000000000000 ) ;
#4935 = EDGE_LOOP ( 'NONE', ( #6163, #2081, #7399, #2878 ) ) ;
#4936 = CC_DESIGN_DATE_AND_TIME_ASSIGNMENT ( #5034, #7274, ( #5177 ) ) ;
#4937 = VERTEX_POINT ( 'NONE', #1806 ) ;
#4938 = FACE_BOUND ( 'NONE', #2768, .T. ) ;
#4939 = FACE_OUTER_BOUND ( 'NONE', #6497, .T. ) ;
#4940 = ORIENTED_EDGE ( 'NONE', *, *, #3933, .F. ) ;
#4941 = ORIENTED_EDGE ( 'NONE', *, *, #7527, .T. ) ;
#4942 = CARTESIAN_POINT ( 'NONE',  ( -70.97255863797140307, -14.80357795871386095, -0.5999999999999999778 ) ) ;
#4943 = EDGE_CURVE ( 'NONE', #6861, #5557, #3675, .T. ) ;
#4944 = DIRECTION ( 'NONE',  ( 0.000000000000000000, 0.000000000000000000, 1.000000000000000000 ) ) ;
#4945 = CALENDAR_DATE ( 2026, 9, 8 ) ;
#4946 = AXIS2_PLACEMENT_3D ( 'NONE', #6286, #3329, #6799 ) ;
#4947 = ORIENTED_EDGE ( 'NONE', *, *, #955, .F. ) ;
#4948 = DIRECTION ( 'NONE',  ( 1.000000000000000000, 0.000000000000000000, 0.000000000000000000 ) ) ;
#4949 = LINE ( 'NONE', #3777, #242 ) ;
#4950 = ORIENTED_EDGE ( 'NONE', *, *, #579, .F. ) ;
#4951 = FACE_OUTER_BOUND ( 'NONE', #3534, .T. ) ;
#4952 = CARTESIAN_POINT ( 'NONE',  ( 36.67431014136210621, -10.24588957259826039, -5.000000000000000000 ) ) ;
#4953 = DIRECTION ( 'NONE',  ( 1.000000000000000000, 0.000000000000000000, 0.000000000000000000 ) ) ;
#4954 = EDGE_LOOP ( 'NONE', ( #6348, #3493 ) ) ;
#4955 = CARTESIAN_POINT ( 'NONE',  ( -13.83473019803201964, 42.00000000000000000, 5.000000000000000000 ) ) ;
#4956 = PLANE ( 'NONE',  #7046 ) ;
#4957 = ITEM_DEFINED_TRANSFORMATION ( 'NONE', 'NONE', #4181,  #44 ) ;
#4958 = DIRECTION ( 'NONE',  ( 0.000000000000000000, 0.000000000000000000, 1.000000000000000000 ) ) ;
#4959 = LINE ( 'NONE', #2728, #6212 ) ;
#4960 = VERTEX_POINT ( 'NONE', #1223 ) ;
#4961 = EDGE_CURVE ( 'NONE', #1048, #1394, #7538, .T. ) ;
#4962 = DIRECTION ( 'NONE',  ( 0.000000000000000000, 0.000000000000000000, 1.000000000000000000 ) ) ;
#4963 = ORIENTED_EDGE ( 'NONE', *, *, #2460, .T. ) ;
#4964 = EDGE_LOOP ( 'NONE', ( #6452, #6388, #7512, #4087 ) ) ;
#4965 = VECTOR ( 'NONE', #33, 1000.000000000000000 ) ;
#4966 = PLANE ( 'NONE',  #5031 ) ;
#4967 = ADVANCED_FACE ( 'NONE', ( #3621 ), #6843, .T. ) ;
#4968 = EDGE_CURVE ( 'NONE', #7111, #3840, #3296, .T. ) ;
#4969 = AXIS2_PLACEMENT_3D ( 'NONE', #2547, #6221, #3257 ) ;
#4970 = CARTESIAN_POINT ( 'NONE',  ( -11.50000000000000000, -1.399999999999999911, -5.000000000000000000 ) ) ;
#4971 = DIRECTION ( 'NONE',  ( 0.000000000000000000, 0.000000000000000000, -1.000000000000000000 ) ) ;
#4972 = CARTESIAN_POINT ( 'NONE',  ( 8.803577958713120211, 70.97255863797150255, -0.5999999999999999778 ) ) ;
#4973 = ORIENTED_EDGE ( 'NONE', *, *, #1141, .T. ) ;
#4974 = ORIENTED_EDGE ( 'NONE', *, *, #3933, .T. ) ;
#4975 = CARTESIAN_POINT ( 'NONE',  ( 0.000000000000000000, 0.000000000000000000, -4.500000000000000000 ) ) ;
#4976 = AXIS2_PLACEMENT_3D ( 'NONE', #5463, #4256, #6115 ) ;
#4977 = DIRECTION ( 'NONE',  ( 0.9991104390507969946, 0.04217025705071855007, 0.000000000000000000 ) ) ;
#4978 = ADVANCED_FACE ( 'NONE', ( #3848 ), #237, .T. ) ;
#4979 = EDGE_CURVE ( 'NONE', #397, #3288, #1478, .T. ) ;
#4980 = ORIENTED_EDGE ( 'NONE', *, *, #3203, .F. ) ;
#4981 = DIRECTION ( 'NONE',  ( 0.000000000000000000, 0.000000000000000000, 1.000000000000000000 ) ) ;
#4982 = AXIS2_PLACEMENT_3D ( 'NONE', #2325, #3426, #563 ) ;
#4983 = DIRECTION ( 'NONE',  ( 0.000000000000000000, 0.000000000000000000, 1.000000000000000000 ) ) ;
#4984 = VERTEX_POINT ( 'NONE', #3808 ) ;
#4985 = DIRECTION ( 'NONE',  ( 0.000000000000000000, 0.000000000000000000, -1.000000000000000000 ) ) ;
#4986 = CARTESIAN_POINT ( 'NONE',  ( 0.000000000000000000, 0.000000000000000000, -0.5999999999999999778 ) ) ;
#4987 = CARTESIAN_POINT ( 'NONE',  ( 14.80357795871362114, -70.97255863797140307, -4.500000000000000000 ) ) ;
#4988 = AXIS2_PLACEMENT_3D ( 'NONE', #4187, #6004, #7189 ) ;
#4989 = EDGE_CURVE ( 'NONE', #4545, #2506, #4466, .T. ) ;
#4990 = ORIENTED_EDGE ( 'NONE', *, *, #4076, .F. ) ;
#4991 = CARTESIAN_POINT ( 'NONE',  ( -84.40000000000000568, 0.000000000000000000, -5.000000000000000000 ) ) ;
#4992 = DIRECTION ( 'NONE',  ( -1.000000000000000000, 0.000000000000000000, 0.000000000000000000 ) ) ;
#4993 = CARTESIAN_POINT ( 'NONE',  ( 1.372213087217910132, -7.576742785872299990, 0.5999999999999999778 ) ) ;
#4994 = EDGE_CURVE ( 'NONE', #5940, #643, #862, .T. ) ;
#4995 = COORDINATED_UNIVERSAL_TIME_OFFSET ( 8, 0, .AHEAD. ) ;
#4996 = CARTESIAN_POINT ( 'NONE',  ( 8.808915324408349790, 70.71953709566719226, -3.799999999999999822 ) ) ;
#4997 = DIRECTION ( 'NONE',  ( 1.000000000000000000, 0.000000000000000000, 0.000000000000000000 ) ) ;
#4998 = AXIS2_PLACEMENT_3D ( 'NONE', #299, #4958, #6612 ) ;
#4999 = ADVANCED_FACE ( 'NONE', ( #1514 ), #3139, .F. ) ;
#5000 = CARTESIAN_POINT ( 'NONE',  ( 28.92386557844579897, -2.099999999999804690, -5.000000000000000000 ) ) ;
#5001 = EDGE_LOOP ( 'NONE', ( #7326, #2326, #3758, #6835 ) ) ;
#5002 = CARTESIAN_POINT ( 'NONE',  ( 0.000000000000000000, 0.000000000000000000, -3.799999999999999822 ) ) ;
#5003 = ORIENTED_EDGE ( 'NONE', *, *, #4789, .F. ) ;
#5004 = VERTEX_POINT ( 'NONE', #6881 ) ;
#5005 = APPLICATION_CONTEXT ( 'configuration controlled 3d designs of mechanical parts and assemblies' ) ;
#5006 = VECTOR ( 'NONE', #3454, 1000.000000000000000 ) ;
#5007 = CARTESIAN_POINT ( 'NONE',  ( 0.000000000000000000, 0.000000000000000000, -3.299999999999999822 ) ) ;
#5008 = ORIENTED_EDGE ( 'NONE', *, *, #3733, .T. ) ;
#5009 = DIRECTION ( 'NONE',  ( -1.000000000000000000, 0.000000000000000000, 0.000000000000000000 ) ) ;
#5010 = ORIENTED_EDGE ( 'NONE', *, *, #235, .F. ) ;
#5011 = DIRECTION ( 'NONE',  ( -0.02981887472493263344, -0.7064777666070786166, -0.7071067811865565655 ) ) ;
#5012 = DIRECTION ( 'NONE',  ( -0.04217025705071845293, -0.9991104390507968835, 0.000000000000000000 ) ) ;
#5013 = ORIENTED_EDGE ( 'NONE', *, *, #2109, .F. ) ;
#5014 = EDGE_LOOP ( 'NONE', ( #125, #2444, #6207, #269 ) ) ;
#5015 = EDGE_CURVE ( 'NONE', #6485, #4834, #824, .T. ) ;
#5016 = DIRECTION ( 'NONE',  ( -0.8660254037844380415, -0.5000000000000012212, 0.000000000000000000 ) ) ;
#5017 = EDGE_CURVE ( 'NONE', #7073, #6707, #5677, .T. ) ;
#5018 = CARTESIAN_POINT ( 'NONE',  ( 0.000000000000000000, 0.000000000000000000, -4.499999999999944933 ) ) ;
#5019 = VERTEX_POINT ( 'NONE', #6183 ) ;
#5020 = AXIS2_PLACEMENT_3D ( 'NONE', #3825, #6819, #4953 ) ;
#5021 = CARTESIAN_POINT ( 'NONE',  ( -0.4758213614811419578, -11.27330309624259996, -5.000000000000000000 ) ) ;
#5022 = EDGE_CURVE ( 'NONE', #1394, #1505, #4919, .T. ) ;
#5023 = DIRECTION ( 'NONE',  ( -0.04217025705071829333, 0.9991104390507968835, 0.000000000000000000 ) ) ;
#5024 = ORIENTED_EDGE ( 'NONE', *, *, #2716, .F. ) ;
#5025 = LINE ( 'NONE', #361, #3242 ) ;
#5026 = DIRECTION ( 'NONE',  ( 0.000000000000000000, 0.000000000000000000, -1.000000000000000000 ) ) ;
#5027 = LINE ( 'NONE', #1968, #3909 ) ;
#5028 = VECTOR ( 'NONE', #2901, 999.9999999999998863 ) ;
#5029 = ORIENTED_EDGE ( 'NONE', *, *, #4898, .F. ) ;
#5030 = DIRECTION ( 'NONE',  ( -0.5000000000000011102, -0.8660254037844379305, 0.000000000000000000 ) ) ;
#5031 = AXIS2_PLACEMENT_3D ( 'NONE', #4428, #4348, #6137 ) ;
#5032 = CARTESIAN_POINT ( 'NONE',  ( -8.803577958713621143, -70.97255863797140307, 4.500000000000000000 ) ) ;
#5033 = PLANE ( 'NONE',  #7703 ) ;
#5034 = DATE_AND_TIME ( #2643, #4430 ) ;
#5035 = CARTESIAN_POINT ( 'NONE',  ( 0.000000000000000000, 0.000000000000000000, 0.5999999999999999778 ) ) ;
#5036 = AXIS2_PLACEMENT_3D ( 'NONE', #3056, #2463, #3090 ) ;
#5037 = LOCAL_TIME ( 15, 19, 25.00000000000000000, #2329 ) ;
#5038 = AXIS2_PLACEMENT_3D ( 'NONE', #5296, #4006, #2790 ) ;
#5039 = AXIS2_PLACEMENT_3D ( 'NONE', #136, #7340, #875 ) ;
#5040 = FACE_OUTER_BOUND ( 'NONE', #2561, .T. ) ;
#5041 = VERTEX_POINT ( 'NONE', #3765 ) ;
#5042 = CYLINDRICAL_SURFACE ( 'NONE', #4946, 78.50000000000000000 ) ;
#5043 = ORIENTED_EDGE ( 'NONE', *, *, #3879, .T. ) ;
#5044 = APPROVAL_PERSON_ORGANIZATION ( #4147, #6563, #1038 ) ;
#5045 = ORIENTED_EDGE ( 'NONE', *, *, #1201, .F. ) ;
#5046 = AXIS2_PLACEMENT_3D ( 'NONE', #3343, #906, #7490 ) ;
#5047 = FACE_OUTER_BOUND ( 'NONE', #364, .T. ) ;
#5048 = CARTESIAN_POINT ( 'NONE',  ( 8.303577958713081131, 70.97255863797150255, -5.000000000000000000 ) ) ;
#5049 = ORIENTED_EDGE ( 'NONE', *, *, #7527, .F. ) ;
#5050 = CARTESIAN_POINT ( 'NONE',  ( 58.20652884342099753, -42.50000000000000000, 5.000000000000000000 ) ) ;
#5051 = DIRECTION ( 'NONE',  ( 1.000000000000000000, -1.734723475976808672E-15, 0.000000000000000000 ) ) ;
#5052 = ORIENTED_EDGE ( 'NONE', *, *, #4079, .T. ) ;
#5053 = EDGE_LOOP ( 'NONE', ( #161, #1675, #1342, #5098 ) ) ;
#5054 = AXIS2_PLACEMENT_3D ( 'NONE', #7273, #1320, #581 ) ;
#5055 = LINE ( 'NONE', #6847, #2127 ) ;
#5056 = LINE ( 'NONE', #1485, #5775 ) ;
#5057 = VECTOR ( 'NONE', #4386, 1000.000000000000114 ) ;
#5058 = CIRCLE ( 'NONE', #6429, 78.50000000000000000 ) ;
#5059 = ORIENTED_EDGE ( 'NONE', *, *, #168, .T. ) ;
#5060 = EDGE_CURVE ( 'NONE', #2897, #1087, #2621, .T. ) ;
#5061 = CARTESIAN_POINT ( 'NONE',  ( 0.000000000000000000, 0.000000000000000000, 5.000000000000000000 ) ) ;
#5062 = DIRECTION ( 'NONE',  ( 1.000000000000000000, 0.000000000000000000, 0.000000000000000000 ) ) ;
#5063 = ORIENTED_EDGE ( 'NONE', *, *, #5575, .T. ) ;
#5064 = CARTESIAN_POINT ( 'NONE',  ( 16.02870165184855011, 76.84614969766559511, 0.5999999999999999778 ) ) ;
#5065 = DIRECTION ( 'NONE',  ( 1.000000000000000000, 8.881784197001250351E-16, 0.000000000000000000 ) ) ;
#5066 = EDGE_CURVE ( 'NONE', #7279, #6654, #783, .T. ) ;
#5067 = LINE ( 'NONE', #1457, #767 ) ;
#5068 = VERTEX_POINT ( 'NONE', #2025 ) ;
#5069 = EDGE_CURVE ( 'NONE', #7380, #7513, #5356, .T. ) ;
#5070 = FACE_OUTER_BOUND ( 'NONE', #3878, .T. ) ;
#5071 = CARTESIAN_POINT ( 'NONE',  ( 62.70652884342099753, 46.50000000000000000, 5.000000000000000000 ) ) ;
#5072 = CARTESIAN_POINT ( 'NONE',  ( 4.537564434701839566, 10.65929214352101972, 5.000000000000000000 ) ) ;
#5073 = CONTEXT_DEPENDENT_SHAPE_REPRESENTATION ( #7159, #1572 ) ;
#5074 = CARTESIAN_POINT ( 'NONE',  ( -13.83473019803201964, -42.00000000000000000, 5.000000000000000000 ) ) ;
#5075 = PRODUCT_RELATED_PRODUCT_CATEGORY ( 'detail', '', ( #5746 ) ) ;
#5076 = EDGE_CURVE ( 'NONE', #7493, #3328, #7475, .T. ) ;
#5077 = DIRECTION ( 'NONE',  ( 0.000000000000000000, 0.000000000000000000, -1.000000000000000000 ) ) ;
#5078 = VERTEX_POINT ( 'NONE', #1989 ) ;
#5079 = CARTESIAN_POINT ( 'NONE',  ( -10.36068798139389990, 33.95447164295450193, -4.500000000000000000 ) ) ;
#5080 = ORIENTED_EDGE ( 'NONE', *, *, #4168, .T. ) ;
#5081 = ORIENTED_EDGE ( 'NONE', *, *, #5829, .T. ) ;
#5082 = DIRECTION ( 'NONE',  ( 0.1443822118679962130, -0.6922093447043913272, -0.7071067811865632269 ) ) ;
#5083 = CIRCLE ( 'NONE', #6956, 7.700000000000000178 ) ;
#5084 = CARTESIAN_POINT ( 'NONE',  ( -82.29999999999999716, 2.571758278209465130E-16, -5.000000000000000000 ) ) ;
#5085 = ORIENTED_EDGE ( 'NONE', *, *, #7544, .F. ) ;
#5086 = DIRECTION ( 'NONE',  ( -0.7071067811865540120, 0.000000000000000000, -0.7071067811865410224 ) ) ;
#5087 = LINE ( 'NONE', #3962, #6124 ) ;
#5088 = VERTEX_POINT ( 'NONE', #313 ) ;
#5089 = ORIENTED_EDGE ( 'NONE', *, *, #6950, .F. ) ;
#5090 = ADVANCED_FACE ( 'NONE', ( #274, #7447, #4938, #2065, #2701, #7328, #199 ), #5713, .F. ) ;
#5091 = PLANE ( 'NONE',  #7388 ) ;
#5092 = DIRECTION ( 'NONE',  ( 1.000000000000000000, 0.000000000000000000, 0.000000000000000000 ) ) ;
#5093 = AXIS2_PLACEMENT_3D ( 'NONE', #5946, #4203, #3054 ) ;
#5094 = AXIS2_PLACEMENT_3D ( 'NONE', #4263, #5509, #1935 ) ;
#5095 = ORIENTED_EDGE ( 'NONE', *, *, #2537, .F. ) ;
#5096 = CARTESIAN_POINT ( 'NONE',  ( -8.318653347947300603, -10.20833024919772214, 0.5999999999999999778 ) ) ;
#5097 = DIRECTION ( 'NONE',  ( 0.000000000000000000, 0.000000000000000000, -1.000000000000000000 ) ) ;
#5098 = ORIENTED_EDGE ( 'NONE', *, *, #6374, .F. ) ;
#5099 = DIRECTION ( 'NONE',  ( -0.9991104390507966615, -0.04217025705072553754, 0.000000000000000000 ) ) ;
#5100 = DIRECTION ( 'NONE',  ( 0.000000000000000000, 0.000000000000000000, 1.000000000000000000 ) ) ;
#5101 = AXIS2_PLACEMENT_3D ( 'NONE', #7305, #3635, #1271 ) ;
#5102 = CARTESIAN_POINT ( 'NONE',  ( 9.838288441828840547, 46.33131897179710279, 3.799999999999999822 ) ) ;
#5103 = VECTOR ( 'NONE', #332, 999.9999999999998863 ) ;
#5104 = ORIENTED_EDGE ( 'NONE', *, *, #2682, .F. ) ;
#5105 = CARTESIAN_POINT ( 'NONE',  ( 0.000000000000000000, 0.000000000000000000, 5.000000000000000000 ) ) ;
#5106 = DIRECTION ( 'NONE',  ( -1.000000000000000000, 0.000000000000000000, 0.000000000000000000 ) ) ;
#5107 = CARTESIAN_POINT ( 'NONE',  ( 0.000000000000000000, 0.000000000000000000, -3.799999999999999822 ) ) ;
#5108 = DIRECTION ( 'NONE',  ( 0.7064777666071019313, 0.02981887472494334362, 0.7071067811865329178 ) ) ;
#5109 = APPLICATION_CONTEXT ( 'configuration controlled 3d designs of mechanical parts and assemblies' ) ;
#5110 = CARTESIAN_POINT ( 'NONE',  ( 36.84299116956495368, -14.24233132880143948, -3.799999999999999822 ) ) ;
#5111 = EDGE_CURVE ( 'NONE', #7270, #7404, #4472, .T. ) ;
#5112 = AXIS2_PLACEMENT_3D ( 'NONE', #1269, #1233, #5426 ) ;
#5113 = CARTESIAN_POINT ( 'NONE',  ( -9.838288441828840547, -46.33131897179710279, 3.799999999999999822 ) ) ;
#5114 = ADVANCED_FACE ( 'NONE', ( #975 ), #7608, .F. ) ;
#5115 = CARTESIAN_POINT ( 'NONE',  ( -33.95447164295445219, -10.36068798139402070, -4.500000000000000000 ) ) ;
#5116 = ORIENTED_EDGE ( 'NONE', *, *, #7071, .T. ) ;
#5117 = ORIENTED_EDGE ( 'NONE', *, *, #1337, .T. ) ;
#5118 = DIRECTION ( 'NONE',  ( 0.000000000000000000, 0.000000000000000000, -1.000000000000000000 ) ) ;
#5119 = PRODUCT ( 'smt_tray_011.STEP', 'smt_tray_011.STEP', '', ( #5776 ) ) ;
#5120 = VECTOR ( 'NONE', #3638, 1000.000000000000000 ) ;
#5121 = DIRECTION ( 'NONE',  ( 0.000000000000000000, 0.000000000000000000, 1.000000000000000000 ) ) ;
#5122 = ORIENTED_EDGE ( 'NONE', *, *, #2453, .T. ) ;
#5123 = CARTESIAN_POINT ( 'NONE',  ( 0.000000000000000000, 0.000000000000000000, 3.799999999999999822 ) ) ;
#5124 = CYLINDRICAL_SURFACE ( 'NONE', #3761, 7.700000000000000178 ) ;
#5125 = VERTEX_POINT ( 'NONE', #383 ) ;
#5126 = VERTEX_POINT ( 'NONE', #6293 ) ;
#5127 = CIRCLE ( 'NONE', #5511, 78.50000000000000000 ) ;
#5128 = VECTOR ( 'NONE', #1524, 1000.000000000000000 ) ;
#5129 = DIRECTION ( 'NONE',  ( 0.000000000000000000, 0.000000000000000000, -1.000000000000000000 ) ) ;
#5130 = DIRECTION ( 'NONE',  ( 0.000000000000000000, 0.000000000000000000, -1.000000000000000000 ) ) ;
#5131 = EDGE_CURVE ( 'NONE', #1486, #2856, #2084, .T. ) ;
#5132 = VECTOR ( 'NONE', #5206, 1000.000000000000000 ) ;
#5133 = ORIENTED_EDGE ( 'NONE', *, *, #5131, .F. ) ;
#5134 = DIRECTION ( 'NONE',  ( 0.000000000000000000, 0.000000000000000000, 1.000000000000000000 ) ) ;
#5135 = CARTESIAN_POINT ( 'NONE',  ( -16.02870165184855011, -76.84614969766559511, 3.799999999999999822 ) ) ;
#5136 = ORIENTED_EDGE ( 'NONE', *, *, #6711, .T. ) ;
#5137 = DIRECTION ( 'NONE',  ( 0.000000000000000000, 0.000000000000000000, -1.000000000000000000 ) ) ;
#5138 = FACE_OUTER_BOUND ( 'NONE', #4468, .T. ) ;
#5139 = EDGE_CURVE ( 'NONE', #3095, #7493, #848, .T. ) ;
#5140 = AXIS2_PLACEMENT_3D ( 'NONE', #6169, #1434, #3022 ) ;
#5141 = DIRECTION ( 'NONE',  ( 1.000000000000000000, 0.000000000000000000, 0.000000000000000000 ) ) ;
#5142 = PERSON_AND_ORGANIZATION ( #2664, #7165 ) ;
#5143 = CIRCLE ( 'NONE', #2267, 7.700000000000000178 ) ;
#5144 = EDGE_LOOP ( 'NONE', ( #3260, #7371, #608, #1934, #2919, #3851, #7156, #5024, #4442, #6834, #4662, #2819 ) ) ;
#5145 = DIRECTION ( 'NONE',  ( -1.000000000000000000, 0.000000000000000000, 0.000000000000000000 ) ) ;
#5146 = CARTESIAN_POINT ( 'NONE',  ( 0.4969064900064990020, -11.77285831576798003, -3.799999999999999822 ) ) ;
#5147 = DIRECTION ( 'NONE',  ( -0.000000000000000000, 1.000000000000000000, 0.000000000000000000 ) ) ;
#5148 = DIRECTION ( 'NONE',  ( -0.5000000000000011102, 0.8660254037844379305, 0.000000000000000000 ) ) ;
#5149 = VECTOR ( 'NONE', #3304, 1000.000000000000000 ) ;
#5150 = LINE ( 'NONE', #7506, #6494 ) ;
#5151 = DIRECTION ( 'NONE',  ( 1.000000000000000000, 0.000000000000000000, 0.000000000000000000 ) ) ;
#5152 = ADVANCED_FACE ( 'NONE', ( #6330 ), #5285, .T. ) ;
#5153 = DIRECTION ( 'NONE',  ( 0.000000000000000000, 0.000000000000000000, 1.000000000000000000 ) ) ;
#5154 = VERTEX_POINT ( 'NONE', #1672 ) ;
#5155 = ORIENTED_EDGE ( 'NONE', *, *, #2181, .F. ) ;
#5156 = EDGE_CURVE ( 'NONE', #3452, #1471, #2470, .T. ) ;
#5157 =( GEOMETRIC_REPRESENTATION_CONTEXT ( 3 ) GLOBAL_UNCERTAINTY_ASSIGNED_CONTEXT ( ( #2628 ) ) GLOBAL_UNIT_ASSIGNED_CONTEXT ( ( #5944, #3644, #6015 ) ) REPRESENTATION_CONTEXT ( 'NONE', 'WORKASPACE' ) );
#5158 = LINE ( 'NONE', #380, #4790 ) ;
#5159 = AXIS2_PLACEMENT_3D ( 'NONE', #3382, #7650, #515 ) ;
#5160 = VECTOR ( 'NONE', #1822, 1000.000000000000000 ) ;
#5161 = LOCAL_TIME ( 15, 19, 25.00000000000000000, #441 ) ;
#5162 = CARTESIAN_POINT ( 'NONE',  ( 0.000000000000000000, 0.000000000000000000, -5.000000000000000000 ) ) ;
#5163 = EDGE_LOOP ( 'NONE', ( #1026, #2102, #7644, #4469 ) ) ;
#5164 = LINE ( 'NONE', #6411, #4850 ) ;
#5165 = CARTESIAN_POINT ( 'NONE',  ( -6.500000000000129674, 11.25833024919761982, -0.5999999999999999778 ) ) ;
#5166 = AXIS2_PLACEMENT_3D ( 'NONE', #6498, #6932, #1559 ) ;
#5167 = EDGE_LOOP ( 'NONE', ( #7135, #3648, #4381, #5201 ) ) ;
#5168 = ORIENTED_EDGE ( 'NONE', *, *, #4200, .T. ) ;
#5169 = DIRECTION ( 'NONE',  ( 0.000000000000000000, 0.000000000000000000, -1.000000000000000000 ) ) ;
#5170 = FACE_OUTER_BOUND ( 'NONE', #7636, .T. ) ;
#5171 = LOCAL_TIME ( 15, 19, 25.00000000000000000, #6110 ) ;
#5172 = CARTESIAN_POINT ( 'NONE',  ( 77.33561561930669370, -16.13079529294340020, -5.000000000000000000 ) ) ;
#5173 = CARTESIAN_POINT ( 'NONE',  ( 8.601666049839590045, 9.698522628062329787, 5.000000000000000000 ) ) ;
#5174 = DIRECTION ( 'NONE',  ( 0.000000000000000000, 0.000000000000000000, -1.000000000000000000 ) ) ;
#5175 = ORIENTED_EDGE ( 'NONE', *, *, #371, .F. ) ;
#5176 = EDGE_CURVE ( 'NONE', #6720, #7262, #4036, .T. ) ;
#5177 = SECURITY_CLASSIFICATION ( '', '', #145 ) ;
#5178 = LINE ( 'NONE', #3504, #2851 ) ;
#5179 = CARTESIAN_POINT ( 'NONE',  ( 14.24233132880105934, 36.84299116956509579, -5.000000000000000000 ) ) ;
#5180 = AXIS2_PLACEMENT_3D ( 'NONE', #6402, #3524, #5862 ) ;
#5181 = CARTESIAN_POINT ( 'NONE',  ( -58.20652884342099753, 42.00000000000000000, 5.000000000000000000 ) ) ;
#5182 = COORDINATED_UNIVERSAL_TIME_OFFSET ( 8, 0, .AHEAD. ) ;
#5183 = CIRCLE ( 'NONE', #5054, 4.499999999999999112 ) ;
#5184 = CONICAL_SURFACE ( 'NONE', #561, 1.600000000000004086, 0.7853981633974433940 ) ;
#5185 = VERTEX_POINT ( 'NONE', #6920 ) ;
#5186 = DIRECTION ( 'NONE',  ( 0.000000000000000000, 0.000000000000000000, 1.000000000000000000 ) ) ;
#5187 = FACE_OUTER_BOUND ( 'NONE', #6980, .T. ) ;
#5188 = LINE ( 'NONE', #7019, #5726 ) ;
#5189 = LINE ( 'NONE', #1536, #6303 ) ;
#5190 = EDGE_CURVE ( 'NONE', #6805, #1878, #2142, .T. ) ;
#5191 = DATE_TIME_ROLE ( 'classification_date' ) ;
#5192 = LINE ( 'NONE', #494, #5877 ) ;
#5193 = EDGE_CURVE ( 'NONE', #3768, #4394, #842, .T. ) ;
#5194 = DIRECTION ( 'NONE',  ( -1.000000000000000000, 0.000000000000000000, 0.000000000000000000 ) ) ;
#5195 = CARTESIAN_POINT ( 'NONE',  ( 4.098333950160519379, 12.29852262806234009, -5.000000000000000000 ) ) ;
#5196 = ORIENTED_EDGE ( 'NONE', *, *, #7275, .F. ) ;
#5197 = VERTEX_POINT ( 'NONE', #2854 ) ;
#5198 = CARTESIAN_POINT ( 'NONE',  ( 0.000000000000000000, 0.000000000000000000, 3.799999999999999822 ) ) ;
#5199 = EDGE_CURVE ( 'NONE', #4143, #4610, #7642, .T. ) ;
#5200 = CARTESIAN_POINT ( 'NONE',  ( 10.24588957259812005, -36.67431014136215595, -3.799999999999999822 ) ) ;
#5201 = ORIENTED_EDGE ( 'NONE', *, *, #3157, .T. ) ;
#5202 = DIRECTION ( 'NONE',  ( -0.5000000000000007772, 0.8660254037844381525, 0.000000000000000000 ) ) ;
#5203 = CARTESIAN_POINT ( 'NONE',  ( 0.000000000000000000, 0.000000000000000000, -5.000000000000000000 ) ) ;
#5204 = ORIENTED_EDGE ( 'NONE', *, *, #5736, .F. ) ;
#5205 = ORIENTED_EDGE ( 'NONE', *, *, #5693, .T. ) ;
#5206 = DIRECTION ( 'NONE',  ( 0.000000000000000000, 0.000000000000000000, -1.000000000000000000 ) ) ;
#5207 = LINE ( 'NONE', #7607, #402 ) ;
#5208 = EDGE_CURVE ( 'NONE', #4861, #3007, #5750, .T. ) ;
#5209 = EDGE_CURVE ( 'NONE', #2833, #1671, #4540, .T. ) ;
#5210 = EDGE_CURVE ( 'NONE', #5068, #3251, #4351, .T. ) ;
#5211 = AXIS2_PLACEMENT_3D ( 'NONE', #4136, #1074, #7655 ) ;
#5212 = LINE ( 'NONE', #3380, #2869 ) ;
#5213 = LINE ( 'NONE', #1682, #1177 ) ;
#5214 = DIRECTION ( 'NONE',  ( 0.000000000000000000, 0.000000000000000000, -1.000000000000000000 ) ) ;
#5215 = EDGE_LOOP ( 'NONE', ( #490, #1113, #5825, #1195 ) ) ;
#5216 = CARTESIAN_POINT ( 'NONE',  ( 0.000000000000000000, 0.000000000000000000, -5.000000000000000000 ) ) ;
#5217 = EDGE_CURVE ( 'NONE', #397, #7215, #5164, .T. ) ;
#5218 = CARTESIAN_POINT ( 'NONE',  ( 0.000000000000000000, 0.000000000000000000, 5.000000000000000000 ) ) ;
#5219 = VECTOR ( 'NONE', #1356, 1000.000000000000000 ) ;
#5220 = VECTOR ( 'NONE', #1058, 1000.000000000000000 ) ;
#5221 = DIRECTION ( 'NONE',  ( 1.000000000000000000, 0.000000000000000000, 0.000000000000000000 ) ) ;
#5222 = APPROVAL_STATUS ( 'not_yet_approved' ) ;
#5223 = EDGE_CURVE ( 'NONE', #7162, #3393, #7564, .T. ) ;
#5224 = ORIENTED_EDGE ( 'NONE', *, *, #2419, .F. ) ;
#5225 = DIRECTION ( 'NONE',  ( 1.000000000000000000, 0.000000000000000000, 0.000000000000000000 ) ) ;
#5226 = CARTESIAN_POINT ( 'NONE',  ( 61.72235944470150315, -49.30872483221479996, 5.000000000000000000 ) ) ;
#5227 = ORIENTED_EDGE ( 'NONE', *, *, #7660, .F. ) ;
#5228 = DIRECTION ( 'NONE',  ( 0.000000000000000000, 0.000000000000000000, 1.000000000000000000 ) ) ;
#5229 = CARTESIAN_POINT ( 'NONE',  ( 0.000000000000000000, 0.000000000000000000, -4.500000000000000000 ) ) ;
#5230 = DATE_AND_TIME ( #1573, #2796 ) ;
#5231 = CARTESIAN_POINT ( 'NONE',  ( 14.80357795871362114, -70.97255863797140307, -5.000000000000000000 ) ) ;
#5232 = VECTOR ( 'NONE', #1930, 999.9999999999998863 ) ;
#5233 = EDGE_CURVE ( 'NONE', #3967, #7393, #3999, .T. ) ;
#5234 = ORIENTED_EDGE ( 'NONE', *, *, #850, .T. ) ;
#5235 = ADVANCED_FACE ( 'NONE', ( #3453 ), #1099, .F. ) ;
#5236 = CARTESIAN_POINT ( 'NONE',  ( 0.000000000000000000, 0.000000000000000000, -5.000000000000000000 ) ) ;
#5237 = CONICAL_SURFACE ( 'NONE', #1859, 6.499999999999999112, 0.7853981633974461696 ) ;
#5238 = CARTESIAN_POINT ( 'NONE',  ( -58.20652884342099753, -46.50000000000000000, 5.000000000000000000 ) ) ;
#5239 = ORIENTED_EDGE ( 'NONE', *, *, #4166, .T. ) ;
#5240 = ORIENTED_EDGE ( 'NONE', *, *, #1741, .T. ) ;
#5241 = ADVANCED_FACE ( 'NONE', ( #3676, #1387, #6675, #2495, #6054, #1972, #689 ), #6709, .T. ) ;
#5242 = DIRECTION ( 'NONE',  ( 1.000000000000000000, 0.000000000000000000, 0.000000000000000000 ) ) ;
#5243 = DIRECTION ( 'NONE',  ( 1.000000000000000000, 0.000000000000000000, 0.000000000000000000 ) ) ;
#5244 = ORIENTED_EDGE ( 'NONE', *, *, #4077, .F. ) ;
#5245 = DIRECTION ( 'NONE',  ( 0.000000000000000000, 0.000000000000000000, -1.000000000000000000 ) ) ;
#5246 = LINE ( 'NONE', #2263, #259 ) ;
#5247 = EDGE_LOOP ( 'NONE', ( #2475, #1897, #591, #678 ) ) ;
#5248 = VERTEX_POINT ( 'NONE', #7237 ) ;
#5249 = ORIENTED_EDGE ( 'NONE', *, *, #1995, .T. ) ;
#5250 = CARTESIAN_POINT ( 'NONE',  ( 4.537564434701839566, 10.65929214352101972, -5.000000000000000000 ) ) ;
#5251 = DIRECTION ( 'NONE',  ( 0.000000000000000000, 0.000000000000000000, -1.000000000000000000 ) ) ;
#5252 = ORIENTED_EDGE ( 'NONE', *, *, #7445, .F. ) ;
#5253 = DIRECTION ( 'NONE',  ( 0.000000000000000000, 0.000000000000000000, 1.000000000000000000 ) ) ;
#5254 = CONICAL_SURFACE ( 'NONE', #1874, 78.50000000000000000, 0.7853981633974476129 ) ;
#5255 = CYLINDRICAL_SURFACE ( 'NONE', #346, 7.700000000000000178 ) ;
#5256 = ADVANCED_FACE ( 'NONE', ( #807 ), #3787, .F. ) ;
#5257 = ORIENTED_EDGE ( 'NONE', *, *, #1978, .T. ) ;
#5258 = FACE_OUTER_BOUND ( 'NONE', #404, .T. ) ;
#5259 = ORIENTED_EDGE ( 'NONE', *, *, #1046, .F. ) ;
#5260 = EDGE_CURVE ( 'NONE', #7474, #2380, #3084, .T. ) ;
#5261 = FACE_OUTER_BOUND ( 'NONE', #7293, .T. ) ;
#5262 = CARTESIAN_POINT ( 'NONE',  ( 0.000000000000000000, 0.000000000000000000, 5.000000000000000000 ) ) ;
#5263 = EDGE_CURVE ( 'NONE', #307, #5490, #3200, .T. ) ;
#5264 = COORDINATED_UNIVERSAL_TIME_OFFSET ( 8, 0, .AHEAD. ) ;
#5265 = APPLICATION_CONTEXT ( 'configuration controlled 3d designs of mechanical parts and assemblies' ) ;
#5266 = CIRCLE ( 'NONE', #4887, 35.50000000000000000 ) ;
#5267 = APPROVAL ( #1264, '未指定' ) ;
#5268 = ORIENTED_EDGE ( 'NONE', *, *, #5309, .F. ) ;
#5269 = CARTESIAN_POINT ( 'NONE',  ( 0.000000000000000000, 0.000000000000000000, -3.299999999999999822 ) ) ;
#5270 = DIRECTION ( 'NONE',  ( 0.000000000000000000, 0.000000000000000000, 1.000000000000000000 ) ) ;
#5271 = VERTEX_POINT ( 'NONE', #6744 ) ;
#5272 = CARTESIAN_POINT ( 'NONE',  ( 1.961284649213485221, 6.197044660542599281, 5.000000000000000000 ) ) ;
#5273 = FACE_OUTER_BOUND ( 'NONE', #3002, .T. ) ;
#5274 = VECTOR ( 'NONE', #7646, 1000.000000000000227 ) ;
#5275 = PERSON_AND_ORGANIZATION_ROLE ( 'creator' ) ;
#5276 = CARTESIAN_POINT ( 'NONE',  ( -16.02870165184855011, 76.84614969766559511, 3.799999999999999822 ) ) ;
#5277 = ORIENTED_EDGE ( 'NONE', *, *, #4168, .F. ) ;
#5278 = DIRECTION ( 'NONE',  ( -1.000000000000000000, 4.440892098500625176E-16, 0.000000000000000000 ) ) ;
#5279 = LINE ( 'NONE', #1665, #5311 ) ;
#5280 = VERTEX_POINT ( 'NONE', #1899 ) ;
#5281 = VERTEX_POINT ( 'NONE', #4955 ) ;
#5282 = DIRECTION ( 'NONE',  ( 1.000000000000000000, 0.000000000000000000, 0.000000000000000000 ) ) ;
#5283 = DIRECTION ( 'NONE',  ( 0.000000000000000000, 0.000000000000000000, 1.000000000000000000 ) ) ;
#5284 = ORIENTED_EDGE ( 'NONE', *, *, #2871, .F. ) ;
#5285 = PLANE ( 'NONE',  #2719 ) ;
#5286 = ORIENTED_EDGE ( 'NONE', *, *, #4840, .F. ) ;
#5287 = EDGE_LOOP ( 'NONE', ( #295, #2388, #4323, #5175 ) ) ;
#5288 = CIRCLE ( 'NONE', #7288, 35.50000000000000000 ) ;
#5289 = ORIENTED_EDGE ( 'NONE', *, *, #7492, .F. ) ;
#5290 = FACE_OUTER_BOUND ( 'NONE', #6273, .T. ) ;
#5291 = LINE ( 'NONE', #1019, #7531 ) ;
#5292 = CONICAL_SURFACE ( 'NONE', #2913, 78.50000000000000000, 0.7853981633974476129 ) ;
#5293 = VECTOR ( 'NONE', #3332, 1000.000000000000000 ) ;
#5294 = VECTOR ( 'NONE', #1879, 1000.000000000000114 ) ;
#5295 = CARTESIAN_POINT ( 'NONE',  ( 28.96379781475134862, -1.448591090061330133, -3.799999999999999822 ) ) ;
#5296 = CARTESIAN_POINT ( 'NONE',  ( -14.80357795871362114, -70.97255863797140307, 4.500000000000000000 ) ) ;
#5297 = CARTESIAN_POINT ( 'NONE',  ( -84.40000000000000568, 0.000000000000000000, -4.500000000000000000 ) ) ;
#5298 = VERTEX_POINT ( 'NONE', #5469 ) ;
#5299 = DIRECTION ( 'NONE',  ( 0.000000000000000000, 0.7071067811865474617, 0.7071067811865474617 ) ) ;
#5300 = ORIENTED_EDGE ( 'NONE', *, *, #3521, .T. ) ;
#5301 = CARTESIAN_POINT ( 'NONE',  ( 28.92386557844574924, 2.100000000000195044, 5.000000000000000000 ) ) ;
#5302 = CC_DESIGN_APPROVAL ( #4599, ( #5552 ) ) ;
#5303 = CARTESIAN_POINT ( 'NONE',  ( 0.000000000000000000, 0.000000000000000000, -0.5999999999999999778 ) ) ;
#5304 = PERSON_AND_ORGANIZATION ( #2664, #7165 ) ;
#5305 = EDGE_CURVE ( 'NONE', #7073, #7659, #6637, .T. ) ;
#5306 = ORGANIZATION ( 'NAUO-ORG3', 'UNSPECIFIED', 'UNSPECIFIED' ) ;
#5307 = ORIENTED_EDGE ( 'NONE', *, *, #5328, .T. ) ;
#5308 = FACE_OUTER_BOUND ( 'NONE', #6381, .T. ) ;
#5309 = EDGE_CURVE ( 'NONE', #2309, #5154, #5475, .T. ) ;
#5310 = CARTESIAN_POINT ( 'NONE',  ( 0.000000000000000000, 0.000000000000000000, 5.000000000000000000 ) ) ;
#5311 = VECTOR ( 'NONE', #4154, 1000.000000000000000 ) ;
#5312 = ORIENTED_EDGE ( 'NONE', *, *, #2884, .F. ) ;
#5313 = DIRECTION ( 'NONE',  ( 1.000000000000000000, 5.329070518200751394E-15, 0.000000000000000000 ) ) ;
#5314 = CARTESIAN_POINT ( 'NONE',  ( -8.808915324408838288, -70.71953709566709279, 3.799999999999999822 ) ) ;
#5315 = AXIS2_PLACEMENT_3D ( 'NONE', #7633, #3363, #2809 ) ;
#5316 = PERSON_AND_ORGANIZATION ( #2664, #7165 ) ;
#5317 = DIRECTION ( 'NONE',  ( 0.000000000000000000, 0.000000000000000000, 1.000000000000000000 ) ) ;
#5318 = VECTOR ( 'NONE', #1476, 1000.000000000000000 ) ;
#5319 = EDGE_CURVE ( 'NONE', #6104, #4654, #4881, .T. ) ;
#5320 = EDGE_LOOP ( 'NONE', ( #3764, #1604, #697, #5826 ) ) ;
#5321 = CIRCLE ( 'NONE', #1932, 4.000000000000000000 ) ;
#5322 = LINE ( 'NONE', #499, #4315 ) ;
#5323 = DIRECTION ( 'NONE',  ( 1.000000000000000000, 0.000000000000000000, 0.000000000000000000 ) ) ;
#5324 = EDGE_LOOP ( 'NONE', ( #1918, #3614, #4432, #6223 ) ) ;
#5325 = ADVANCED_FACE ( 'NONE', ( #6087 ), #724, .F. ) ;
#5326 = CARTESIAN_POINT ( 'NONE',  ( -14.80357795871362114, -70.97255863797140307, 4.500000000000000000 ) ) ;
#5327 = VECTOR ( 'NONE', #4962, 1000.000000000000000 ) ;
#5328 = EDGE_CURVE ( 'NONE', #1087, #2116, #1710, .T. ) ;
#5329 = DIRECTION ( 'NONE',  ( 0.000000000000000000, 0.000000000000000000, 1.000000000000000000 ) ) ;
#5330 = ORIENTED_EDGE ( 'NONE', *, *, #1241, .F. ) ;
#5331 = CARTESIAN_POINT ( 'NONE',  ( -79.00000000000000000, 0.000000000000000000, -3.299999999999999822 ) ) ;
#5332 = EDGE_LOOP ( 'NONE', ( #1810, #950, #360, #479 ) ) ;
#5333 = ORIENTED_EDGE ( 'NONE', *, *, #7606, .T. ) ;
#5334 = CARTESIAN_POINT ( 'NONE',  ( 14.24233132880105934, 36.84299116956509579, -0.5999999999999999778 ) ) ;
#5335 = CARTESIAN_POINT ( 'NONE',  ( 29.20453601124035004, -0.4780010011199599673, 3.799999999999999822 ) ) ;
#5336 = CARTESIAN_POINT ( 'NONE',  ( -16.02991648673969749, -23.56462979611924879, 0.5999999999999999778 ) ) ;
#5337 = DIRECTION ( 'NONE',  ( -1.000000000000000000, 0.000000000000000000, 0.000000000000000000 ) ) ;
#5338 = ADVANCED_FACE ( 'NONE', ( #2456 ), #549, .T. ) ;
#5339 = CARTESIAN_POINT ( 'NONE',  ( -12.69999999999999929, 2.600000000000000089, 5.000000000000000000 ) ) ;
#5340 = ORIENTED_EDGE ( 'NONE', *, *, #1025, .F. ) ;
#5341 = CARTESIAN_POINT ( 'NONE',  ( 0.000000000000000000, 0.000000000000000000, -3.299999999999999822 ) ) ;
#5342 = EDGE_LOOP ( 'NONE', ( #4544, #1834, #303, #2811 ) ) ;
#5343 = CYLINDRICAL_SURFACE ( 'NONE', #3349, 4.000000000000000000 ) ;
#5344 = LINE ( 'NONE', #5961, #899 ) ;
#5345 = DATE_AND_TIME ( #4138, #2023 ) ;
#5346 = EDGE_LOOP ( 'NONE', ( #4704, #1942, #5122, #4580 ) ) ;
#5347 = DIRECTION ( 'NONE',  ( 1.000000000000000000, 0.000000000000000000, 0.000000000000000000 ) ) ;
#5348 = DIRECTION ( 'NONE',  ( 0.000000000000000000, 0.000000000000000000, -1.000000000000000000 ) ) ;
#5349 = EDGE_LOOP ( 'NONE', ( #3574, #2614, #7593, #2482 ) ) ;
#5350 = DIRECTION ( 'NONE',  ( 0.000000000000000000, 0.000000000000000000, -1.000000000000000000 ) ) ;
#5351 = DIRECTION ( 'NONE',  ( 0.04217025705071829333, -0.9991104390507968835, 0.000000000000000000 ) ) ;
#5352 = CIRCLE ( 'NONE', #595, 29.00000000000000000 ) ;
#5353 = FACE_OUTER_BOUND ( 'NONE', #2312, .T. ) ;
#5354 = LINE ( 'NONE', #7197, #3892 ) ;
#5355 = B_SPLINE_CURVE_WITH_KNOTS ( 'NONE', 2,
 ( #1346, #98, #6739 ),
 .UNSPECIFIED., .F., .F.,
 ( 3, 3 ),
 ( 0.000000000000000000, 0.9871637959192589573 ),
 .UNSPECIFIED. ) ;
#5356 = CIRCLE ( 'NONE', #4969, 6.000000000000000000 ) ;
#5357 = ORIENTED_EDGE ( 'NONE', *, *, #3303, .T. ) ;
#5358 = AXIS2_PLACEMENT_3D ( 'NONE', #4512, #2709, #4589 ) ;
#5359 = FACE_BOUND ( 'NONE', #508, .T. ) ;
#5360 = EDGE_CURVE ( 'NONE', #2558, #266, #2940, .T. ) ;
#5361 = CARTESIAN_POINT ( 'NONE',  ( -4.681346652052820190, 12.30833024919764007, 0.5999999999999999778 ) ) ;
#5362 = ORIENTED_EDGE ( 'NONE', *, *, #7106, .F. ) ;
#5363 = ADVANCED_FACE ( 'NONE', ( #1864 ), #3123, .T. ) ;
#5364 = AXIS2_PLACEMENT_3D ( 'NONE', #446, #2837, #2921 ) ;
#5365 = CC_DESIGN_PERSON_AND_ORGANIZATION_ASSIGNMENT ( #4057, #6469, ( #4195 ) ) ;
#5366 = PRODUCT ( '零件4', '零件4', '', ( #3430 ) ) ;
#5367 = DIRECTION ( 'NONE',  ( -1.000000000000000000, 0.000000000000000000, 0.000000000000000000 ) ) ;
#5368 = VERTEX_POINT ( 'NONE', #1352 ) ;
#5369 = CARTESIAN_POINT ( 'NONE',  ( -7.247758274114829646, -2.600000000000000089, -0.5999999999999999778 ) ) ;
#5370 = ORIENTED_EDGE ( 'NONE', *, *, #2862, .F. ) ;
#5371 = ORIENTED_EDGE ( 'NONE', *, *, #3206, .F. ) ;
#5372 = FACE_OUTER_BOUND ( 'NONE', #1234, .T. ) ;
#5373 = CYLINDRICAL_SURFACE ( 'NONE', #3669, 3.999999999999996447 ) ;
#5374 = VECTOR ( 'NONE', #3743, 1000.000000000000000 ) ;
#5375 = LINE ( 'NONE', #1189, #1982 ) ;
#5376 = CARTESIAN_POINT ( 'NONE',  ( 8.601666049839590045, 9.698522628062329787, 30.80087640576605068 ) ) ;
#5377 = CARTESIAN_POINT ( 'NONE',  ( 0.000000000000000000, 0.000000000000000000, 5.000000000000000000 ) ) ;
#5378 = PERSON ( 'NAUO-PER4', 'UNSPECIFIED', 'UNSPECIFIED', ('UNSPECIFIED'), ('UNSPECIFIED'), ('UNSPECIFIED') ) ;
#5379 = ORIENTED_EDGE ( 'NONE', *, *, #3705, .T. ) ;
#5380 = LINE ( 'NONE', #6544, #6722 ) ;
#5381 = EDGE_LOOP ( 'NONE', ( #986, #3759, #7318, #3657 ) ) ;
#5382 = EDGE_CURVE ( 'NONE', #158, #873, #6213, .T. ) ;
#5383 = DIRECTION ( 'NONE',  ( 1.000000000000000000, 6.716849298982200225E-15, 0.000000000000000000 ) ) ;
#5384 = CARTESIAN_POINT ( 'NONE',  ( -58.20652884342099753, -42.50000000000000000, 4.500000000000000000 ) ) ;
#5385 = PERSON_AND_ORGANIZATION_ROLE ( 'creator' ) ;
#5386 = CONICAL_SURFACE ( 'NONE', #2504, 6.499999999999999112, 0.7853981633974391752 ) ;
#5387 = ORIENTED_EDGE ( 'NONE', *, *, #7752, .F. ) ;
#5388 = LINE ( 'NONE', #6079, #2045 ) ;
#5389 = FACE_OUTER_BOUND ( 'NONE', #6719, .T. ) ;
#5390 = EDGE_LOOP ( 'NONE', ( #5416, #4365, #2951, #6770 ) ) ;
#5391 = DIRECTION ( 'NONE',  ( 0.000000000000000000, 0.000000000000000000, -1.000000000000000000 ) ) ;
#5392 = CARTESIAN_POINT ( 'NONE',  ( 0.000000000000000000, 0.000000000000000000, 3.799999999999999822 ) ) ;
#5393 = EDGE_CURVE ( 'NONE', #1954, #5397, #5719, .T. ) ;
#5394 = CIRCLE ( 'NONE', #4634, 4.000000000000000000 ) ;
#5395 = LINE ( 'NONE', #1933, #1018 ) ;
#5396 = CARTESIAN_POINT ( 'NONE',  ( 1.445510378061952112E-14, -2.100000000000000089, 0.5999999999999999778 ) ) ;
#5397 = VERTEX_POINT ( 'NONE', #2167 ) ;
#5398 = VECTOR ( 'NONE', #7570, 1000.000000000000000 ) ;
#5399 = LINE ( 'NONE', #76, #6056 ) ;
#5400 = ORIENTED_EDGE ( 'NONE', *, *, #3479, .F. ) ;
#5401 = EDGE_CURVE ( 'NONE', #2464, #1200, #5734, .T. ) ;
#5402 = LINE ( 'NONE', #694, #1219 ) ;
#5403 = VERTEX_POINT ( 'NONE', #4453 ) ;
#5404 = EDGE_CURVE ( 'NONE', #4960, #5185, #6090, .T. ) ;
#5405 = DIRECTION ( 'NONE',  ( 0.000000000000000000, 0.000000000000000000, -1.000000000000000000 ) ) ;
#5406 = ORIENTED_EDGE ( 'NONE', *, *, #1583, .T. ) ;
#5407 = ORIENTED_EDGE ( 'NONE', *, *, #2460, .F. ) ;
#5408 = CARTESIAN_POINT ( 'NONE',  ( 28.42252627758484707, -2.099999999999804690, 5.000000000000000000 ) ) ;
#5409 = CIRCLE ( 'NONE', #5533, 3.999999999999996447 ) ;
#5410 = DIRECTION ( 'NONE',  ( -8.500145032286349714E-14, 1.000000000000000000, 0.000000000000000000 ) ) ;
#5411 = EDGE_CURVE ( 'NONE', #6338, #2016, #7095, .T. ) ;
#5412 = CIRCLE ( 'NONE', #4669, 4.499999999999997335 ) ;
#5413 = CARTESIAN_POINT ( 'NONE',  ( 1.818653347947305043, 1.050000000000018030, -0.5999999999999999778 ) ) ;
#5414 = DIRECTION ( 'NONE',  ( -1.000000000000000000, 0.000000000000000000, 0.000000000000000000 ) ) ;
#5415 = ORIENTED_EDGE ( 'NONE', *, *, #7445, .T. ) ;
#5416 = ORIENTED_EDGE ( 'NONE', *, *, #7639, .F. ) ;
#5417 = VECTOR ( 'NONE', #3757, 1000.000000000000000 ) ;
#5418 = CARTESIAN_POINT ( 'NONE',  ( 6.962435565298259910, 9.259292143521010487, 30.80087640576605068 ) ) ;
#5419 = FACE_OUTER_BOUND ( 'NONE', #141, .T. ) ;
#5420 = DATE_TIME_ROLE ( 'creation_date' ) ;
#5421 = CIRCLE ( 'NONE', #915, 5.999999999999998224 ) ;
#5422 = AXIS2_PLACEMENT_3D ( 'NONE', #2041, #5540, #758 ) ;
#5423 = EDGE_CURVE ( 'NONE', #6442, #6564, #3981, .T. ) ;
#5424 = EDGE_LOOP ( 'NONE', ( #7322, #1336, #3132, #1131 ) ) ;
#5425 = CARTESIAN_POINT ( 'NONE',  ( 0.000000000000000000, 0.000000000000000000, 3.299999999999999822 ) ) ;
#5426 = DIRECTION ( 'NONE',  ( 1.000000000000000000, 0.000000000000000000, 0.000000000000000000 ) ) ;
#5427 = ORIENTED_EDGE ( 'NONE', *, *, #3361, .T. ) ;
#5428 = SECURITY_CLASSIFICATION ( '', '', #7580 ) ;
#5429 = DIRECTION ( 'NONE',  ( 1.000000000000000000, 0.000000000000000000, 0.000000000000000000 ) ) ;
#5430 = DIRECTION ( 'NONE',  ( -1.000000000000000000, 0.000000000000000000, 0.000000000000000000 ) ) ;
#5431 = AXIS2_PLACEMENT_3D ( 'NONE', #5061, #869, #5647 ) ;
#5432 = CARTESIAN_POINT ( 'NONE',  ( 0.000000000000000000, 0.000000000000000000, 3.799999999999999822 ) ) ;
#5433 = CARTESIAN_POINT ( 'NONE',  ( 9.838288441828840547, -46.33131897179710279, 5.000000000000000000 ) ) ;
#5434 = SECURITY_CLASSIFICATION ( '', '', #7314 ) ;
#5435 = ORIENTED_EDGE ( 'NONE', *, *, #2042, .T. ) ;
#5436 = DIRECTION ( 'NONE',  ( 1.000000000000000000, 0.000000000000000000, 0.000000000000000000 ) ) ;
#5437 = DIRECTION ( 'NONE',  ( -1.000000000000000000, 7.771561172376090853E-16, 0.000000000000000000 ) ) ;
#5438 = VECTOR ( 'NONE', #6864, 999.9999999999998863 ) ;
#5439 = EDGE_CURVE ( 'NONE', #1878, #956, #4483, .T. ) ;
#5440 = AXIS2_PLACEMENT_3D ( 'NONE', #7480, #5635, #2063 ) ;
#5441 = DIRECTION ( 'NONE',  ( 0.000000000000000000, 0.000000000000000000, -1.000000000000000000 ) ) ;
#5442 = AXIS2_PLACEMENT_3D ( 'NONE', #2880, #2126, #6392 ) ;
#5443 = CARTESIAN_POINT ( 'NONE',  ( 14.80357795871312021, 70.97255863797150255, -0.5999999999999999778 ) ) ;
#5444 = EDGE_LOOP ( 'NONE', ( #2890, #974, #5686, #2853 ) ) ;
#5445 = CYLINDRICAL_SURFACE ( 'NONE', #1284, 6.000000000000000000 ) ;
#5446 = ORIENTED_EDGE ( 'NONE', *, *, #2884, .T. ) ;
#5447 = VERTEX_POINT ( 'NONE', #6276 ) ;
#5448 = DIRECTION ( 'NONE',  ( 0.000000000000000000, 0.000000000000000000, 1.000000000000000000 ) ) ;
#5449 = CARTESIAN_POINT ( 'NONE',  ( -4.681346652052649659, -12.30833024919770047, -0.5999999999999999778 ) ) ;
#5450 = CARTESIAN_POINT ( 'NONE',  ( 0.000000000000000000, 0.000000000000000000, -3.799999999999999822 ) ) ;
#5451 = EDGE_LOOP ( 'NONE', ( #5831, #7338, #2105, #4980 ) ) ;
#5452 = ORIENTED_EDGE ( 'NONE', *, *, #5529, .F. ) ;
#5453 = DIRECTION ( 'NONE',  ( 0.000000000000000000, 0.000000000000000000, -1.000000000000000000 ) ) ;
#5454 = EDGE_CURVE ( 'NONE', #4068, #4504, #6945, .T. ) ;
#5455 = ADVANCED_FACE ( 'NONE', ( #4565 ), #3872, .F. ) ;
#5456 = CARTESIAN_POINT ( 'NONE',  ( -0.4969064900064978918, -11.77285831576796049, -3.799999999999999822 ) ) ;
#5457 = DATE_TIME_ROLE ( 'classification_date' ) ;
#5458 = VERTEX_POINT ( 'NONE', #880 ) ;
#5459 = FACE_BOUND ( 'NONE', #4092, .T. ) ;
#5460 = EDGE_CURVE ( 'NONE', #5534, #7351, #6317, .T. ) ;
#5461 = CARTESIAN_POINT ( 'NONE',  ( 0.000000000000000000, 0.000000000000000000, -5.000000000000000000 ) ) ;
#5462 = ORIENTED_EDGE ( 'NONE', *, *, #496, .F. ) ;
#5463 = CARTESIAN_POINT ( 'NONE',  ( 58.20652884342099753, 46.50000000000000000, 5.000000000000000000 ) ) ;
#5464 = DIRECTION ( 'NONE',  ( 0.000000000000000000, 0.000000000000000000, -1.000000000000000000 ) ) ;
#5465 = CARTESIAN_POINT ( 'NONE',  ( -13.83473019803201964, -46.50000000000000000, 5.000000000000000000 ) ) ;
#5466 = DIRECTION ( 'NONE',  ( 0.000000000000000000, 0.000000000000000000, -1.000000000000000000 ) ) ;
#5467 = ORIENTED_EDGE ( 'NONE', *, *, #5612, .T. ) ;
#5468 = AXIS2_PLACEMENT_3D ( 'NONE', #3466, #7180, #2260 ) ;
#5469 = CARTESIAN_POINT ( 'NONE',  ( 1.372213087217910132, 7.576742785872299990, 0.5999999999999999778 ) ) ;
#5470 = CARTESIAN_POINT ( 'NONE',  ( 6.349999999999999645, 10.99852262806233938, 0.5999999999999999778 ) ) ;
#5471 = APPROVAL_ROLE ( '' ) ;
#5472 = EDGE_CURVE ( 'NONE', #956, #7365, #6599, .T. ) ;
#5473 = AXIS2_PLACEMENT_3D ( 'NONE', #6751, #4378, #2574 ) ;
#5474 = DIRECTION ( 'NONE',  ( 0.000000000000000000, 0.000000000000000000, 1.000000000000000000 ) ) ;
#5475 = CIRCLE ( 'NONE', #7229, 4.000000000000001776 ) ;
#5476 = EDGE_CURVE ( 'NONE', #5784, #5154, #7427, .T. ) ;
#5477 = CIRCLE ( 'NONE', #5358, 65.00000000000000000 ) ;
#5478 = DIRECTION ( 'NONE',  ( 0.000000000000000000, 0.000000000000000000, -1.000000000000000000 ) ) ;
#5479 = ORIENTED_EDGE ( 'NONE', *, *, #2862, .T. ) ;
#5480 = AXIS2_PLACEMENT_3D ( 'NONE', #4768, #6558, #3434 ) ;
#5481 = CARTESIAN_POINT ( 'NONE',  ( 4.098333950160519379, 12.29852262806234009, 30.80087640576605068 ) ) ;
#5482 = ORIENTED_EDGE ( 'NONE', *, *, #2966, .F. ) ;
#5483 = ORIENTED_EDGE ( 'NONE', *, *, #6795, .F. ) ;
#5484 = EDGE_CURVE ( 'NONE', #4865, #5298, #2686, .T. ) ;
#5485 = DIRECTION ( 'NONE',  ( 1.000000000000000000, 0.000000000000000000, 0.000000000000000000 ) ) ;
#5486 = CIRCLE ( 'NONE', #4363, 6.000000000000005329 ) ;
#5487 = EDGE_LOOP ( 'NONE', ( #3505, #1123, #5716, #2510 ) ) ;
#5488 = CYLINDRICAL_SURFACE ( 'NONE', #169, 5.999999999999998224 ) ;
#5489 = CARTESIAN_POINT ( 'NONE',  ( 28.99685864425680037, -0.4268357588007369863, -3.799999999999999822 ) ) ;
#5490 = VERTEX_POINT ( 'NONE', #6863 ) ;
#5491 = ORIENTED_EDGE ( 'NONE', *, *, #5809, .F. ) ;
#5492 = DIRECTION ( 'NONE',  ( -1.000000000000000000, 0.000000000000000000, 0.000000000000000000 ) ) ;
#5493 = VECTOR ( 'NONE', #2332, 1000.000000000000000 ) ;
#5494 = DIRECTION ( 'NONE',  ( -1.000000000000000000, 0.000000000000000000, 0.000000000000000000 ) ) ;
#5495 = DATE_AND_TIME ( #4286, #4055 ) ;
#5496 = ADVANCED_FACE ( 'NONE', ( #1461 ), #2758, .F. ) ;
#5497 = VERTEX_POINT ( 'NONE', #2641 ) ;
#5498 = ADVANCED_FACE ( 'NONE', ( #1497 ), #6243, .F. ) ;
#5499 = FACE_OUTER_BOUND ( 'NONE', #1375, .T. ) ;
#5500 = PLANE ( 'NONE',  #5617 ) ;
#5501 = VERTEX_POINT ( 'NONE', #6787 ) ;
#5502 = FACE_OUTER_BOUND ( 'NONE', #7128, .T. ) ;
#5503 = CARTESIAN_POINT ( 'NONE',  ( -65.00000000000000000, 0.000000000000000000, 3.299999999999999822 ) ) ;
#5504 = ADVANCED_FACE ( 'NONE', ( #3830 ), #4738, .F. ) ;
#5505 = DIRECTION ( 'NONE',  ( -1.000000000000000000, 3.885780586188044933E-16, 0.000000000000000000 ) ) ;
#5506 = CIRCLE ( 'NONE', #631, 4.000000000000003553 ) ;
#5507 = CC_DESIGN_PERSON_AND_ORGANIZATION_ASSIGNMENT ( #2366, #6552, ( #5746 ) ) ;
#5508 = VERTEX_POINT ( 'NONE', #5032 ) ;
#5509 = DIRECTION ( 'NONE',  ( 0.5000000000000012212, -0.8660254037844380415, 0.000000000000000000 ) ) ;
#5510 = FACE_BOUND ( 'NONE', #2367, .T. ) ;
#5511 = AXIS2_PLACEMENT_3D ( 'NONE', #7624, #489, #2877 ) ;
#5512 = CALENDAR_DATE ( 2026, 9, 8 ) ;
#5513 = APPLICATION_PROTOCOL_DEFINITION ( 'international standard', 'config_control_design', 1994, #5265 ) ;
#5514 = CIRCLE ( 'NONE', #7130, 1.600000000000004086 ) ;
#5515 = LINE ( 'NONE', #657, #5589 ) ;
#5516 = VERTEX_POINT ( 'NONE', #843 ) ;
#5517 = FACE_OUTER_BOUND ( 'NONE', #3447, .T. ) ;
#5518 = EDGE_LOOP ( 'NONE', ( #5244, #4329, #4090, #3237 ) ) ;
#5519 = ORIENTED_EDGE ( 'NONE', *, *, #1314, .F. ) ;
#5520 = AXIS2_PLACEMENT_3D ( 'NONE', #7486, #5129, #3262 ) ;
#5521 = CARTESIAN_POINT ( 'NONE',  ( -16.02870165184855011, -76.84614969766559511, -0.5999999999999999778 ) ) ;
#5522 = CIRCLE ( 'NONE', #1508, 5.999999999999998224 ) ;
#5523 = EDGE_LOOP ( 'NONE', ( #6072, #1250, #4247, #5957 ) ) ;
#5524 = CARTESIAN_POINT ( 'NONE',  ( 0.000000000000000000, 0.000000000000000000, -3.799999999999999822 ) ) ;
#5525 = LINE ( 'NONE', #160, #2315 ) ;
#5526 = ORIENTED_EDGE ( 'NONE', *, *, #7432, .T. ) ;
#5527 = CIRCLE ( 'NONE', #7153, 1.600000000000004086 ) ;
#5528 = VERTEX_POINT ( 'NONE', #2049 ) ;
#5529 = EDGE_CURVE ( 'NONE', #312, #1226, #5659, .T. ) ;
#5530 = CARTESIAN_POINT ( 'NONE',  ( -14.80357795871362114, -70.97255863797140307, -3.799999999999999822 ) ) ;
#5531 = FACE_OUTER_BOUND ( 'NONE', #1522, .T. ) ;
#5532 = CALENDAR_DATE ( 2026, 9, 8 ) ;
#5533 = AXIS2_PLACEMENT_3D ( 'NONE', #1886, #3073, #6076 ) ;
#5534 = VERTEX_POINT ( 'NONE', #3321 ) ;
#5535 = CARTESIAN_POINT ( 'NONE',  ( 0.000000000000000000, 0.000000000000000000, -3.799999999999999822 ) ) ;
#5536 = DIRECTION ( 'NONE',  ( 0.000000000000000000, 0.000000000000000000, 1.000000000000000000 ) ) ;
#5537 = CIRCLE ( 'NONE', #2786, 29.00000000000000000 ) ;
#5538 = EDGE_LOOP ( 'NONE', ( #5155, #1297, #2067, #1625 ) ) ;
#5539 = DIRECTION ( 'NONE',  ( 1.000000000000000000, -3.885780586188044933E-16, 0.000000000000000000 ) ) ;
#5540 = DIRECTION ( 'NONE',  ( 0.8660254037844380415, -0.5000000000000012212, 0.000000000000000000 ) ) ;
#5541 = VECTOR ( 'NONE', #6214, 1000.000000000000000 ) ;
#5542 = FACE_OUTER_BOUND ( 'NONE', #7641, .T. ) ;
#5543 = EDGE_CURVE ( 'NONE', #467, #5845, #4601, .T. ) ;
#5544 = CIRCLE ( 'NONE', #2156, 35.50000000000000000 ) ;
#5545 = EDGE_CURVE ( 'NONE', #4960, #7568, #3473, .T. ) ;
#5546 = AXIS2_PLACEMENT_3D ( 'NONE', #4612, #5118, #1582 ) ;
#5547 = VERTEX_POINT ( 'NONE', #1652 ) ;
#5548 = VECTOR ( 'NONE', #5086, 1000.000000000000000 ) ;
#5549 = CARTESIAN_POINT ( 'NONE',  ( 0.000000000000000000, 0.000000000000000000, 5.000000000000000000 ) ) ;
#5550 = CARTESIAN_POINT ( 'NONE',  ( 12.80006992841635949, -33.11205535492555185, -3.799999999999999822 ) ) ;
#5551 = DIRECTION ( 'NONE',  ( 0.000000000000000000, 0.000000000000000000, 1.000000000000000000 ) ) ;
#5552 = PRODUCT_DEFINITION_FORMATION_WITH_SPECIFIED_SOURCE ( '任何', '', #5119, .NOT_KNOWN. ) ;
#5553 = EDGE_CURVE ( 'NONE', #7120, #1543, #613, .T. ) ;
#5554 = EDGE_CURVE ( 'NONE', #3035, #7449, #1107, .T. ) ;
#5555 = ORGANIZATION ( 'NAUO-ORG2', 'UNSPECIFIED', 'UNSPECIFIED' ) ;
#5556 = PLANE ( 'NONE',  #5473 ) ;
#5557 = VERTEX_POINT ( 'NONE', #5891 ) ;
#5558 = EDGE_CURVE ( 'NONE', #24, #397, #6717, .T. ) ;
#5559 = AXIS2_PLACEMENT_3D ( 'NONE', #5238, #541, #5323 ) ;
#5560 = DIRECTION ( 'NONE',  ( 0.000000000000000000, 0.000000000000000000, -1.000000000000000000 ) ) ;
#5561 = ORIENTED_EDGE ( 'NONE', *, *, #3014, .T. ) ;
#5562 = EDGE_LOOP ( 'NONE', ( #5754, #6448, #6234, #4543 ) ) ;
#5563 = AXIS2_PLACEMENT_3D ( 'NONE', #619, #1900, #3604 ) ;
#5564 = DIRECTION ( 'NONE',  ( 0.000000000000000000, 0.000000000000000000, 1.000000000000000000 ) ) ;
#5565 = ADVANCED_FACE ( 'NONE', ( #4144 ), #4190, .T. ) ;
#5566 = VERTEX_POINT ( 'NONE', #7063 ) ;
#5567 = CARTESIAN_POINT ( 'NONE',  ( 0.000000000000000000, 0.000000000000000000, 5.000000000000000000 ) ) ;
#5568 = VERTEX_POINT ( 'NONE', #5818 ) ;
#5569 = DIRECTION ( 'NONE',  ( 0.000000000000000000, 0.000000000000000000, 1.000000000000000000 ) ) ;
#5570 = DIRECTION ( 'NONE',  ( 0.000000000000000000, 0.000000000000000000, 1.000000000000000000 ) ) ;
#5571 = ORIENTED_EDGE ( 'NONE', *, *, #503, .F. ) ;
#5572 = EDGE_LOOP ( 'NONE', ( #1015, #155, #5482, #3625 ) ) ;
#5573 = DIRECTION ( 'NONE',  ( 0.000000000000000000, 0.000000000000000000, -1.000000000000000000 ) ) ;
#5574 = DIRECTION ( 'NONE',  ( 0.000000000000000000, 0.000000000000000000, 1.000000000000000000 ) ) ;
#5575 = EDGE_CURVE ( 'NONE', #4421, #2942, #5188, .T. ) ;
#5576 = ORIENTED_EDGE ( 'NONE', *, *, #6777, .T. ) ;
#5577 = DIRECTION ( 'NONE',  ( 1.000000000000000000, -4.440892098500625176E-16, 0.000000000000000000 ) ) ;
#5578 = CARTESIAN_POINT ( 'NONE',  ( -70.97255863797140307, 14.80357795871386095, -3.799999999999999822 ) ) ;
#5579 = ORIENTED_EDGE ( 'NONE', *, *, #2859, .T. ) ;
#5580 = LINE ( 'NONE', #6857, #7621 ) ;
#5581 = DIRECTION ( 'NONE',  ( 0.000000000000000000, 0.000000000000000000, -1.000000000000000000 ) ) ;
#5582 = LINE ( 'NONE', #177, #7658 ) ;
#5583 = ORIENTED_EDGE ( 'NONE', *, *, #5592, .T. ) ;
#5584 = FACE_OUTER_BOUND ( 'NONE', #3441, .T. ) ;
#5585 = DIRECTION ( 'NONE',  ( 1.000000000000000000, 0.000000000000000000, 0.000000000000000000 ) ) ;
#5586 = DIRECTION ( 'NONE',  ( 0.000000000000000000, 0.000000000000000000, -1.000000000000000000 ) ) ;
#5587 = FACE_BOUND ( 'NONE', #636, .T. ) ;
#5588 =( NAMED_UNIT ( * ) SI_UNIT ( $, .STERADIAN. ) SOLID_ANGLE_UNIT ( ) );
#5589 = VECTOR ( 'NONE', #587, 1000.000000000000000 ) ;
#5590 = DIRECTION ( 'NONE',  ( 1.000000000000000000, 0.000000000000000000, 0.000000000000000000 ) ) ;
#5591 = ORIENTED_EDGE ( 'NONE', *, *, #2220, .F. ) ;
#5592 = EDGE_CURVE ( 'NONE', #5996, #130, #7146, .T. ) ;
#5593 = DIRECTION ( 'NONE',  ( 0.4999999999999995004, 0.8660254037844390407, 0.000000000000000000 ) ) ;
#5594 = ORIENTED_EDGE ( 'NONE', *, *, #524, .F. ) ;
#5595 = EDGE_LOOP ( 'NONE', ( #6140, #1445, #4675, #6033 ) ) ;
#5596 = AXIS2_PLACEMENT_3D ( 'NONE', #2057, #3797, #7510 ) ;
#5597 = CARTESIAN_POINT ( 'NONE',  ( 12.74414409577097906, 1.527858637266509945, 20.52733730540035140 ) ) ;
#5598 = CC_DESIGN_PERSON_AND_ORGANIZATION_ASSIGNMENT ( #1772, #4327, ( #3324 ) ) ;
#5599 = AXIS2_PLACEMENT_3D ( 'NONE', #3749, #764, #3160 ) ;
#5600 = DIRECTION ( 'NONE',  ( 0.000000000000000000, 0.000000000000000000, 1.000000000000000000 ) ) ;
#5601 = CARTESIAN_POINT ( 'NONE',  ( -16.11347499756365309, -23.70935738227115408, -4.666662734709449367 ) ) ;
#5602 = DIRECTION ( 'NONE',  ( 0.000000000000000000, 0.000000000000000000, -1.000000000000000000 ) ) ;
#5603 = ORIENTED_EDGE ( 'NONE', *, *, #4989, .T. ) ;
#5604 = VERTEX_POINT ( 'NONE', #4728 ) ;
#5605 = CARTESIAN_POINT ( 'NONE',  ( -12.64327944127550118, -26.09880236658035102, 5.000000000000000000 ) ) ;
#5606 = AXIS2_PLACEMENT_3D ( 'NONE', #717, #2562, #5429 ) ;
#5607 = LINE ( 'NONE', #867, #6650 ) ;
#5608 = ORIENTED_EDGE ( 'NONE', *, *, #4033, .F. ) ;
#5609 = CYLINDRICAL_SURFACE ( 'NONE', #5431, 29.00000000000000000 ) ;
#5610 = VECTOR ( 'NONE', #3906, 1000.000000000000000 ) ;
#5611 = DIRECTION ( 'NONE',  ( 0.000000000000000000, 0.000000000000000000, -1.000000000000000000 ) ) ;
#5612 = EDGE_CURVE ( 'NONE', #6461, #6803, #1778, .T. ) ;
#5613 = EDGE_LOOP ( 'NONE', ( #826, #436, #5406, #3222 ) ) ;
#5614 = DIRECTION ( 'NONE',  ( -1.000000000000000000, 0.000000000000000000, 0.000000000000000000 ) ) ;
#5615 = LINE ( 'NONE', #3116, #1789 ) ;
#5616 = LINE ( 'NONE', #7341, #4525 ) ;
#5617 = AXIS2_PLACEMENT_3D ( 'NONE', #133, #3229, #5611 ) ;
#5618 = EDGE_LOOP ( 'NONE', ( #7735, #1368, #2700, #2613 ) ) ;
#5619 = DIRECTION ( 'NONE',  ( -0.7064777666070842788, 0.02981887472494551203, 0.7071067811865503483 ) ) ;
#5620 = CARTESIAN_POINT ( 'NONE',  ( 14.80357795871362114, 70.97255863797140307, 0.5999999999999999778 ) ) ;
#5621 = FACE_OUTER_BOUND ( 'NONE', #1450, .T. ) ;
#5622 = CONTEXT_DEPENDENT_SHAPE_REPRESENTATION ( #6453, #2773 ) ;
#5623 = FACE_BOUND ( 'NONE', #4826, .T. ) ;
#5624 = APPLICATION_PROTOCOL_DEFINITION ( 'international standard', 'config_control_design', 1994, #3571 ) ;
#5625 = AXIS2_PLACEMENT_3D ( 'NONE', #7109, #6051, #5972 ) ;
#5626 = CARTESIAN_POINT ( 'NONE',  ( 14.80357795871362114, -70.97255863797140307, 5.000000000000000000 ) ) ;
#5627 = ORIENTED_EDGE ( 'NONE', *, *, #7541, .F. ) ;
#5628 = CARTESIAN_POINT ( 'NONE',  ( -8.309360104883470655, -70.69845196714169333, -5.000000000000000000 ) ) ;
#5629 = EDGE_LOOP ( 'NONE', ( #7310, #2874, #2575, #5921 ) ) ;
#5630 = ORIENTED_EDGE ( 'NONE', *, *, #4449, .T. ) ;
#5631 = CIRCLE ( 'NONE', #7384, 28.50000000000000000 ) ;
#5632 = CARTESIAN_POINT ( 'NONE',  ( 13.83473019803201964, 46.50000000000000000, 4.499999999999944933 ) ) ;
#5633 = EDGE_CURVE ( 'NONE', #6856, #3069, #971, .T. ) ;
#5634 = EDGE_CURVE ( 'NONE', #6912, #4461, #1124, .T. ) ;
#5635 = DIRECTION ( 'NONE',  ( 0.000000000000000000, 0.000000000000000000, 1.000000000000000000 ) ) ;
#5636 = ORIENTED_EDGE ( 'NONE', *, *, #4518, .T. ) ;
#5637 = DIRECTION ( 'NONE',  ( 0.000000000000000000, 0.000000000000000000, 1.000000000000000000 ) ) ;
#5638 = AXIS2_PLACEMENT_3D ( 'NONE', #5682, #2666, #3852 ) ;
#5639 = FACE_OUTER_BOUND ( 'NONE', #2203, .T. ) ;
#5640 = ORIENTED_EDGE ( 'NONE', *, *, #5472, .F. ) ;
#5641 = ORIENTED_EDGE ( 'NONE', *, *, #5543, .T. ) ;
#5642 = CARTESIAN_POINT ( 'NONE',  ( 8.309360104882898668, 70.69845196714180702, -5.000000000000000000 ) ) ;
#5643 = CARTESIAN_POINT ( 'NONE',  ( 28.42252627758479733, 2.100000000000195044, -0.5999999999999999778 ) ) ;
#5644 = ADVANCED_FACE ( 'NONE', ( #6391 ), #1036, .T. ) ;
#5645 = EDGE_LOOP ( 'NONE', ( #2438, #2868, #5840, #6420 ) ) ;
#5646 = VECTOR ( 'NONE', #1273, 1000.000000000000114 ) ;
#5647 = DIRECTION ( 'NONE',  ( -1.000000000000000000, 0.000000000000000000, 0.000000000000000000 ) ) ;
#5648 = CARTESIAN_POINT ( 'NONE',  ( -76.97255863797140307, 14.80357795871386095, -4.500000000000000000 ) ) ;
#5649 = UNCERTAINTY_MEASURE_WITH_UNIT (LENGTH_MEASURE( 1.000000000000000082E-05 ), #7387, 'distance_accuracy_value', 'NONE');
#5650 = VERTEX_POINT ( 'NONE', #3558 ) ;
#5651 = CYLINDRICAL_SURFACE ( 'NONE', #7110, 4.000000000000000000 ) ;
#5652 = PLANE ( 'NONE',  #7552 ) ;
#5653 = CARTESIAN_POINT ( 'NONE',  ( 29.20453601124035004, -0.4780010011199599673, -3.799999999999999822 ) ) ;
#5654 = AXIS2_PLACEMENT_3D ( 'NONE', #1956, #748, #5092 ) ;
#5655 = EDGE_CURVE ( 'NONE', #5650, #7120, #4243, .T. ) ;
#5656 = EDGE_LOOP ( 'NONE', ( #288, #206, #933, #3915 ) ) ;
#5657 = DIRECTION ( 'NONE',  ( 1.000000000000000000, 0.000000000000000000, 0.000000000000000000 ) ) ;
#5658 = CIRCLE ( 'NONE', #1780, 6.000000000000005329 ) ;
#5659 = LINE ( 'NONE', #297, #3987 ) ;
#5660 = DIRECTION ( 'NONE',  ( 0.9991104390507971056, 0.04217025705071510144, 0.000000000000000000 ) ) ;
#5661 = LINE ( 'NONE', #4240, #504 ) ;
#5662 = CIRCLE ( 'NONE', #6793, 78.50000000000000000 ) ;
#5663 = VECTOR ( 'NONE', #1333, 1000.000000000000000 ) ;
#5664 = EDGE_CURVE ( 'NONE', #6509, #4793, #2848, .T. ) ;
#5665 = CARTESIAN_POINT ( 'NONE',  ( 10.36068798139367964, 33.95447164295455167, -4.499999999999944933 ) ) ;
#5666 = EDGE_LOOP ( 'NONE', ( #2147, #5116, #6635, #652 ) ) ;
#5667 = LINE ( 'NONE', #341, #6689 ) ;
#5668 = ORIENTED_EDGE ( 'NONE', *, *, #5633, .F. ) ;
#5669 = CC_DESIGN_APPROVAL ( #3071, ( #7233 ) ) ;
#5670 = VERTEX_POINT ( 'NONE', #574 ) ;
#5671 = AXIS2_PLACEMENT_3D ( 'NONE', #4220, #2445, #3631 ) ;
#5672 = DIRECTION ( 'NONE',  ( 0.000000000000000000, 0.000000000000000000, -1.000000000000000000 ) ) ;
#5673 = LOCAL_TIME ( 15, 19, 25.00000000000000000, #2010 ) ;
#5674 = CIRCLE ( 'NONE', #3570, 28.50000000000000000 ) ;
#5675 = CARTESIAN_POINT ( 'NONE',  ( -82.79999999999999716, 0.000000000000000000, 4.499999999999954703 ) ) ;
#5676 = VERTEX_POINT ( 'NONE', #4101 ) ;
#5677 = LINE ( 'NONE', #3219, #2923 ) ;
#5678 = DIRECTION ( 'NONE',  ( 0.000000000000000000, 0.000000000000000000, 1.000000000000000000 ) ) ;
#5679 = ORIENTED_EDGE ( 'NONE', *, *, #3103, .F. ) ;
#5680 = EDGE_LOOP ( 'NONE', ( #7045, #7221, #3230, #57 ) ) ;
#5681 = VECTOR ( 'NONE', #5941, 1000.000000000000000 ) ;
#5682 = CARTESIAN_POINT ( 'NONE',  ( 0.000000000000000000, 0.000000000000000000, -5.000000000000000000 ) ) ;
#5683 = CARTESIAN_POINT ( 'NONE',  ( 58.20652884342099753, 42.50000000000000000, 3.799999999999999822 ) ) ;
#5684 = VECTOR ( 'NONE', #2802, 1000.000000000000000 ) ;
#5685 = AXIS2_PLACEMENT_3D ( 'NONE', #532, #7227, #4145 ) ;
#5686 = ORIENTED_EDGE ( 'NONE', *, *, #966, .F. ) ;
#5687 = CARTESIAN_POINT ( 'NONE',  ( 14.24233132880105934, 36.84299116956509579, -3.799999999999999822 ) ) ;
#5688 = LINE ( 'NONE', #5762, #3483 ) ;
#5689 = EDGE_CURVE ( 'NONE', #2550, #6002, #722, .T. ) ;
#5690 = VERTEX_POINT ( 'NONE', #7626 ) ;
#5691 = CARTESIAN_POINT ( 'NONE',  ( 58.20652884342099753, 42.50000000000000000, 4.499999999999944933 ) ) ;
#5692 = CARTESIAN_POINT ( 'NONE',  ( 0.000000000000000000, 0.000000000000000000, 4.500000000000000000 ) ) ;
#5693 = EDGE_CURVE ( 'NONE', #3247, #4121, #854, .T. ) ;
#5694 = EDGE_CURVE ( 'NONE', #1170, #4210, #1082, .T. ) ;
#5695 = DIRECTION ( 'NONE',  ( 0.000000000000000000, 0.000000000000000000, 1.000000000000000000 ) ) ;
#5696 = VECTOR ( 'NONE', #6804, 1000.000000000000000 ) ;
#5697 = EDGE_CURVE ( 'NONE', #4531, #643, #2985, .T. ) ;
#5698 = ORIENTED_EDGE ( 'NONE', *, *, #3827, .F. ) ;
#5699 = CARTESIAN_POINT ( 'NONE',  ( -70.71953709566709279, 8.808915324409079872, -3.799999999999999822 ) ) ;
#5700 = DIRECTION ( 'NONE',  ( 0.000000000000000000, 0.000000000000000000, -1.000000000000000000 ) ) ;
#5701 = DIRECTION ( 'NONE',  ( 1.000000000000000000, 0.000000000000000000, 0.000000000000000000 ) ) ;
#5702 = DIRECTION ( 'NONE',  ( 0.000000000000000000, 0.000000000000000000, -1.000000000000000000 ) ) ;
#5703 = DIRECTION ( 'NONE',  ( 0.5000000000000011102, 0.8660254037844379305, 0.000000000000000000 ) ) ;
#5704 = ORIENTED_EDGE ( 'NONE', *, *, #3388, .F. ) ;
#5705 = CARTESIAN_POINT ( 'NONE',  ( 13.83473019803201964, 42.50000000000000000, 3.799999999999999822 ) ) ;
#5706 = EDGE_LOOP ( 'NONE', ( #4672, #3979, #509, #7535, #6433, #6451, #701 ) ) ;
#5707 = ORIENTED_EDGE ( 'NONE', *, *, #1094, .F. ) ;
#5708 = CARTESIAN_POINT ( 'NONE',  ( 0.000000000000000000, 0.000000000000000000, 3.799999999999999822 ) ) ;
#5709 = AXIS2_PLACEMENT_3D ( 'NONE', #5846, #4721, #4093 ) ;
#5710 = DIRECTION ( 'NONE',  ( 0.7071067811865460184, 0.000000000000000000, 0.7071067811865489050 ) ) ;
#5711 = EDGE_CURVE ( 'NONE', #6686, #6856, #227, .T. ) ;
#5712 = ORIENTED_EDGE ( 'NONE', *, *, #3838, .F. ) ;
#5713 = PLANE ( 'NONE',  #2842 ) ;
#5714 = DIRECTION ( 'NONE',  ( -1.000000000000000000, 0.000000000000000000, 0.000000000000000000 ) ) ;
#5715 = VERTEX_POINT ( 'NONE', #3040 ) ;
#5716 = ORIENTED_EDGE ( 'NONE', *, *, #5460, .F. ) ;
#5717 = CARTESIAN_POINT ( 'NONE',  ( -12.80006992841635949, 33.11205535492555185, -4.500000000000000000 ) ) ;
#5718 = CARTESIAN_POINT ( 'NONE',  ( 14.80357795871362114, -70.97255863797140307, -0.5999999999999999778 ) ) ;
#5719 = CIRCLE ( 'NONE', #969, 88.50000000000000000 ) ;
#5720 = EDGE_LOOP ( 'NONE', ( #6068, #193, #6296, #6831 ) ) ;
#5721 = LINE ( 'NONE', #5021, #3680 ) ;
#5722 = LINE ( 'NONE', #359, #1969 ) ;
#5723 = VERTEX_POINT ( 'NONE', #6155 ) ;
#5724 = CARTESIAN_POINT ( 'NONE',  ( 10.36068798139367964, 33.95447164295455167, -0.5999999999999999778 ) ) ;
#5725 = DIRECTION ( 'NONE',  ( 0.000000000000000000, 0.000000000000000000, -1.000000000000000000 ) ) ;
#5726 = VECTOR ( 'NONE', #7708, 1000.000000000000114 ) ;
#5727 = CARTESIAN_POINT ( 'NONE',  ( -12.39260979084540004, 25.66462979611909745, -4.500000000000000000 ) ) ;
#5728 = EDGE_CURVE ( 'NONE', #5280, #3095, #5355, .T. ) ;
#5729 = VECTOR ( 'NONE', #6164, 1000.000000000000000 ) ;
#5730 = ORIENTED_EDGE ( 'NONE', *, *, #3448, .T. ) ;
#5731 = DIRECTION ( 'NONE',  ( 0.000000000000000000, 0.000000000000000000, 1.000000000000000000 ) ) ;
#5732 = ADVANCED_FACE ( 'NONE', ( #5502 ), #3745, .T. ) ;
#5733 = FACE_OUTER_BOUND ( 'NONE', #4727, .T. ) ;
#5734 = LINE ( 'NONE', #997, #1711 ) ;
#5735 = CARTESIAN_POINT ( 'NONE',  ( 29.20453601124035004, -0.4780010011199599673, 3.799999999999999822 ) ) ;
#5736 = EDGE_CURVE ( 'NONE', #5197, #315, #6046, .T. ) ;
#5737 = DIRECTION ( 'NONE',  ( 0.000000000000000000, 0.000000000000000000, -1.000000000000000000 ) ) ;
#5738 = AXIS2_PLACEMENT_3D ( 'NONE', #5578, #2037, #7302 ) ;
#5739 = FACE_OUTER_BOUND ( 'NONE', #1495, .T. ) ;
#5740 = VECTOR ( 'NONE', #7573, 1000.000000000000000 ) ;
#5741 = FACE_OUTER_BOUND ( 'NONE', #451, .T. ) ;
#5742 = ORIENTED_EDGE ( 'NONE', *, *, #2212, .F. ) ;
#5743 = ORIENTED_EDGE ( 'NONE', *, *, #337, .T. ) ;
#5744 = CC_DESIGN_DATE_AND_TIME_ASSIGNMENT ( #3398, #3517, ( #1915 ) ) ;
#5745 = CARTESIAN_POINT ( 'NONE',  ( 0.000000000000000000, 0.000000000000000000, 5.000000000000000000 ) ) ;
#5746 = PRODUCT ( 'smt_tray_012.STEP', 'smt_tray_012.STEP', '', ( #1816 ) ) ;
#5747 = ADVANCED_FACE ( 'NONE', ( #4951 ), #1232, .F. ) ;
#5748 = LINE ( 'NONE', #5200, #1576 ) ;
#5749 = ORIENTED_EDGE ( 'NONE', *, *, #3843, .F. ) ;
#5750 = LINE ( 'NONE', #4082, #6714 ) ;
#5751 = DIRECTION ( 'NONE',  ( 0.8660254037844382635, 0.5000000000000008882, 0.000000000000000000 ) ) ;
#5752 = EDGE_LOOP ( 'NONE', ( #786, #5753, #4918, #5379, #6754, #538, #2330 ) ) ;
#5753 = ORIENTED_EDGE ( 'NONE', *, *, #6049, .T. ) ;
#5754 = ORIENTED_EDGE ( 'NONE', *, *, #3781, .T. ) ;
#5755 = CIRCLE ( 'NONE', #2886, 3.999999999999996447 ) ;
#5756 = CIRCLE ( 'NONE', #622, 28.50000000000000000 ) ;
#5757 = LINE ( 'NONE', #3302, #4151 ) ;
#5758 = CARTESIAN_POINT ( 'NONE',  ( 6.962435565298249251, -9.259292143521021146, 5.000000000000000000 ) ) ;
#5759 = AXIS2_PLACEMENT_3D ( 'NONE', #5418, #59, #6075 ) ;
#5760 = CARTESIAN_POINT ( 'NONE',  ( -14.80357795871362114, -70.97255863797140307, 0.5999999999999999778 ) ) ;
#5761 = LINE ( 'NONE', #2904, #7678 ) ;
#5762 = CARTESIAN_POINT ( 'NONE',  ( -36.67431014136210621, -10.24588957259823907, -4.500000000000000000 ) ) ;
#5763 = EDGE_CURVE ( 'NONE', #4210, #1709, #1584, .T. ) ;
#5764 = ORIENTED_EDGE ( 'NONE', *, *, #5529, .T. ) ;
#5765 = CARTESIAN_POINT ( 'NONE',  ( -14.80357795871362114, -70.97255863797140307, 5.000000000000000000 ) ) ;
#5766 = DIRECTION ( 'NONE',  ( 0.000000000000000000, 0.000000000000000000, 1.000000000000000000 ) ) ;
#5767 = DIRECTION ( 'NONE',  ( 1.000000000000000000, 0.000000000000000000, 0.000000000000000000 ) ) ;
#5768 = APPROVAL_ROLE ( '' ) ;
#5769 = VECTOR ( 'NONE', #137, 1000.000000000000000 ) ;
#5770 = EDGE_LOOP ( 'NONE', ( #3810, #3405, #3184, #7211 ) ) ;
#5771 = CARTESIAN_POINT ( 'NONE',  ( -32.64568837809559909, 12.61978725336839879, -5.000000000000000000 ) ) ;
#5772 = CARTESIAN_POINT ( 'NONE',  ( -16.28058613717015035, -23.99880236658034960, -5.000000000000000000 ) ) ;
#5773 = DIRECTION ( 'NONE',  ( 1.000000000000000000, 0.000000000000000000, 0.000000000000000000 ) ) ;
#5774 = LINE ( 'NONE', #2248, #4319 ) ;
#5775 = VECTOR ( 'NONE', #902, 1000.000000000000000 ) ;
#5776 = MECHANICAL_CONTEXT ( 'NONE', #5109, 'mechanical' ) ;
#5777 = CARTESIAN_POINT ( 'NONE',  ( 9.746334353072761303, -36.65322501283679912, -5.000000000000000000 ) ) ;
#5778 = ADVANCED_FACE ( 'NONE', ( #7339 ), #1821, .F. ) ;
#5779 = AXIS2_PLACEMENT_3D ( 'NONE', #6097, #194, #739 ) ;
#5780 = DIRECTION ( 'NONE',  ( 1.000000000000000000, 0.000000000000000000, 0.000000000000000000 ) ) ;
#5781 = AXIS2_PLACEMENT_3D ( 'NONE', #3902, #6270, #589 ) ;
#5782 = LINE ( 'NONE', #7719, #317 ) ;
#5783 = ORIENTED_EDGE ( 'NONE', *, *, #966, .T. ) ;
#5784 = VERTEX_POINT ( 'NONE', #175 ) ;
#5785 = EDGE_CURVE ( 'NONE', #307, #5368, #3115, .T. ) ;
#5786 = ADVANCED_FACE ( 'NONE', ( #3779 ), #1965, .F. ) ;
#5787 = AXIS2_PLACEMENT_3D ( 'NONE', #2697, #3407, #7477 ) ;
#5788 = FACE_OUTER_BOUND ( 'NONE', #4513, .T. ) ;
#5789 = CONICAL_SURFACE ( 'NONE', #2541, 29.00000000000000000, 0.7853981633974547183 ) ;
#5790 = AXIS2_PLACEMENT_3D ( 'NONE', #3041, #6007, #614 ) ;
#5791 = ADVANCED_FACE ( 'NONE', ( #135 ), #2221, .F. ) ;
#5792 = PRODUCT_DEFINITION_FORMATION_WITH_SPECIFIED_SOURCE ( '任何', '', #3324, .NOT_KNOWN. ) ;
#5793 = CARTESIAN_POINT ( 'NONE',  ( -13.83473019803201964, 42.50000000000000000, 4.500000000000000000 ) ) ;
#5794 = ORIENTED_EDGE ( 'NONE', *, *, #555, .F. ) ;
#5795 = DIRECTION ( 'NONE',  ( 1.000000000000000000, 0.000000000000000000, 0.000000000000000000 ) ) ;
#5796 = DIRECTION ( 'NONE',  ( -1.000000000000000000, 0.000000000000000000, 0.000000000000000000 ) ) ;
#5797 = CIRCLE ( 'NONE', #2669, 4.000000000000000000 ) ;
#5798 = ORIENTED_EDGE ( 'NONE', *, *, #759, .F. ) ;
#5799 = ORIENTED_EDGE ( 'NONE', *, *, #4772, .T. ) ;
#5800 = DIRECTION ( 'NONE',  ( 0.000000000000000000, 0.000000000000000000, -1.000000000000000000 ) ) ;
#5801 = EDGE_CURVE ( 'NONE', #2116, #4550, #3866, .T. ) ;
#5802 = CARTESIAN_POINT ( 'NONE',  ( 4.386155779809839395, -4.797044660542650441, 5.000000000000000000 ) ) ;
#5803 = VERTEX_POINT ( 'NONE', #2409 ) ;
#5804 = CIRCLE ( 'NONE', #926, 29.00000000000000000 ) ;
#5805 = DIRECTION ( 'NONE',  ( 0.000000000000000000, 0.000000000000000000, 1.000000000000000000 ) ) ;
#5806 = CARTESIAN_POINT ( 'NONE',  ( 0.000000000000000000, 0.000000000000000000, -4.500000000000000000 ) ) ;
#5807 = ORIENTED_EDGE ( 'NONE', *, *, #949, .T. ) ;
#5808 = CARTESIAN_POINT ( 'NONE',  ( -58.20652884342099753, -46.50000000000000000, 5.000000000000000000 ) ) ;
#5809 = EDGE_CURVE ( 'NONE', #4465, #7449, #1893, .T. ) ;
#5810 = LINE ( 'NONE', #3428, #1149 ) ;
#5811 = CALENDAR_DATE ( 2026, 9, 8 ) ;
#5812 = VECTOR ( 'NONE', #7020, 1000.000000000000000 ) ;
#5813 = ADVANCED_FACE ( 'NONE', ( #69 ), #473, .F. ) ;
#5814 = VECTOR ( 'NONE', #1406, 1000.000000000000000 ) ;
#5815 = ORIENTED_EDGE ( 'NONE', *, *, #5233, .T. ) ;
#5816 = CARTESIAN_POINT ( 'NONE',  ( -16.28058613717015035, -23.99880236658034960, 5.000000000000000000 ) ) ;
#5817 = DIRECTION ( 'NONE',  ( 0.000000000000000000, 0.000000000000000000, -1.000000000000000000 ) ) ;
#5818 = CARTESIAN_POINT ( 'NONE',  ( -82.79999999999999716, 0.000000000000000000, 4.499999999999954703 ) ) ;
#5819 = LINE ( 'NONE', #447, #5812 ) ;
#5820 = CALENDAR_DATE ( 2026, 9, 8 ) ;
#5821 = FACE_OUTER_BOUND ( 'NONE', #5247, .T. ) ;
#5822 = ORIENTED_EDGE ( 'NONE', *, *, #278, .F. ) ;
#5823 = PLANE ( 'NONE',  #6925 ) ;
#5824 = CYLINDRICAL_SURFACE ( 'NONE', #6312, 1.600000000000004086 ) ;
#5825 = ORIENTED_EDGE ( 'NONE', *, *, #1823, .F. ) ;
#5826 = ORIENTED_EDGE ( 'NONE', *, *, #1106, .F. ) ;
#5827 = CARTESIAN_POINT ( 'NONE',  ( 8.601666049839581163, -9.698522628062329787, 5.000000000000000000 ) ) ;
#5828 = ADVANCED_FACE ( 'NONE', ( #2449 ), #6630, .T. ) ;
#5829 = EDGE_CURVE ( 'NONE', #5368, #2703, #1311, .T. ) ;
#5830 = CARTESIAN_POINT ( 'NONE',  ( 13.83473019803201964, 42.50000000000000000, 4.499999999999944933 ) ) ;
#5831 = ORIENTED_EDGE ( 'NONE', *, *, #7179, .T. ) ;
#5832 = DIRECTION ( 'NONE',  ( 0.000000000000000000, 0.000000000000000000, 1.000000000000000000 ) ) ;
#5833 = PLANE ( 'NONE',  #3826 ) ;
#5834 = ORIENTED_EDGE ( 'NONE', *, *, #7417, .F. ) ;
#5835 = ORIENTED_EDGE ( 'NONE', *, *, #339, .T. ) ;
#5836 = DIRECTION ( 'NONE',  ( 0.000000000000000000, 0.000000000000000000, -1.000000000000000000 ) ) ;
#5837 = DIRECTION ( 'NONE',  ( -1.000000000000000000, 0.000000000000000000, 0.000000000000000000 ) ) ;
#5838 = CC_DESIGN_PERSON_AND_ORGANIZATION_ASSIGNMENT ( #7011, #5849, ( #4195 ) ) ;
#5839 = AXIS2_PLACEMENT_3D ( 'NONE', #7640, #7037, #6447 ) ;
#5840 = ORIENTED_EDGE ( 'NONE', *, *, #6117, .T. ) ;
#5841 = CARTESIAN_POINT ( 'NONE',  ( 14.80357795871362114, -70.97255863797140307, 4.500000000000000000 ) ) ;
#5842 = DIRECTION ( 'NONE',  ( 1.000000000000000000, 0.000000000000000000, 0.000000000000000000 ) ) ;
#5843 = ORIENTED_EDGE ( 'NONE', *, *, #3388, .T. ) ;
#5844 = CARTESIAN_POINT ( 'NONE',  ( -11.50000000000000000, 1.399999999999999911, 5.000000000000000000 ) ) ;
#5845 = VERTEX_POINT ( 'NONE', #1235 ) ;
#5846 = CARTESIAN_POINT ( 'NONE',  ( 0.000000000000000000, 0.000000000000000000, 5.000000000000000000 ) ) ;
#5847 = VECTOR ( 'NONE', #5700, 1000.000000000000000 ) ;
#5848 = DIRECTION ( 'NONE',  ( 0.000000000000000000, 0.000000000000000000, -1.000000000000000000 ) ) ;
#5849 = PERSON_AND_ORGANIZATION_ROLE ( 'creator' ) ;
#5850 = ORIENTED_EDGE ( 'NONE', *, *, #7606, .F. ) ;
#5851 = DIRECTION ( 'NONE',  ( 0.000000000000000000, 0.000000000000000000, 1.000000000000000000 ) ) ;
#5852 = AXIS2_PLACEMENT_3D ( 'NONE', #3907, #1428, #6199 ) ;
#5853 = DIRECTION ( 'NONE',  ( 0.000000000000000000, 0.000000000000000000, -1.000000000000000000 ) ) ;
#5854 = ORIENTED_EDGE ( 'NONE', *, *, #4697, .F. ) ;
#5855 = CARTESIAN_POINT ( 'NONE',  ( -82.29999999999999716, 2.571758278209465130E-16, -5.000000000000000000 ) ) ;
#5856 = PLANE ( 'NONE',  #4816 ) ;
#5857 = CALENDAR_DATE ( 2026, 9, 8 ) ;
#5858 = DIRECTION ( 'NONE',  ( 1.000000000000000000, 2.562053133750361611E-14, 0.000000000000000000 ) ) ;
#5859 = CIRCLE ( 'NONE', #4741, 3.999999999999996447 ) ;
#5860 = ORIENTED_EDGE ( 'NONE', *, *, #893, .F. ) ;
#5861 = DIRECTION ( 'NONE',  ( 1.000000000000000000, 0.000000000000000000, 0.000000000000000000 ) ) ;
#5862 = DIRECTION ( 'NONE',  ( -1.000000000000000000, 0.000000000000000000, 0.000000000000000000 ) ) ;
#5863 = VERTEX_POINT ( 'NONE', #210 ) ;
#5864 = ORIENTED_EDGE ( 'NONE', *, *, #2716, .T. ) ;
#5865 = CARTESIAN_POINT ( 'NONE',  ( -8.309360104883470655, -70.69845196714169333, -5.000000000000000000 ) ) ;
#5866 = ORIENTED_EDGE ( 'NONE', *, *, #1389, .T. ) ;
#5867 = CARTESIAN_POINT ( 'NONE',  ( -16.02991648673999947, 23.56462979611904984, 0.5999999999999999778 ) ) ;
#5868 = EDGE_LOOP ( 'NONE', ( #428, #6800, #2227, #273 ) ) ;
#5869 = ORIENTED_EDGE ( 'NONE', *, *, #2158, .F. ) ;
#5870 = EDGE_LOOP ( 'NONE', ( #658, #5400, #5085, #4501 ) ) ;
#5871 = FACE_OUTER_BOUND ( 'NONE', #2611, .T. ) ;
#5872 = EDGE_CURVE ( 'NONE', #7362, #6619, #6893, .T. ) ;
#5873 = DIRECTION ( 'NONE',  ( 0.000000000000000000, 0.000000000000000000, 1.000000000000000000 ) ) ;
#5874 = ADVANCED_FACE ( 'NONE', ( #7494 ), #4115, .F. ) ;
#5875 = ORIENTED_EDGE ( 'NONE', *, *, #2769, .F. ) ;
#5876 = DIRECTION ( 'NONE',  ( -1.000000000000000000, 0.000000000000000000, 0.000000000000000000 ) ) ;
#5877 = VECTOR ( 'NONE', #1001, 1000.000000000000000 ) ;
#5878 = CARTESIAN_POINT ( 'NONE',  ( -16.13079529294310177, -77.33561561930680739, -5.000000000000000000 ) ) ;
#5879 = ORIENTED_EDGE ( 'NONE', *, *, #555, .T. ) ;
#5880 = FACE_OUTER_BOUND ( 'NONE', #5215, .T. ) ;
#5881 = ORIENTED_EDGE ( 'NONE', *, *, #6832, .F. ) ;
#5882 = CARTESIAN_POINT ( 'NONE',  ( 1.445510378061952112E-14, -2.100000000000000089, -0.5999999999999999778 ) ) ;
#5883 = ADVANCED_FACE ( 'NONE', ( #251 ), #3973, .F. ) ;
#5884 = CARTESIAN_POINT ( 'NONE',  ( 10.24588957259785893, 36.67431014136219858, -5.000000000000000000 ) ) ;
#5885 = APPROVAL_ROLE ( '' ) ;
#5886 = ORIENTED_EDGE ( 'NONE', *, *, #2180, .T. ) ;
#5887 = DIRECTION ( 'NONE',  ( -0.000000000000000000, -0.000000000000000000, -1.000000000000000000 ) ) ;
#5888 = EDGE_CURVE ( 'NONE', #7215, #4911, #2634, .T. ) ;
#5889 = CARTESIAN_POINT ( 'NONE',  ( 0.000000000000000000, 0.000000000000000000, -4.499999999999944933 ) ) ;
#5890 = ORIENTED_EDGE ( 'NONE', *, *, #6211, .T. ) ;
#5891 = CARTESIAN_POINT ( 'NONE',  ( -61.33171160011479373, -48.99664429530200493, 4.500000000000000000 ) ) ;
#5892 = FACE_OUTER_BOUND ( 'NONE', #5342, .T. ) ;
#5893 = AXIS2_PLACEMENT_3D ( 'NONE', #7406, #2030, #4438 ) ;
#5894 = DATE_AND_TIME ( #5857, #3801 ) ;
#5895 = FACE_OUTER_BOUND ( 'NONE', #3819, .T. ) ;
#5896 = EDGE_CURVE ( 'NONE', #3905, #6922, #5025, .T. ) ;
#5897 = ORIENTED_EDGE ( 'NONE', *, *, #392, .T. ) ;
#5898 = AXIS2_PLACEMENT_3D ( 'NONE', #4258, #6085, #1857 ) ;
#5899 = FACE_OUTER_BOUND ( 'NONE', #2739, .T. ) ;
#5900 = DIRECTION ( 'NONE',  ( -1.000000000000000000, 0.000000000000000000, 0.000000000000000000 ) ) ;
#5901 = ORIENTED_EDGE ( 'NONE', *, *, #2453, .F. ) ;
#5902 = ORIENTED_EDGE ( 'NONE', *, *, #7344, .T. ) ;
#5903 = EDGE_CURVE ( 'NONE', #3530, #1552, #3823, .T. ) ;
#5904 = DIRECTION ( 'NONE',  ( 1.000000000000000000, 0.000000000000000000, 0.000000000000000000 ) ) ;
#5905 = ORIENTED_EDGE ( 'NONE', *, *, #6546, .T. ) ;
#5906 = EDGE_CURVE ( 'NONE', #1671, #6971, #5580, .T. ) ;
#5907 = CARTESIAN_POINT ( 'NONE',  ( 4.386155779809909561, 4.797044660542590933, 5.000000000000000000 ) ) ;
#5908 = CARTESIAN_POINT ( 'NONE',  ( -12.64327944127586001, 26.09880236658020181, 5.000000000000000000 ) ) ;
#5909 = ORIENTED_EDGE ( 'NONE', *, *, #6820, .T. ) ;
#5910 = AXIS2_PLACEMENT_3D ( 'NONE', #2505, #3884, #4462 ) ;
#5911 = ORIENTED_EDGE ( 'NONE', *, *, #4219, .T. ) ;
#5912 = CYLINDRICAL_SURFACE ( 'NONE', #3903, 4.000000000000000000 ) ;
#5913 = CARTESIAN_POINT ( 'NONE',  ( -61.33171160011479373, 48.99664429530200493, 4.500000000000000000 ) ) ;
#5914 = CIRCLE ( 'NONE', #7542, 5.999999999999998224 ) ;
#5915 = VECTOR ( 'NONE', #6762, 1000.000000000000000 ) ;
#5916 = DIRECTION ( 'NONE',  ( 0.000000000000000000, 0.000000000000000000, -1.000000000000000000 ) ) ;
#5917 = FACE_OUTER_BOUND ( 'NONE', #4458, .T. ) ;
#5918 = DIRECTION ( 'NONE',  ( 0.000000000000000000, 0.000000000000000000, 1.000000000000000000 ) ) ;
#5919 = ORIENTED_EDGE ( 'NONE', *, *, #6496, .T. ) ;
#5920 = CARTESIAN_POINT ( 'NONE',  ( -58.20652884342099753, -42.50000000000000000, 4.500000000000000000 ) ) ;
#5921 = ORIENTED_EDGE ( 'NONE', *, *, #7357, .T. ) ;
#5922 = DIRECTION ( 'NONE',  ( 0.000000000000000000, 0.000000000000000000, 1.000000000000000000 ) ) ;
#5923 = CC_DESIGN_APPROVAL ( #6217, ( #4302 ) ) ;
#5924 = CARTESIAN_POINT ( 'NONE',  ( 0.000000000000000000, 0.000000000000000000, 3.299999999999999822 ) ) ;
#5925 = DATE_TIME_ROLE ( 'classification_date' ) ;
#5926 = EDGE_CURVE ( 'NONE', #2943, #5281, #2860, .T. ) ;
#5927 = ORGANIZATION ( 'NAUO-ORG4', 'UNSPECIFIED', 'UNSPECIFIED' ) ;
#5928 = ORIENTED_EDGE ( 'NONE', *, *, #5736, .T. ) ;
#5929 = EDGE_CURVE ( 'NONE', #474, #4654, #5982, .T. ) ;
#5930 = DIRECTION ( 'NONE',  ( 0.000000000000000000, 0.000000000000000000, -1.000000000000000000 ) ) ;
#5931 = CARTESIAN_POINT ( 'NONE',  ( 8.808915324408838288, -70.71953709566709279, 4.500000000000000000 ) ) ;
#5932 = ORIENTED_EDGE ( 'NONE', *, *, #1888, .T. ) ;
#5933 = DIRECTION ( 'NONE',  ( 1.000000000000000000, 0.000000000000000000, 0.000000000000000000 ) ) ;
#5934 = DIRECTION ( 'NONE',  ( 0.000000000000000000, 0.000000000000000000, -1.000000000000000000 ) ) ;
#5935 = CIRCLE ( 'NONE', #3572, 4.000000000000001776 ) ;
#5936 = PERSON_AND_ORGANIZATION_ROLE ( 'classification_officer' ) ;
#5937 = AXIS2_PLACEMENT_3D ( 'NONE', #1334, #6142, #6102 ) ;
#5938 = DIRECTION ( 'NONE',  ( 0.000000000000000000, 0.000000000000000000, 1.000000000000000000 ) ) ;
#5939 = APPROVAL ( #3390, '未指定' ) ;
#5940 = VERTEX_POINT ( 'NONE', #910 ) ;
#5941 = DIRECTION ( 'NONE',  ( 0.000000000000000000, 0.000000000000000000, 1.000000000000000000 ) ) ;
#5942 = CYLINDRICAL_SURFACE ( 'NONE', #6917, 35.50000000000000000 ) ;
#5943 = VERTEX_POINT ( 'NONE', #836 ) ;
#5944 =( LENGTH_UNIT ( ) NAMED_UNIT ( * ) SI_UNIT ( .MILLI., .METRE. ) );
#5945 = CIRCLE ( 'NONE', #2570, 78.50000000000000000 ) ;
#5946 = CARTESIAN_POINT ( 'NONE',  ( -14.80357795871362114, 70.97255863797140307, 0.5999999999999999778 ) ) ;
#5947 = VERTEX_POINT ( 'NONE', #3313 ) ;
#5948 = CARTESIAN_POINT ( 'NONE',  ( 77.33561561930669370, -16.13079529294340020, -5.000000000000000000 ) ) ;
#5949 = ORIENTED_EDGE ( 'NONE', *, *, #1866, .T. ) ;
#5950 = VERTEX_POINT ( 'NONE', #5691 ) ;
#5951 = CARTESIAN_POINT ( 'NONE',  ( -36.84299116956499631, -14.24233132880143948, -5.000000000000000000 ) ) ;
#5952 = CARTESIAN_POINT ( 'NONE',  ( 1.372213087217907912, -7.576742785872299990, -5.000000000000000000 ) ) ;
#5953 = EDGE_CURVE ( 'NONE', #7351, #6919, #6480, .T. ) ;
#5954 = CARTESIAN_POINT ( 'NONE',  ( -12.64327944127550118, -26.09880236658035102, 5.000000000000000000 ) ) ;
#5955 = DIRECTION ( 'NONE',  ( 1.000000000000000000, 0.000000000000000000, 0.000000000000000000 ) ) ;
#5956 = CARTESIAN_POINT ( 'NONE',  ( 10.00000000000000000, -42.50000000000000000, 0.5999999999999999778 ) ) ;
#5957 = ORIENTED_EDGE ( 'NONE', *, *, #3876, .T. ) ;
#5958 = CARTESIAN_POINT ( 'NONE',  ( -82.79999999999999716, 0.000000000000000000, -5.000000000000000000 ) ) ;
#5959 = ORIENTED_EDGE ( 'NONE', *, *, #244, .F. ) ;
#5960 = CARTESIAN_POINT ( 'NONE',  ( -77.33561561930669370, -16.13079529294340020, -5.000000000000000000 ) ) ;
#5961 = CARTESIAN_POINT ( 'NONE',  ( 36.65322501283674939, -9.746334353072889201, -5.000000000000000000 ) ) ;
#5962 = MECHANICAL_CONTEXT ( 'NONE', #1645, 'mechanical' ) ;
#5963 = CIRCLE ( 'NONE', #1456, 88.50000000000000000 ) ;
#5964 = ORIENTED_EDGE ( 'NONE', *, *, #3283, .F. ) ;
#5965 = CARTESIAN_POINT ( 'NONE',  ( -12.39260979084540004, 25.66462979611909745, 0.5999999999999999778 ) ) ;
#5966 = FACE_OUTER_BOUND ( 'NONE', #900, .T. ) ;
#5967 = EDGE_LOOP ( 'NONE', ( #6081, #1517, #6797, #6892 ) ) ;
#5968 = DIRECTION ( 'NONE',  ( 0.000000000000000000, 0.000000000000000000, -1.000000000000000000 ) ) ;
#5969 = FACE_OUTER_BOUND ( 'NONE', #233, .T. ) ;
#5970 = CIRCLE ( 'NONE', #1341, 29.00000000000000000 ) ;
#5971 = CARTESIAN_POINT ( 'NONE',  ( 76.84614969766539616, 16.02870165184935303, -4.499999999999944933 ) ) ;
#5972 = DIRECTION ( 'NONE',  ( 1.000000000000000000, 0.000000000000000000, 0.000000000000000000 ) ) ;
#5973 = ADVANCED_FACE ( 'NONE', ( #3864 ), #5651, .F. ) ;
#5974 = EDGE_CURVE ( 'NONE', #5041, #5690, #2750, .T. ) ;
#5975 = ORIENTED_EDGE ( 'NONE', *, *, #6690, .T. ) ;
#5976 = VECTOR ( 'NONE', #396, 1000.000000000000000 ) ;
#5977 = CARTESIAN_POINT ( 'NONE',  ( 8.808915324408339131, 70.71953709566719226, -3.799999999999999822 ) ) ;
#5978 = EDGE_LOOP ( 'NONE', ( #2257, #4562 ) ) ;
#5979 = VECTOR ( 'NONE', #2247, 1000.000000000000000 ) ;
#5980 = EDGE_CURVE ( 'NONE', #4911, #564, #2729, .T. ) ;
#5981 = DIRECTION ( 'NONE',  ( 1.000000000000000000, 0.000000000000000000, 0.000000000000000000 ) ) ;
#5982 = CIRCLE ( 'NONE', #3489, 6.500000000000005329 ) ;
#5983 = CYLINDRICAL_SURFACE ( 'NONE', #2713, 3.999999999999996447 ) ;
#5984 = ORIENTED_EDGE ( 'NONE', *, *, #5022, .T. ) ;
#5985 = CC_DESIGN_PERSON_AND_ORGANIZATION_ASSIGNMENT ( #7668, #1696, ( #7172 ) ) ;
#5986 = DIRECTION ( 'NONE',  ( 1.000000000000000000, 0.000000000000000000, 0.000000000000000000 ) ) ;
#5987 = ORIENTED_EDGE ( 'NONE', *, *, #2095, .F. ) ;
#5988 = ORIENTED_EDGE ( 'NONE', *, *, #6105, .F. ) ;
#5989 = DIRECTION ( 'NONE',  ( 0.000000000000000000, 0.000000000000000000, -1.000000000000000000 ) ) ;
#5990 = CARTESIAN_POINT ( 'NONE',  ( -13.83473019803201964, 42.50000000000000000, 3.799999999999999822 ) ) ;
#5991 = EDGE_CURVE ( 'NONE', #6686, #5690, #3271, .T. ) ;
#5992 = AXIS2_PLACEMENT_3D ( 'NONE', #6233, #2560, #5536 ) ;
#5993 = DIRECTION ( 'NONE',  ( -0.7064777666070953810, 0.02981887472494751043, -0.7071067811865392461 ) ) ;
#5994 = CARTESIAN_POINT ( 'NONE',  ( 0.000000000000000000, 0.000000000000000000, -3.299999999999999822 ) ) ;
#5995 = ORIENTED_EDGE ( 'NONE', *, *, #2363, .T. ) ;
#5996 = VERTEX_POINT ( 'NONE', #4514 ) ;
#5997 = CARTESIAN_POINT ( 'NONE',  ( 28.92386557844579897, -2.099999999999804690, 5.000000000000000000 ) ) ;
#5998 = FACE_OUTER_BOUND ( 'NONE', #2717, .T. ) ;
#5999 = PERSON_AND_ORGANIZATION ( #2664, #7165 ) ;
#6001 = EDGE_CURVE ( 'NONE', #2550, #4173, #2596, .T. ) ;
#6000 = CONICAL_SURFACE ( 'NONE', #3383, 6.500000000000005329, 0.7853981633974518317 ) ;
#6002 = VERTEX_POINT ( 'NONE', #7376 ) ;
#6003 = DIRECTION ( 'NONE',  ( -0.7064777666070879425, -0.02981887472494534549, -0.7071067811865469066 ) ) ;
#6004 = DIRECTION ( 'NONE',  ( 0.000000000000000000, 0.000000000000000000, 1.000000000000000000 ) ) ;
#6005 = ORIENTED_EDGE ( 'NONE', *, *, #91, .T. ) ;
#6006 = DIRECTION ( 'NONE',  ( 0.000000000000000000, 0.000000000000000000, -1.000000000000000000 ) ) ;
#6007 = DIRECTION ( 'NONE',  ( 0.000000000000000000, 0.000000000000000000, 1.000000000000000000 ) ) ;
#6008 = VECTOR ( 'NONE', #1534, 1000.000000000000114 ) ;
#6009 = DIRECTION ( 'NONE',  ( 0.7064777666070799489, 0.02981887472494259075, 0.7071067811865550112 ) ) ;
#6010 = CARTESIAN_POINT ( 'NONE',  ( 9.746334353072429124, 36.65322501283684886, -5.000000000000000000 ) ) ;
#6011 = VERTEX_POINT ( 'NONE', #7457 ) ;
#6012 = CIRCLE ( 'NONE', #6508, 4.499999999999997335 ) ;
#6013 = CARTESIAN_POINT ( 'NONE',  ( 28.42252627758484707, -2.099999999999804690, -0.5999999999999999778 ) ) ;
#6014 = EDGE_CURVE ( 'NONE', #6367, #2863, #2077, .T. ) ;
#6015 =( NAMED_UNIT ( * ) SI_UNIT ( $, .STERADIAN. ) SOLID_ANGLE_UNIT ( ) );
#6016 = VECTOR ( 'NONE', #2599, 1000.000000000000000 ) ;
#6017 = EDGE_CURVE ( 'NONE', #5088, #4834, #6775, .T. ) ;
#6018 = CARTESIAN_POINT ( 'NONE',  ( 4.098333950160519379, 12.29852262806234009, -5.000000000000000000 ) ) ;
#6019 = ORIENTED_EDGE ( 'NONE', *, *, #6462, .T. ) ;
#6020 = EDGE_CURVE ( 'NONE', #4805, #7725, #111, .T. ) ;
#6021 = CARTESIAN_POINT ( 'NONE',  ( 14.80357795871312021, 70.97255863797150255, -0.5999999999999999778 ) ) ;
#6022 = ORIENTED_EDGE ( 'NONE', *, *, #5209, .T. ) ;
#6023 = EDGE_LOOP ( 'NONE', ( #6888, #3756, #2396, #2359 ) ) ;
#6024 = CARTESIAN_POINT ( 'NONE',  ( 58.20652884342099753, 46.50000000000000000, 4.499999999999944933 ) ) ;
#6025 = CONICAL_SURFACE ( 'NONE', #2270, 6.500000000000005329, 0.7853981633974348453 ) ;
#6026 = CARTESIAN_POINT ( 'NONE',  ( -86.00000000000000000, 1.959434878635775091E-16, -4.500000000000000000 ) ) ;
#6027 = EDGE_CURVE ( 'NONE', #6861, #7725, #438, .T. ) ;
#6028 = CIRCLE ( 'NONE', #3159, 29.50000000000000000 ) ;
#6029 = LINE ( 'NONE', #3098, #6780 ) ;
#6030 = LINE ( 'NONE', #599, #849 ) ;
#6031 = ORIENTED_EDGE ( 'NONE', *, *, #7730, .F. ) ;
#6032 = EDGE_CURVE ( 'NONE', #5534, #2300, #1599, .T. ) ;
#6033 = ORIENTED_EDGE ( 'NONE', *, *, #5156, .F. ) ;
#6034 = VECTOR ( 'NONE', #326, 1000.000000000000000 ) ;
#6035 = FACE_OUTER_BOUND ( 'NONE', #1843, .T. ) ;
#6036 = DIRECTION ( 'NONE',  ( 1.000000000000000000, 0.000000000000000000, 0.000000000000000000 ) ) ;
#6037 = COORDINATED_UNIVERSAL_TIME_OFFSET ( 8, 0, .AHEAD. ) ;
#6038 = VECTOR ( 'NONE', #2471, 1000.000000000000000 ) ;
#6039 = AXIS2_PLACEMENT_3D ( 'NONE', #1856, #2488, #7709 ) ;
#6040 = ORIENTED_EDGE ( 'NONE', *, *, #6374, .T. ) ;
#6041 = DIRECTION ( 'NONE',  ( 0.000000000000000000, 0.000000000000000000, 1.000000000000000000 ) ) ;
#6042 = CARTESIAN_POINT ( 'NONE',  ( 1.818653347947325027, -1.050000000000000044, -0.5999999999999999778 ) ) ;
#6043 = EDGE_CURVE ( 'NONE', #4083, #4206, #4010, .T. ) ;
#6044 = ORIENTED_EDGE ( 'NONE', *, *, #7179, .F. ) ;
#6045 = CC_DESIGN_APPROVAL ( #3163, ( #6400 ) ) ;
#6046 = LINE ( 'NONE', #3710, #610 ) ;
#6047 = FACE_OUTER_BOUND ( 'NONE', #1742, .T. ) ;
#6048 = AXIS2_PLACEMENT_3D ( 'NONE', #3898, #7454, #6266 ) ;
#6049 = EDGE_CURVE ( 'NONE', #2820, #2503, #4119, .T. ) ;
#6050 = CARTESIAN_POINT ( 'NONE',  ( 0.000000000000000000, 0.000000000000000000, 5.000000000000000000 ) ) ;
#6051 = DIRECTION ( 'NONE',  ( 0.000000000000000000, 0.000000000000000000, 1.000000000000000000 ) ) ;
#6052 = ORIENTED_EDGE ( 'NONE', *, *, #1616, .F. ) ;
#6053 = ADVANCED_FACE ( 'NONE', ( #2360 ), #3465, .F. ) ;
#6054 = FACE_BOUND ( 'NONE', #5978, .T. ) ;
#6055 = CARTESIAN_POINT ( 'NONE',  ( 0.000000000000000000, 0.000000000000000000, -5.000000000000000000 ) ) ;
#6056 = VECTOR ( 'NONE', #36, 999.9999999999998863 ) ;
#6057 = CALENDAR_DATE ( 2026, 9, 8 ) ;
#6058 =( NAMED_UNIT ( * ) PLANE_ANGLE_UNIT ( ) SI_UNIT ( $, .RADIAN. ) );
#6059 = CIRCLE ( 'NONE', #2688, 78.50000000000000000 ) ;
#6060 = FACE_OUTER_BOUND ( 'NONE', #7543, .T. ) ;
#6061 = ORIENTED_EDGE ( 'NONE', *, *, #1159, .T. ) ;
#6062 = CARTESIAN_POINT ( 'NONE',  ( 0.000000000000000000, 0.000000000000000000, -4.500000000000000000 ) ) ;
#6063 = ORIENTED_EDGE ( 'NONE', *, *, #7417, .T. ) ;
#6064 = EDGE_LOOP ( 'NONE', ( #3709, #929, #744, #705, #4074, #1396, #6533, #5362, #6040 ) ) ;
#6065 = CARTESIAN_POINT ( 'NONE',  ( 58.20652884342099753, 42.00000000000000000, 5.000000000000000000 ) ) ;
#6066 = EDGE_CURVE ( 'NONE', #130, #4870, #7615, .T. ) ;
#6067 = ADVANCED_FACE ( 'NONE', ( #5880 ), #5237, .F. ) ;
#6068 = ORIENTED_EDGE ( 'NONE', *, *, #4096, .T. ) ;
#6069 = ADVANCED_FACE ( 'NONE', ( #2867 ), #6228, .F. ) ;
#6070 = LINE ( 'NONE', #669, #7420 ) ;
#6071 = CARTESIAN_POINT ( 'NONE',  ( -10.24588957259812005, 36.67431014136215595, -3.799999999999999822 ) ) ;
#6072 = ORIENTED_EDGE ( 'NONE', *, *, #3444, .T. ) ;
#6073 = ORIENTED_EDGE ( 'NONE', *, *, #5906, .F. ) ;
#6074 = CC_DESIGN_PERSON_AND_ORGANIZATION_ASSIGNMENT ( #4869, #4905, ( #1296 ) ) ;
#6075 = DIRECTION ( 'NONE',  ( 0.000000000000000000, 0.000000000000000000, -1.000000000000000000 ) ) ;
#6076 = DIRECTION ( 'NONE',  ( 1.000000000000000000, 0.000000000000000000, 0.000000000000000000 ) ) ;
#6077 = APPROVAL_DATE_TIME ( #7218, #4796 ) ;
#6078 = ORIENTED_EDGE ( 'NONE', *, *, #1385, .F. ) ;
#6079 = CARTESIAN_POINT ( 'NONE',  ( -8.808915324408838288, 70.71953709566709279, 3.799999999999999822 ) ) ;
#6080 = DIRECTION ( 'NONE',  ( 0.000000000000000000, 0.000000000000000000, 1.000000000000000000 ) ) ;
#6081 = ORIENTED_EDGE ( 'NONE', *, *, #3061, .F. ) ;
#6082 = DIRECTION ( 'NONE',  ( 1.000000000000000000, 0.000000000000000000, 0.000000000000000000 ) ) ;
#6083 = DIRECTION ( 'NONE',  ( 0.9991104390507969946, -0.04217025705071830027, 0.000000000000000000 ) ) ;
#6084 = CC_DESIGN_PERSON_AND_ORGANIZATION_ASSIGNMENT ( #5316, #4065, ( #5119 ) ) ;
#6085 = DIRECTION ( 'NONE',  ( 0.000000000000000000, 0.000000000000000000, 1.000000000000000000 ) ) ;
#6086 = ORIENTED_EDGE ( 'NONE', *, *, #5060, .F. ) ;
#6087 = FACE_OUTER_BOUND ( 'NONE', #4270, .T. ) ;
#6088 = CARTESIAN_POINT ( 'NONE',  ( 4.537564434701839566, 10.65929214352101972, -5.000000000000000000 ) ) ;
#6089 = PERSON_AND_ORGANIZATION ( #7248, #4549 ) ;
#6090 = CIRCLE ( 'NONE', #1581, 35.00000000000000000 ) ;
#6091 = DIRECTION ( 'NONE',  ( -0.9991104390507971056, -0.04217025705071510144, 0.000000000000000000 ) ) ;
#6092 = EDGE_LOOP ( 'NONE', ( #3773, #5730, #794, #1335, #5257, #3337 ) ) ;
#6093 = VECTOR ( 'NONE', #4555, 1000.000000000000000 ) ;
#6094 = CARTESIAN_POINT ( 'NONE',  ( 0.000000000000000000, 0.000000000000000000, 5.000000000000000000 ) ) ;
#6095 = ORIENTED_EDGE ( 'NONE', *, *, #7203, .F. ) ;
#6096 = ORIENTED_EDGE ( 'NONE', *, *, #2916, .T. ) ;
#6097 = CARTESIAN_POINT ( 'NONE',  ( -36.84299116956495368, 14.24233132880143948, -3.799999999999999822 ) ) ;
#6098 = VECTOR ( 'NONE', #7134, 1000.000000000000000 ) ;
#6099 = ORIENTED_EDGE ( 'NONE', *, *, #7316, .F. ) ;
#6100 = ORIENTED_EDGE ( 'NONE', *, *, #3342, .F. ) ;
#6101 = CARTESIAN_POINT ( 'NONE',  ( -8.808915324408827630, 70.71953709566709279, -4.500000000000000000 ) ) ;
#6102 = DIRECTION ( 'NONE',  ( 1.000000000000000000, 0.000000000000000000, 0.000000000000000000 ) ) ;
#6103 = VERTEX_POINT ( 'NONE', #6972 ) ;
#6104 = VERTEX_POINT ( 'NONE', #4630 ) ;
#6105 = EDGE_CURVE ( 'NONE', #2947, #6720, #6342, .T. ) ;
#6106 = CARTESIAN_POINT ( 'NONE',  ( -12.80006992841635949, -33.11205535492555185, -4.500000000000000000 ) ) ;
#6107 = AXIS2_PLACEMENT_3D ( 'NONE', #572, #3594, #1733 ) ;
#6108 = LINE ( 'NONE', #5683, #6896 ) ;
#6109 = EDGE_CURVE ( 'NONE', #7282, #2437, #2794, .T. ) ;
#6110 = COORDINATED_UNIVERSAL_TIME_OFFSET ( 8, 0, .AHEAD. ) ;
#6111 = VERTEX_POINT ( 'NONE', #3543 ) ;
#6112 = CARTESIAN_POINT ( 'NONE',  ( 0.000000000000000000, 0.000000000000000000, -5.000000000000000000 ) ) ;
#6113 = DIRECTION ( 'NONE',  ( 0.000000000000000000, 0.000000000000000000, 1.000000000000000000 ) ) ;
#6114 = ORIENTED_EDGE ( 'NONE', *, *, #4219, .F. ) ;
#6115 = DIRECTION ( 'NONE',  ( 1.000000000000000000, 0.000000000000000000, 0.000000000000000000 ) ) ;
#6116 = DIRECTION ( 'NONE',  ( 0.000000000000000000, 0.000000000000000000, -1.000000000000000000 ) ) ;
#6117 = EDGE_CURVE ( 'NONE', #7279, #1709, #5178, .T. ) ;
#6118 = DIRECTION ( 'NONE',  ( 0.5000000000000007772, -0.8660254037844381525, 0.000000000000000000 ) ) ;
#6119 = AXIS2_PLACEMENT_3D ( 'NONE', #5231, #4024, #6395 ) ;
#6120 = ADVANCED_FACE ( 'NONE', ( #7577 ), #987, .F. ) ;
#6121 = ORIENTED_EDGE ( 'NONE', *, *, #321, .T. ) ;
#6122 = CARTESIAN_POINT ( 'NONE',  ( 0.000000000000000000, 0.000000000000000000, -191.8904037956214950 ) ) ;
#6123 = LINE ( 'NONE', #765, #5438 ) ;
#6124 = VECTOR ( 'NONE', #4503, 1000.000000000000227 ) ;
#6125 = VECTOR ( 'NONE', #3001, 1000.000000000000000 ) ;
#6126 = SECURITY_CLASSIFICATION_LEVEL ( 'unclassified' ) ;
#6127 = ADVANCED_FACE ( 'NONE', ( #5258 ), #7653, .F. ) ;
#6128 = PERSON_AND_ORGANIZATION_ROLE ( 'creator' ) ;
#6129 = CIRCLE ( 'NONE', #1008, 28.99999999999998934 ) ;
#6130 = LINE ( 'NONE', #5113, #5219 ) ;
#6131 = EDGE_LOOP ( 'NONE', ( #5467, #3526, #4246, #2502 ) ) ;
#6132 = CARTESIAN_POINT ( 'NONE',  ( 0.000000000000000000, 0.000000000000000000, -5.000000000000000000 ) ) ;
#6133 = ORIENTED_EDGE ( 'NONE', *, *, #5980, .F. ) ;
#6134 = VERTEX_POINT ( 'NONE', #519 ) ;
#6135 = AXIS2_PLACEMENT_3D ( 'NONE', #1591, #221, #47 ) ;
#6136 = ADVANCED_FACE ( 'NONE', ( #7051 ), #4591, .F. ) ;
#6137 = DIRECTION ( 'NONE',  ( -0.7074213583884741974, 0.000000000000000000, 0.7067920639734192045 ) ) ;
#6138 = AXIS2_PLACEMENT_3D ( 'NONE', #7010, #2872, #4558 ) ;
#6139 = VERTEX_POINT ( 'NONE', #6463 ) ;
#6140 = ORIENTED_EDGE ( 'NONE', *, *, #1295, .T. ) ;
#6141 = CARTESIAN_POINT ( 'NONE',  ( 0.000000000000000000, 0.000000000000000000, -4.500000000000000000 ) ) ;
#6142 = DIRECTION ( 'NONE',  ( 0.000000000000000000, 0.000000000000000000, 1.000000000000000000 ) ) ;
#6143 = ORIENTED_EDGE ( 'NONE', *, *, #872, .F. ) ;
#6144 = VECTOR ( 'NONE', #4094, 1000.000000000000000 ) ;
#6145 = VERTEX_POINT ( 'NONE', #2907 ) ;
#6146 = CARTESIAN_POINT ( 'NONE',  ( -9.838288441828840547, -46.33131897179710279, 4.500000000000000000 ) ) ;
#6147 = CARTESIAN_POINT ( 'NONE',  ( 12.74414409577097906, 1.527858637266509945, 3.799999999999999822 ) ) ;
#6148 = COORDINATED_UNIVERSAL_TIME_OFFSET ( 8, 0, .AHEAD. ) ;
#6149 = AXIS2_PLACEMENT_3D ( 'NONE', #5708, #6877, #4655 ) ;
#6150 = ORIENTED_EDGE ( 'NONE', *, *, #4201, .T. ) ;
#6151 = LINE ( 'NONE', #3192, #6786 ) ;
#6152 = CARTESIAN_POINT ( 'NONE',  ( -16.02870165184855011, -76.84614969766559511, -3.799999999999999822 ) ) ;
#6153 = VECTOR ( 'NONE', #4515, 1000.000000000000000 ) ;
#6154 = ORIENTED_EDGE ( 'NONE', *, *, #4194, .F. ) ;
#6155 = CARTESIAN_POINT ( 'NONE',  ( -12.69999999999999929, 2.600000000000000089, -0.5999999999999999778 ) ) ;
#6156 = DIRECTION ( 'NONE',  ( 0.5000000000000012212, 0.8660254037844380415, 0.000000000000000000 ) ) ;
#6157 = CARTESIAN_POINT ( 'NONE',  ( 70.71953709566700752, 8.808915324409579028, -3.799999999999999822 ) ) ;
#6158 = AXIS2_PLACEMENT_3D ( 'NONE', #4716, #5253, #1146 ) ;
#6159 = EDGE_CURVE ( 'NONE', #527, #3393, #7239, .T. ) ;
#6160 = AXIS2_PLACEMENT_3D ( 'NONE', #290, #2078, #3711 ) ;
#6161 = EDGE_CURVE ( 'NONE', #3035, #3247, #17, .T. ) ;
#6162 = CC_DESIGN_SECURITY_CLASSIFICATION ( #7423, ( #7172 ) ) ;
#6163 = ORIENTED_EDGE ( 'NONE', *, *, #3775, .T. ) ;
#6164 = DIRECTION ( 'NONE',  ( 0.000000000000000000, 0.000000000000000000, -1.000000000000000000 ) ) ;
#6165 = AXIS2_PLACEMENT_3D ( 'NONE', #3309, #6305, #4948 ) ;
#6166 = CARTESIAN_POINT ( 'NONE',  ( 8.601666049839581163, -9.698522628062329787, 5.000000000000000000 ) ) ;
#6167 = DIRECTION ( 'NONE',  ( 1.000000000000000000, 0.000000000000000000, 0.000000000000000000 ) ) ;
#6168 = CC_DESIGN_DATE_AND_TIME_ASSIGNMENT ( #606, #5420, ( #6400 ) ) ;
#6169 = CARTESIAN_POINT ( 'NONE',  ( 0.000000000000000000, 0.000000000000000000, -191.8904037956214950 ) ) ;
#6170 = CARTESIAN_POINT ( 'NONE',  ( 0.000000000000000000, 0.000000000000000000, 0.000000000000000000 ) ) ;
#6171 = FACE_OUTER_BOUND ( 'NONE', #5001, .T. ) ;
#6172 = ORIENTED_EDGE ( 'NONE', *, *, #5193, .T. ) ;
#6173 = VECTOR ( 'NONE', #4736, 1000.000000000000114 ) ;
#6174 = CARTESIAN_POINT ( 'NONE',  ( 20.99529699264139992, 0.5278586372672050553, 3.799999999999999822 ) ) ;
#6175 = ORIENTED_EDGE ( 'NONE', *, *, #3705, .F. ) ;
#6176 = ORIENTED_EDGE ( 'NONE', *, *, #1861, .T. ) ;
#6177 = AXIS2_PLACEMENT_3D ( 'NONE', #4229, #6601, #4264 ) ;
#6178 = CARTESIAN_POINT ( 'NONE',  ( 0.000000000000000000, 0.000000000000000000, -4.500000000000000000 ) ) ;
#6179 = VECTOR ( 'NONE', #4280, 1000.000000000000114 ) ;
#6180 = ORIENTED_EDGE ( 'NONE', *, *, #738, .T. ) ;
#6181 = EDGE_CURVE ( 'NONE', #1985, #5568, #2398, .T. ) ;
#6182 = CARTESIAN_POINT ( 'NONE',  ( -9.338733222303458703, 46.31023384327180281, 5.000000000000000000 ) ) ;
#6183 = CARTESIAN_POINT ( 'NONE',  ( 1.961284649213400177, -6.197044660542629479, -5.000000000000000000 ) ) ;
#6184 = CARTESIAN_POINT ( 'NONE',  ( 14.80357795871362114, 70.97255863797140307, 5.000000000000000000 ) ) ;
#6185 = EDGE_LOOP ( 'NONE', ( #4710, #6268, #465, #3446 ) ) ;
#6186 = ORIENTED_EDGE ( 'NONE', *, *, #5728, .T. ) ;
#6187 = LINE ( 'NONE', #6335, #5398 ) ;
#6188 = DIRECTION ( 'NONE',  ( 1.000000000000000000, 0.000000000000000000, 0.000000000000000000 ) ) ;
#6189 = EDGE_CURVE ( 'NONE', #682, #4688, #5380, .T. ) ;
#6190 = ORIENTED_EDGE ( 'NONE', *, *, #7106, .T. ) ;
#6191 = DIRECTION ( 'NONE',  ( -1.000000000000000000, 0.000000000000000000, 0.000000000000000000 ) ) ;
#6192 = LINE ( 'NONE', #7455, #4615 ) ;
#6193 = EDGE_LOOP ( 'NONE', ( #2318, #7652, #4356, #178 ) ) ;
#6194 = DIRECTION ( 'NONE',  ( 0.000000000000000000, -0.7071067811865474617, -0.7071067811865474617 ) ) ;
#6195 = PLANE ( 'NONE',  #6160 ) ;
#6196 = DIRECTION ( 'NONE',  ( 0.000000000000000000, 0.000000000000000000, -1.000000000000000000 ) ) ;
#6197 = ORIENTED_EDGE ( 'NONE', *, *, #6344, .T. ) ;
#6198 = DIRECTION ( 'NONE',  ( 0.000000000000000000, 0.000000000000000000, -1.000000000000000000 ) ) ;
#6199 = DIRECTION ( 'NONE',  ( -1.000000000000000000, 0.000000000000000000, 0.000000000000000000 ) ) ;
#6200 = CARTESIAN_POINT ( 'NONE',  ( 58.20652884342099753, -46.50000000000000000, 3.799999999999999822 ) ) ;
#6201 = APPROVAL_STATUS ( 'not_yet_approved' ) ;
#6202 = EDGE_CURVE ( 'NONE', #6657, #2779, #4608, .T. ) ;
#6203 = FACE_OUTER_BOUND ( 'NONE', #5562, .T. ) ;
#6204 = ADVANCED_FACE ( 'NONE', ( #5070 ), #2685, .F. ) ;
#6205 = CIRCLE ( 'NONE', #2839, 29.00000000000000000 ) ;
#6206 = DIRECTION ( 'NONE',  ( 0.000000000000000000, 0.000000000000000000, 1.000000000000000000 ) ) ;
#6207 = ORIENTED_EDGE ( 'NONE', *, *, #1520, .F. ) ;
#6208 = DIRECTION ( 'NONE',  ( 0.000000000000000000, 0.000000000000000000, 1.000000000000000000 ) ) ;
#6209 = EDGE_LOOP ( 'NONE', ( #4664, #1953, #1850, #5869 ) ) ;
#6210 = ORIENTED_EDGE ( 'NONE', *, *, #7517, .F. ) ;
#6211 = EDGE_CURVE ( 'NONE', #3900, #2455, #7545, .T. ) ;
#6212 = VECTOR ( 'NONE', #2610, 1000.000000000000000 ) ;
#6213 = CIRCLE ( 'NONE', #5599, 88.50000000000000000 ) ;
#6214 = DIRECTION ( 'NONE',  ( -0.02981887472494249361, -0.7064777666070769513, -0.7071067811865578978 ) ) ;
#6215 = CIRCLE ( 'NONE', #6470, 28.50000000000000000 ) ;
#6216 = VECTOR ( 'NONE', #367, 1000.000000000000114 ) ;
#6217 = APPROVAL ( #6201, 'UNKNOWN' ) ;
#6218 = B_SPLINE_CURVE_WITH_KNOTS ( 'NONE', 2,
 ( #247, #284, #7336 ),
 .UNSPECIFIED., .F., .F.,
 ( 3, 3 ),
 ( 0.000000000000000000, 1.000000000000000000 ),
 .UNSPECIFIED. ) ;
#6219 = CARTESIAN_POINT ( 'NONE',  ( -7.247758274114829646, 2.600000000000000089, 5.000000000000000000 ) ) ;
#6220 = EDGE_LOOP ( 'NONE', ( #1069, #2516, #5636, #1439 ) ) ;
#6221 = DIRECTION ( 'NONE',  ( 0.000000000000000000, 0.000000000000000000, -1.000000000000000000 ) ) ;
#6222 = CARTESIAN_POINT ( 'NONE',  ( 13.83473019803201964, -46.50000000000000000, 0.5999999999999999778 ) ) ;
#6223 = ORIENTED_EDGE ( 'NONE', *, *, #3064, .T. ) ;
#6224 = CIRCLE ( 'NONE', #4241, 1.600000000000004086 ) ;
#6225 = ORIENTED_EDGE ( 'NONE', *, *, #7467, .T. ) ;
#6226 = CARTESIAN_POINT ( 'NONE',  ( 8.803577958713120211, 70.97255863797150255, -3.799999999999999822 ) ) ;
#6227 = EDGE_CURVE ( 'NONE', #5803, #1854, #5859, .T. ) ;
#6228 = CONICAL_SURFACE ( 'NONE', #2094, 4.499999999999997335, 0.7853981633974574939 ) ;
#6229 = CARTESIAN_POINT ( 'NONE',  ( 21.11684887838869784, 1.527878237255794858, -3.799999999999999822 ) ) ;
#6230 = ORIENTED_EDGE ( 'NONE', *, *, #2531, .T. ) ;
#6231 = CARTESIAN_POINT ( 'NONE',  ( 77.33561561930669370, 16.13079529294395087, -5.000000000000000000 ) ) ;
#6232 = AXIS2_PLACEMENT_3D ( 'NONE', #5216, #3386, #7091 ) ;
#6233 = CARTESIAN_POINT ( 'NONE',  ( -16.28058613717015035, -23.99880236658034960, 5.000000000000000000 ) ) ;
#6234 = ORIENTED_EDGE ( 'NONE', *, *, #260, .T. ) ;
#6235 = CARTESIAN_POINT ( 'NONE',  ( -36.67431014136210621, 10.24588957259826039, -5.000000000000000000 ) ) ;
#6236 = CARTESIAN_POINT ( 'NONE',  ( 33.11205535492539553, 12.80006992841672009, -0.5999999999999999778 ) ) ;
#6237 = FACE_OUTER_BOUND ( 'NONE', #5645, .T. ) ;
#6238 = ADVANCED_FACE ( 'NONE', ( #879 ), #919, .F. ) ;
#6239 = EDGE_CURVE ( 'NONE', #2801, #315, #5486, .T. ) ;
#6240 = CIRCLE ( 'NONE', #3751, 5.999999999999998224 ) ;
#6241 = ORIENTED_EDGE ( 'NONE', *, *, #5060, .T. ) ;
#6242 = CARTESIAN_POINT ( 'NONE',  ( 12.80006992841613922, 33.11205535492559449, -3.799999999999999822 ) ) ;
#6243 = CYLINDRICAL_SURFACE ( 'NONE', #347, 78.50000000000000000 ) ;
#6244 = FACE_OUTER_BOUND ( 'NONE', #3993, .T. ) ;
#6245 = DIRECTION ( 'NONE',  ( 0.000000000000000000, 0.000000000000000000, -1.000000000000000000 ) ) ;
#6246 = DIRECTION ( 'NONE',  ( 0.000000000000000000, 0.000000000000000000, 1.000000000000000000 ) ) ;
#6247 = ORIENTED_EDGE ( 'NONE', *, *, #4637, .F. ) ;
#6248 = DIRECTION ( 'NONE',  ( -0.04217025705071845293, -0.9991104390507968835, 0.000000000000000000 ) ) ;
#6249 = ORIENTED_EDGE ( 'NONE', *, *, #1837, .F. ) ;
#6250 = ORIENTED_EDGE ( 'NONE', *, *, #6302, .T. ) ;
#6251 = LINE ( 'NONE', #890, #2020 ) ;
#6252 = EDGE_CURVE ( 'NONE', #170, #5368, #3829, .T. ) ;
#6253 = ADVANCED_FACE ( 'NONE', ( #4409 ), #2756, .F. ) ;
#6254 = EDGE_CURVE ( 'NONE', #2947, #2942, #6785, .T. ) ;
#6255 = CARTESIAN_POINT ( 'NONE',  ( 0.000000000000000000, -42.50000000000000000, 3.799999999999999822 ) ) ;
#6256 = ORIENTED_EDGE ( 'NONE', *, *, #2306, .T. ) ;
#6257 = DIRECTION ( 'NONE',  ( 0.5000000000000012212, 0.8660254037844380415, 0.000000000000000000 ) ) ;
#6258 = DIRECTION ( 'NONE',  ( 0.000000000000000000, 0.000000000000000000, 1.000000000000000000 ) ) ;
#6259 = EDGE_LOOP ( 'NONE', ( #4795, #1945, #3650, #2695 ) ) ;
#6260 = VERTEX_POINT ( 'NONE', #5699 ) ;
#6261 = DIRECTION ( 'NONE',  ( 0.4999999999999921729, 0.8660254037844431485, 0.000000000000000000 ) ) ;
#6262 = DIRECTION ( 'NONE',  ( 0.000000000000000000, 0.000000000000000000, 1.000000000000000000 ) ) ;
#6263 = EDGE_CURVE ( 'NONE', #6716, #2313, #7499, .T. ) ;
#6264 = VERTEX_POINT ( 'NONE', #2123 ) ;
#6265 = AXIS2_PLACEMENT_3D ( 'NONE', #7701, #5848, #440 ) ;
#6266 = DIRECTION ( 'NONE',  ( 1.000000000000000000, 0.000000000000000000, 0.000000000000000000 ) ) ;
#6267 = DIRECTION ( 'NONE',  ( 0.000000000000000000, 0.000000000000000000, -1.000000000000000000 ) ) ;
#6268 = ORIENTED_EDGE ( 'NONE', *, *, #5066, .T. ) ;
#6269 = CARTESIAN_POINT ( 'NONE',  ( 70.71953709566709279, -8.808915324409088754, -3.799999999999999822 ) ) ;
#6270 = DIRECTION ( 'NONE',  ( 0.000000000000000000, 0.000000000000000000, 1.000000000000000000 ) ) ;
#6271 = DIRECTION ( 'NONE',  ( 1.000000000000000000, 0.000000000000000000, 0.000000000000000000 ) ) ;
#6272 = VECTOR ( 'NONE', #6768, 1000.000000000000000 ) ;
#6273 = EDGE_LOOP ( 'NONE', ( #6873, #5205, #5483, #1317 ) ) ;
#6274 = DIRECTION ( 'NONE',  ( -1.000000000000000000, 0.000000000000000000, 0.000000000000000000 ) ) ;
#6275 = AXIS2_PLACEMENT_3D ( 'NONE', #1142, #3537, #7127 ) ;
#6276 = CARTESIAN_POINT ( 'NONE',  ( -16.28058613717050207, 23.99880236658015065, -3.799999999999999822 ) ) ;
#6277 = CARTESIAN_POINT ( 'NONE',  ( 28.96379781475134862, -1.448591090061330133, -3.799999999999999822 ) ) ;
#6278 = EDGE_CURVE ( 'NONE', #2821, #7409, #7358, .T. ) ;
#6279 = CARTESIAN_POINT ( 'NONE',  ( -14.80357795871362114, -70.97255863797140307, 5.000000000000000000 ) ) ;
#6280 = CIRCLE ( 'NONE', #3418, 4.500000000000000888 ) ;
#6281 = VECTOR ( 'NONE', #5441, 1000.000000000000000 ) ;
#6282 = EDGE_CURVE ( 'NONE', #5271, #1290, #7241, .T. ) ;
#6283 = AXIS2_PLACEMENT_3D ( 'NONE', #2103, #4502, #2659 ) ;
#6284 = DIRECTION ( 'NONE',  ( 0.000000000000000000, 0.000000000000000000, -1.000000000000000000 ) ) ;
#6285 = EDGE_LOOP ( 'NONE', ( #628, #1061, #7456, #5864 ) ) ;
#6286 = CARTESIAN_POINT ( 'NONE',  ( 0.000000000000000000, 0.000000000000000000, 0.5999999999999999778 ) ) ;
#6287 = ORIENTED_EDGE ( 'NONE', *, *, #5263, .T. ) ;
#6288 = LOCAL_TIME ( 15, 19, 25.00000000000000000, #167 ) ;
#6289 = ORIENTED_EDGE ( 'NONE', *, *, #3775, .F. ) ;
#6290 = FACE_OUTER_BOUND ( 'NONE', #4262, .T. ) ;
#6291 = CARTESIAN_POINT ( 'NONE',  ( 0.000000000000000000, 0.000000000000000000, 5.000000000000000000 ) ) ;
#6292 = VERTEX_POINT ( 'NONE', #365 ) ;
#6293 = CARTESIAN_POINT ( 'NONE',  ( 4.537564434701839566, 10.65929214352101972, 5.000000000000000000 ) ) ;
#6294 = FACE_OUTER_BOUND ( 'NONE', #2885, .T. ) ;
#6295 = EDGE_LOOP ( 'NONE', ( #2546, #3019, #4896, #6308 ) ) ;
#6296 = ORIENTED_EDGE ( 'NONE', *, *, #2192, .T. ) ;
#6297 = AXIS2_PLACEMENT_3D ( 'NONE', #3954, #2887, #5151 ) ;
#6298 = DIRECTION ( 'NONE',  ( 0.04217025705071829333, -0.9991104390507968835, 0.000000000000000000 ) ) ;
#6299 = EDGE_CURVE ( 'NONE', #4143, #312, #1475, .T. ) ;
#6300 = CARTESIAN_POINT ( 'NONE',  ( -70.69845196714169333, 8.309360104883719345, -5.000000000000000000 ) ) ;
#6301 = CIRCLE ( 'NONE', #1669, 6.000000000000000000 ) ;
#6302 = EDGE_CURVE ( 'NONE', #5281, #6760, #3871, .T. ) ;
#6303 = VECTOR ( 'NONE', #1083, 1000.000000000000114 ) ;
#6304 = EDGE_LOOP ( 'NONE', ( #6249, #5881, #5080, #1247 ) ) ;
#6305 = DIRECTION ( 'NONE',  ( 0.000000000000000000, 0.000000000000000000, 1.000000000000000000 ) ) ;
#6306 = CC_DESIGN_DATE_AND_TIME_ASSIGNMENT ( #7741, #1603, ( #1905 ) ) ;
#6307 = CARTESIAN_POINT ( 'NONE',  ( -16.02991648673999947, 23.56462979611904984, -0.5999999999999999778 ) ) ;
#6308 = ORIENTED_EDGE ( 'NONE', *, *, #1101, .F. ) ;
#6309 = DIRECTION ( 'NONE',  ( -0.04217025705072553754, 0.9991104390507966615, 0.000000000000000000 ) ) ;
#6310 = CARTESIAN_POINT ( 'NONE',  ( -16.02991648673999947, 23.56462979611904984, -4.500000000000000000 ) ) ;
#6311 = CARTESIAN_POINT ( 'NONE',  ( -86.00000000000000000, 1.959434878635775091E-16, 4.499999999999954703 ) ) ;
#6312 = AXIS2_PLACEMENT_3D ( 'NONE', #3404, #5153, #7555 ) ;
#6313 = ORIENTED_EDGE ( 'NONE', *, *, #3643, .T. ) ;
#6314 = DIRECTION ( 'NONE',  ( -1.000000000000000000, 0.000000000000000000, 0.000000000000000000 ) ) ;
#6315 = CC_DESIGN_PERSON_AND_ORGANIZATION_ASSIGNMENT ( #7629, #2336, ( #5552 ) ) ;
#6316 = CARTESIAN_POINT ( 'NONE',  ( -58.20652884342099753, -42.50000000000000000, 3.799999999999999822 ) ) ;
#6317 = LINE ( 'NONE', #3356, #2218 ) ;
#6318 = CYLINDRICAL_SURFACE ( 'NONE', #5442, 3.999999999999996447 ) ;
#6319 = DIRECTION ( 'NONE',  ( 0.000000000000000000, 0.000000000000000000, -1.000000000000000000 ) ) ;
#6320 = ADVANCED_FACE ( 'NONE', ( #5584 ), #3946, .F. ) ;
#6321 = DIRECTION ( 'NONE',  ( 1.000000000000000000, 0.000000000000000000, 0.000000000000000000 ) ) ;
#6322 = CARTESIAN_POINT ( 'NONE',  ( -12.69999999999999929, -2.600000000000000089, 0.5999999999999999778 ) ) ;
#6323 = EDGE_LOOP ( 'NONE', ( #131, #4084 ) ) ;
#6324 = VERTEX_POINT ( 'NONE', #2604 ) ;
#6325 = CARTESIAN_POINT ( 'NONE',  ( -58.20652884342099753, 46.50000000000000000, 4.500000000000000000 ) ) ;
#6326 = EDGE_CURVE ( 'NONE', #530, #5863, #957, .T. ) ;
#6327 = VECTOR ( 'NONE', #2400, 1000.000000000000227 ) ;
#6328 = CARTESIAN_POINT ( 'NONE',  ( -9.746334353072761303, -36.65322501283679912, -5.000000000000000000 ) ) ;
#6329 = ORIENTED_EDGE ( 'NONE', *, *, #2489, .F. ) ;
#6330 = FACE_OUTER_BOUND ( 'NONE', #5451, .T. ) ;
#6331 = DIRECTION ( 'NONE',  ( -1.000000000000000000, 0.000000000000000000, 0.000000000000000000 ) ) ;
#6332 = EDGE_LOOP ( 'NONE', ( #3533, #1686, #1185, #378, #3870, #6999, #7391, #4113, #4460, #5875, #3663, #6423 ) ) ;
#6333 = EDGE_LOOP ( 'NONE', ( #6241, #2355, #5491, #5860 ) ) ;
#6334 = EDGE_LOOP ( 'NONE', ( #1547, #716, #152, #6190 ) ) ;
#6335 = CARTESIAN_POINT ( 'NONE',  ( -16.28058613717050207, 23.99880236658015065, 5.000000000000000000 ) ) ;
#6336 = CARTESIAN_POINT ( 'NONE',  ( 16.02870165184855011, -76.84614969766559511, -3.799999999999999822 ) ) ;
#6337 = AXIS2_PLACEMENT_3D ( 'NONE', #896, #5637, #7363 ) ;
#6338 = VERTEX_POINT ( 'NONE', #6242 ) ;
#6339 = DIRECTION ( 'NONE',  ( 1.000000000000000000, 0.000000000000000000, 0.000000000000000000 ) ) ;
#6340 = DIRECTION ( 'NONE',  ( -1.000000000000000000, 0.000000000000000000, 0.000000000000000000 ) ) ;
#6341 = ORIENTED_EDGE ( 'NONE', *, *, #5223, .T. ) ;
#6342 = LINE ( 'NONE', #1724, #7751 ) ;
#6343 = LINE ( 'NONE', #4556, #7673 ) ;
#6344 = EDGE_CURVE ( 'NONE', #2989, #2046, #256, .T. ) ;
#6345 = CARTESIAN_POINT ( 'NONE',  ( -70.97255863797140307, 14.80357795871386095, -4.500000000000000000 ) ) ;
#6346 = DATE_TIME_ROLE ( 'creation_date' ) ;
#6347 = AXIS2_PLACEMENT_3D ( 'NONE', #2274, #7736, #4676 ) ;
#6348 = ORIENTED_EDGE ( 'NONE', *, *, #4166, .F. ) ;
#6349 = EDGE_CURVE ( 'NONE', #3805, #4371, #7463, .T. ) ;
#6350 = ADVANCED_FACE ( 'NONE', ( #5353 ), #3637, .F. ) ;
#6351 = LINE ( 'NONE', #1120, #2936 ) ;
#6352 = CARTESIAN_POINT ( 'NONE',  ( 28.92386557844579897, -2.099999999999804690, 5.000000000000000000 ) ) ;
#6353 = DIRECTION ( 'NONE',  ( 1.000000000000000000, 0.000000000000000000, 0.000000000000000000 ) ) ;
#6354 = DIRECTION ( 'NONE',  ( 0.4999999999999995004, 0.8660254037844390407, 0.000000000000000000 ) ) ;
#6355 = DATE_AND_TIME ( #1612, #3427 ) ;
#6356 = CARTESIAN_POINT ( 'NONE',  ( 0.000000000000000000, 42.00000000000000000, 5.000000000000000000 ) ) ;
#6357 = EDGE_CURVE ( 'NONE', #3605, #5947, #2492, .T. ) ;
#6358 = EDGE_CURVE ( 'NONE', #1791, #1629, #2011, .T. ) ;
#6359 = CARTESIAN_POINT ( 'NONE',  ( -9.838288441828840547, -46.33131897179710279, 3.799999999999999822 ) ) ;
#6360 = DIRECTION ( 'NONE',  ( 0.000000000000000000, 0.000000000000000000, -1.000000000000000000 ) ) ;
#6361 = ORIENTED_EDGE ( 'NONE', *, *, #2171, .T. ) ;
#6362 = ORIENTED_EDGE ( 'NONE', *, *, #2679, .F. ) ;
#6363 = DIRECTION ( 'NONE',  ( 0.000000000000000000, 0.000000000000000000, 1.000000000000000000 ) ) ;
#6364 = CIRCLE ( 'NONE', #5625, 79.00000000000000000 ) ;
#6365 = EDGE_CURVE ( 'NONE', #6002, #6610, #6633, .T. ) ;
#6366 = DIRECTION ( 'NONE',  ( 0.000000000000000000, 0.000000000000000000, 1.000000000000000000 ) ) ;
#6367 = VERTEX_POINT ( 'NONE', #3005 ) ;
#6368 = CARTESIAN_POINT ( 'NONE',  ( 1.372213087217910132, -7.576742785872299990, 30.80087640576605068 ) ) ;
#6369 = FACE_OUTER_BOUND ( 'NONE', #3890, .T. ) ;
#6370 = ORIENTED_EDGE ( 'NONE', *, *, #4123, .F. ) ;
#6371 = ORIENTED_EDGE ( 'NONE', *, *, #6641, .T. ) ;
#6372 = ORIENTED_EDGE ( 'NONE', *, *, #7024, .T. ) ;
#6374 = EDGE_CURVE ( 'NONE', #736, #1754, #3774, .T. ) ;
#6373 = CIRCLE ( 'NONE', #7508, 28.50000000000000000 ) ;
#6375 = DIRECTION ( 'NONE',  ( 1.000000000000000000, 0.000000000000000000, 0.000000000000000000 ) ) ;
#6376 = DIRECTION ( 'NONE',  ( 0.04217025705071845293, 0.9991104390507968835, 0.000000000000000000 ) ) ;
#6377 = CONICAL_SURFACE ( 'NONE', #2129, 78.50000000000000000, 0.7853981633974348453 ) ;
#6378 = CYLINDRICAL_SURFACE ( 'NONE', #7118, 6.000000000000000000 ) ;
#6379 = LINE ( 'NONE', #2826, #1795 ) ;
#6380 = DIRECTION ( 'NONE',  ( 1.000000000000000000, 0.000000000000000000, 0.000000000000000000 ) ) ;
#6381 = EDGE_LOOP ( 'NONE', ( #4155, #2663, #864, #1251 ) ) ;
#6382 = DIRECTION ( 'NONE',  ( 0.000000000000000000, 0.000000000000000000, -1.000000000000000000 ) ) ;
#6383 = FACE_OUTER_BOUND ( 'NONE', #4783, .T. ) ;
#6384 = EDGE_CURVE ( 'NONE', #2651, #2256, #390, .T. ) ;
#6385 = LINE ( 'NONE', #4056, #2900 ) ;
#6386 = APPROVAL_DATE_TIME ( #1565, #2242 ) ;
#6387 = AXIS2_PLACEMENT_3D ( 'NONE', #6860, #5695, #6271 ) ;
#6388 = ORIENTED_EDGE ( 'NONE', *, *, #6302, .F. ) ;
#6389 = DIRECTION ( 'NONE',  ( 0.000000000000000000, 0.000000000000000000, -1.000000000000000000 ) ) ;
#6390 = DIRECTION ( 'NONE',  ( 0.000000000000000000, 0.000000000000000000, -1.000000000000000000 ) ) ;
#6391 = FACE_OUTER_BOUND ( 'NONE', #2429, .T. ) ;
#6392 = DIRECTION ( 'NONE',  ( 1.000000000000000000, 0.000000000000000000, 0.000000000000000000 ) ) ;
#6393 = CIRCLE ( 'NONE', #3911, 6.500000000000000000 ) ;
#6394 = APPROVAL_DATE_TIME ( #5894, #4599 ) ;
#6395 = DIRECTION ( 'NONE',  ( -1.000000000000000000, 0.000000000000000000, 0.000000000000000000 ) ) ;
#6396 = EDGE_CURVE ( 'NONE', #5604, #4550, #761, .T. ) ;
#6397 = EDGE_CURVE ( 'NONE', #637, #5516, #72, .T. ) ;
#6398 = AXIS2_PLACEMENT_3D ( 'NONE', #6178, #6802, #154 ) ;
#6399 = FACE_OUTER_BOUND ( 'NONE', #45, .T. ) ;
#6400 = PRODUCT_DEFINITION ( '未知', '', #5792, #7374 ) ;
#6401 = AXIS2_PLACEMENT_3D ( 'NONE', #6132, #1289, #627 ) ;
#6402 = CARTESIAN_POINT ( 'NONE',  ( -70.97255863797140307, 14.80357795871386095, -0.5999999999999999778 ) ) ;
#6403 = EDGE_LOOP ( 'NONE', ( #3847, #2662, #5427, #2857 ) ) ;
#6404 = ORIENTED_EDGE ( 'NONE', *, *, #5929, .T. ) ;
#6405 = CC_DESIGN_APPROVAL ( #3551, ( #1651 ) ) ;
#6406 = DIRECTION ( 'NONE',  ( 0.000000000000000000, 0.000000000000000000, -1.000000000000000000 ) ) ;
#6407 = VECTOR ( 'NONE', #4447, 1000.000000000000000 ) ;
#6408 = LOCAL_TIME ( 15, 19, 25.00000000000000000, #1304 ) ;
#6409 = CARTESIAN_POINT ( 'NONE',  ( 0.000000000000000000, 0.000000000000000000, 0.5999999999999999778 ) ) ;
#6410 = ORIENTED_EDGE ( 'NONE', *, *, #6066, .F. ) ;
#6411 = CARTESIAN_POINT ( 'NONE',  ( 70.69845196714169333, -8.309360104883719345, -5.000000000000000000 ) ) ;
#6412 = DIRECTION ( 'NONE',  ( -1.000000000000000000, 0.000000000000000000, 0.000000000000000000 ) ) ;
#6413 = AXIS2_PLACEMENT_3D ( 'NONE', #3707, #132, #3111 ) ;
#6414 = ORIENTED_EDGE ( 'NONE', *, *, #339, .F. ) ;
#6415 = ORIENTED_EDGE ( 'NONE', *, *, #3834, .T. ) ;
#6416 = VERTEX_POINT ( 'NONE', #1207 ) ;
#6417 = DIRECTION ( 'NONE',  ( -0.5000000000000011102, -0.8660254037844379305, 0.000000000000000000 ) ) ;
#6418 = CARTESIAN_POINT ( 'NONE',  ( 13.83473019803201964, 42.00000000000000000, 5.000000000000000000 ) ) ;
#6419 = LOCAL_TIME ( 15, 19, 25.00000000000000000, #4995 ) ;
#6420 = ORIENTED_EDGE ( 'NONE', *, *, #5763, .F. ) ;
#6421 = DIRECTION ( 'NONE',  ( 1.000000000000000000, 0.000000000000000000, 0.000000000000000000 ) ) ;
#6422 = LINE ( 'NONE', #1071, #4110 ) ;
#6423 = ORIENTED_EDGE ( 'NONE', *, *, #4968, .F. ) ;
#6424 = CARTESIAN_POINT ( 'NONE',  ( -61.33171160011479373, 48.99664429530200493, 4.500000000000000000 ) ) ;
#6425 = VECTOR ( 'NONE', #1033, 999.9999999999998863 ) ;
#6426 = DIRECTION ( 'NONE',  ( 0.000000000000000000, 0.000000000000000000, -1.000000000000000000 ) ) ;
#6427 = CARTESIAN_POINT ( 'NONE',  ( 0.000000000000000000, 0.000000000000000000, -5.000000000000000000 ) ) ;
#6428 = APPROVAL_DATE_TIME ( #6939, #3071 ) ;
#6429 = AXIS2_PLACEMENT_3D ( 'NONE', #3080, #5934, #3515 ) ;
#6430 = ORIENTED_EDGE ( 'NONE', *, *, #6202, .T. ) ;
#6431 = CARTESIAN_POINT ( 'NONE',  ( 14.80357795871362114, -70.97255863797140307, -4.500000000000000000 ) ) ;
#6432 = CARTESIAN_POINT ( 'NONE',  ( 36.65322501283669254, 9.746334353073070389, -5.000000000000000000 ) ) ;
#6433 = ORIENTED_EDGE ( 'NONE', *, *, #4694, .F. ) ;
#6434 = DIRECTION ( 'NONE',  ( 1.000000000000000000, 1.734723475976807094E-15, 0.000000000000000000 ) ) ;
#6435 = CARTESIAN_POINT ( 'NONE',  ( 1.818653347947305043, 1.050000000000018030, 0.5999999999999999778 ) ) ;
#6436 = PERSON_AND_ORGANIZATION ( #2664, #7165 ) ;
#6437 = LINE ( 'NONE', #6865, #2114 ) ;
#6438 = ORIENTED_EDGE ( 'NONE', *, *, #5801, .T. ) ;
#6439 = DIRECTION ( 'NONE',  ( 1.000000000000000000, 0.000000000000000000, 0.000000000000000000 ) ) ;
#6440 = EDGE_CURVE ( 'NONE', #5248, #2633, #4395, .T. ) ;
#6441 = CARTESIAN_POINT ( 'NONE',  ( -8.808915324408838288, -70.71953709566709279, 4.500000000000000000 ) ) ;
#6442 = VERTEX_POINT ( 'NONE', #7230 ) ;
#6443 = EDGE_LOOP ( 'NONE', ( #3726, #6581, #7142, #2038 ) ) ;
#6444 = ADVANCED_FACE ( 'NONE', ( #3670 ), #3119, .F. ) ;
#6445 = CARTESIAN_POINT ( 'NONE',  ( 14.80357795871312021, 70.97255863797150255, -4.499999999999944933 ) ) ;
#6446 = EDGE_CURVE ( 'NONE', #7568, #2302, #3658, .T. ) ;
#6447 = DIRECTION ( 'NONE',  ( 0.000000000000000000, -0.9991120188777691258, 0.04213281065853875795 ) ) ;
#6448 = ORIENTED_EDGE ( 'NONE', *, *, #3479, .T. ) ;
#6449 = DIRECTION ( 'NONE',  ( 1.000000000000000000, 0.000000000000000000, 0.000000000000000000 ) ) ;
#6450 = ORIENTED_EDGE ( 'NONE', *, *, #638, .F. ) ;
#6451 = ORIENTED_EDGE ( 'NONE', *, *, #7188, .T. ) ;
#6452 = ORIENTED_EDGE ( 'NONE', *, *, #3125, .T. ) ;
#6453 =( REPRESENTATION_RELATIONSHIP ('NONE','NONE', #121, #7068 ) REPRESENTATION_RELATIONSHIP_WITH_TRANSFORMATION ( #4957 )SHAPE_REPRESENTATION_RELATIONSHIP( ) );
#6454 = DIRECTION ( 'NONE',  ( -1.000000000000000000, 0.000000000000000000, 0.000000000000000000 ) ) ;
#6455 = DIRECTION ( 'NONE',  ( 1.000000000000000000, 0.000000000000000000, 0.000000000000000000 ) ) ;
#6456 = CC_DESIGN_PERSON_AND_ORGANIZATION_ASSIGNMENT ( #3561, #5936, ( #7423 ) ) ;
#6457 = VECTOR ( 'NONE', #7562, 1000.000000000000000 ) ;
#6458 = ORIENTED_EDGE ( 'NONE', *, *, #1167, .F. ) ;
#6459 = DIRECTION ( 'NONE',  ( 0.000000000000000000, 0.000000000000000000, -1.000000000000000000 ) ) ;
#6460 = FACE_OUTER_BOUND ( 'NONE', #941, .T. ) ;
#6461 = VERTEX_POINT ( 'NONE', #7267 ) ;
#6462 = EDGE_CURVE ( 'NONE', #4206, #7111, #1315, .T. ) ;
#6463 = CARTESIAN_POINT ( 'NONE',  ( -6.347440429023320618, 1.400000000000090061, -5.000000000000000000 ) ) ;
#6464 = ORIENTED_EDGE ( 'NONE', *, *, #5545, .T. ) ;
#6465 = LINE ( 'NONE', #4798, #6586 ) ;
#6466 = CIRCLE ( 'NONE', #4107, 4.000000000000000000 ) ;
#6467 = VECTOR ( 'NONE', #5202, 1000.000000000000114 ) ;
#6468 = LINE ( 'NONE', #5884, #4287 ) ;
#6469 = PERSON_AND_ORGANIZATION_ROLE ( 'design_supplier' ) ;
#6470 = AXIS2_PLACEMENT_3D ( 'NONE', #4008, #4627, #6380 ) ;
#6471 = ORIENTED_EDGE ( 'NONE', *, *, #110, .T. ) ;
#6472 = LINE ( 'NONE', #6981, #5684 ) ;
#6473 = DIRECTION ( 'NONE',  ( -0.9991104390507974387, 0.04217025705070797520, 0.000000000000000000 ) ) ;
#6474 = ORIENTED_EDGE ( 'NONE', *, *, #354, .T. ) ;
#6475 = DIRECTION ( 'NONE',  ( 0.000000000000000000, 0.000000000000000000, 1.000000000000000000 ) ) ;
#6476 = DIRECTION ( 'NONE',  ( 0.000000000000000000, 0.000000000000000000, -1.000000000000000000 ) ) ;
#6477 = EDGE_CURVE ( 'NONE', #6442, #3510, #271, .T. ) ;
#6478 = APPLICATION_PROTOCOL_DEFINITION ( 'international standard', 'config_control_design', 1994, #1804 ) ;
#6479 = CARTESIAN_POINT ( 'NONE',  ( -13.83473019803201964, -46.50000000000000000, 5.000000000000000000 ) ) ;
#6480 = CIRCLE ( 'NONE', #6848, 79.00000000000000000 ) ;
#6481 = ORIENTED_EDGE ( 'NONE', *, *, #594, .T. ) ;
#6482 = CARTESIAN_POINT ( 'NONE',  ( 28.92386557844579897, -2.099999999999804690, 5.000000000000000000 ) ) ;
#6483 = DIRECTION ( 'NONE',  ( 1.000000000000000000, 0.000000000000000000, 0.000000000000000000 ) ) ;
#6484 = ORIENTED_EDGE ( 'NONE', *, *, #3010, .F. ) ;
#6485 = VERTEX_POINT ( 'NONE', #7308 ) ;
#6486 = VECTOR ( 'NONE', #3193, 999.9999999999998863 ) ;
#6487 = DIRECTION ( 'NONE',  ( 0.000000000000000000, 0.000000000000000000, 1.000000000000000000 ) ) ;
#6488 = LINE ( 'NONE', #3529, #2466 ) ;
#6489 = ORIENTED_EDGE ( 'NONE', *, *, #3879, .F. ) ;
#6490 = DIRECTION ( 'NONE',  ( -0.8660254037844379305, 0.5000000000000011102, 0.000000000000000000 ) ) ;
#6491 = ORIENTED_EDGE ( 'NONE', *, *, #5360, .T. ) ;
#6492 = ORIENTED_EDGE ( 'NONE', *, *, #5404, .F. ) ;
#6493 = CARTESIAN_POINT ( 'NONE',  ( 33.11205535492550212, -12.80006992841649982, -3.799999999999999822 ) ) ;
#6494 = VECTOR ( 'NONE', #2128, 999.9999999999998863 ) ;
#6495 = FACE_OUTER_BOUND ( 'NONE', #6801, .T. ) ;
#6496 = EDGE_CURVE ( 'NONE', #2828, #7439, #5395, .T. ) ;
#6497 = EDGE_LOOP ( 'NONE', ( #1007, #2093, #1145, #5277 ) ) ;
#6498 = CARTESIAN_POINT ( 'NONE',  ( -14.24233132880129915, -36.84299116956499631, -5.000000000000000000 ) ) ;
#6499 = VECTOR ( 'NONE', #2286, 1000.000000000000000 ) ;
#6500 = LINE ( 'NONE', #1807, #3442 ) ;
#6501 = VERTEX_POINT ( 'NONE', #6706 ) ;
#6502 = CARTESIAN_POINT ( 'NONE',  ( -16.02870165184855011, 76.84614969766559511, -0.5999999999999999778 ) ) ;
#6503 = VERTEX_POINT ( 'NONE', #32 ) ;
#6504 = EDGE_CURVE ( 'NONE', #4169, #1662, #2374, .T. ) ;
#6505 = CARTESIAN_POINT ( 'NONE',  ( 5.875545186896980354, 4.976742785872269259, -0.5999999999999999778 ) ) ;
#6506 = DIRECTION ( 'NONE',  ( 0.000000000000000000, 0.000000000000000000, 1.000000000000000000 ) ) ;
#6507 = PERSON_AND_ORGANIZATION ( #2664, #7165 ) ;
#6508 = AXIS2_PLACEMENT_3D ( 'NONE', #3072, #4284, #2588 ) ;
#6509 = VERTEX_POINT ( 'NONE', #4773 ) ;
#6510 = DIRECTION ( 'NONE',  ( -1.000000000000000000, 0.000000000000000000, 0.000000000000000000 ) ) ;
#6511 = FACE_OUTER_BOUND ( 'NONE', #2971, .T. ) ;
#6512 = ORIENTED_EDGE ( 'NONE', *, *, #3567, .T. ) ;
#6513 = DIRECTION ( 'NONE',  ( -1.000000000000000000, 0.000000000000000000, 0.000000000000000000 ) ) ;
#6514 = CARTESIAN_POINT ( 'NONE',  ( -88.50000000000000000, 0.000000000000000000, -5.000000000000000000 ) ) ;
#6515 = AXIS2_PLACEMENT_3D ( 'NONE', #4942, #2439, #1845 ) ;
#6516 = DATE_AND_TIME ( #2292, #3679 ) ;
#6517 = CARTESIAN_POINT ( 'NONE',  ( 16.02870165184855011, -76.84614969766559511, -0.5999999999999999778 ) ) ;
#6518 = CIRCLE ( 'NONE', #6138, 78.50000000000000000 ) ;
#6519 = ORIENTED_EDGE ( 'NONE', *, *, #2531, .F. ) ;
#6520 = VECTOR ( 'NONE', #4944, 1000.000000000000000 ) ;
#6521 = CARTESIAN_POINT ( 'NONE',  ( -12.64327944127586001, 26.09880236658020181, 5.000000000000000000 ) ) ;
#6522 = PLANE ( 'NONE',  #1538 ) ;
#6523 = ORIENTED_EDGE ( 'NONE', *, *, #7093, .F. ) ;
#6524 = EDGE_CURVE ( 'NONE', #4707, #6960, #1256, .T. ) ;
#6525 = CARTESIAN_POINT ( 'NONE',  ( 0.000000000000000000, 0.000000000000000000, 0.000000000000000000 ) ) ;
#6526 = VECTOR ( 'NONE', #3579, 1000.000000000000000 ) ;
#6527 = CIRCLE ( 'NONE', #908, 6.499999999999999112 ) ;
#6528 = CYLINDRICAL_SURFACE ( 'NONE', #5093, 6.000000000000000000 ) ;
#6529 = EDGE_LOOP ( 'NONE', ( #4213, #3011, #4617, #106 ) ) ;
#6530 = DIRECTION ( 'NONE',  ( 1.000000000000000000, 0.000000000000000000, 0.000000000000000000 ) ) ;
#6531 = ORIENTED_EDGE ( 'NONE', *, *, #4518, .F. ) ;
#6532 = AXIS2_PLACEMENT_3D ( 'NONE', #2849, #6992, #3994 ) ;
#6533 = ORIENTED_EDGE ( 'NONE', *, *, #224, .T. ) ;
#6534 = DIRECTION ( 'NONE',  ( -0.7064777666070869433, 0.02981887472494539407, 0.7071067811865479058 ) ) ;
#6535 = LINE ( 'NONE', #1187, #6526 ) ;
#6536 = AXIS2_PLACEMENT_3D ( 'NONE', #1421, #2677, #4367 ) ;
#6537 = ORIENTED_EDGE ( 'NONE', *, *, #5208, .T. ) ;
#6538 = AXIS2_PLACEMENT_3D ( 'NONE', #3205, #847, #4997 ) ;
#6539 = VECTOR ( 'NONE', #5569, 1000.000000000000000 ) ;
#6540 = CARTESIAN_POINT ( 'NONE',  ( 14.80357795871312021, 70.97255863797150255, -3.799999999999999822 ) ) ;
#6541 = CARTESIAN_POINT ( 'NONE',  ( 58.20652884342099753, -42.50000000000000000, 4.500000000000000000 ) ) ;
#6542 = CARTESIAN_POINT ( 'NONE',  ( 0.000000000000000000, 0.000000000000000000, 5.000000000000000000 ) ) ;
#6543 = ORIENTED_EDGE ( 'NONE', *, *, #6252, .F. ) ;
#6544 = CARTESIAN_POINT ( 'NONE',  ( -12.69999999999999929, -2.600000000000000089, -5.000000000000000000 ) ) ;
#6545 = ORIENTED_EDGE ( 'NONE', *, *, #4701, .F. ) ;
#6546 = EDGE_CURVE ( 'NONE', #4218, #1292, #7149, .T. ) ;
#6547 = CARTESIAN_POINT ( 'NONE',  ( 14.24233132880129915, -36.84299116956504605, -0.5999999999999999778 ) ) ;
#6548 = B_SPLINE_SURFACE_WITH_KNOTS ( 'NONE', 2, 1, ( 
 ( #6147, #7407 ),
 ( #1412, #6229 ),
 ( #789, #7333 ) ),
 .UNSPECIFIED., .F., .F., .F.,
 ( 3, 3 ),
 ( 2, 2 ),
 ( 0.000000000000000000, 1.000000000000000000 ),
 ( 0.000000000000000000, 1.000000000000000000 ),
 .UNSPECIFIED. ) ;
#6549 = CC_DESIGN_SECURITY_CLASSIFICATION ( #5428, ( #4195 ) ) ;
#6550 = DIRECTION ( 'NONE',  ( -1.000000000000000000, 3.885780586188044933E-16, 0.000000000000000000 ) ) ;
#6551 = EDGE_CURVE ( 'NONE', #1543, #6139, #6889, .T. ) ;
#6552 = PERSON_AND_ORGANIZATION_ROLE ( 'design_owner' ) ;
#6553 = VERTEX_POINT ( 'NONE', #4517 ) ;
#6554 = LINE ( 'NONE', #4290, #1055 ) ;
#6555 = CARTESIAN_POINT ( 'NONE',  ( 0.000000000000000000, 0.000000000000000000, -5.000000000000000000 ) ) ;
#6556 = AXIS2_PLACEMENT_3D ( 'NONE', #5567, #5121, #1403 ) ;
#6557 = VERTEX_POINT ( 'NONE', #2680 ) ;
#6558 = DIRECTION ( 'NONE',  ( 3.885780586188044933E-16, 1.000000000000000000, 0.000000000000000000 ) ) ;
#6559 = DIRECTION ( 'NONE',  ( 1.000000000000000000, 0.000000000000000000, 0.000000000000000000 ) ) ;
#6560 = AXIS2_PLACEMENT_3D ( 'NONE', #844, #6710, #6167 ) ;
#6561 = DIRECTION ( 'NONE',  ( -0.4999999999999995004, -0.8660254037844390407, 0.000000000000000000 ) ) ;
#6562 = LINE ( 'NONE', #3599, #6708 ) ;
#6563 = APPROVAL ( #7588, '未指定' ) ;
#6564 = VERTEX_POINT ( 'NONE', #6157 ) ;
#6565 = CARTESIAN_POINT ( 'NONE',  ( -14.80357795871362114, -70.97255863797140307, 0.5999999999999999778 ) ) ;
#6566 = DIRECTION ( 'NONE',  ( -1.000000000000000000, 0.000000000000000000, 0.000000000000000000 ) ) ;
#6567 = EDGE_CURVE ( 'NONE', #4764, #2943, #5067, .T. ) ;
#6568 = ORIENTED_EDGE ( 'NONE', *, *, #4414, .T. ) ;
#6569 = CARTESIAN_POINT ( 'NONE',  ( 0.000000000000000000, 0.000000000000000000, 0.000000000000000000 ) ) ;
#6570 = CYLINDRICAL_SURFACE ( 'NONE', #2211, 6.000000000000005329 ) ;
#6571 = ORIENTED_EDGE ( 'NONE', *, *, #1974, .F. ) ;
#6572 = DIRECTION ( 'NONE',  ( -0.8660254037844380415, 0.5000000000000012212, 0.000000000000000000 ) ) ;
#6573 = ORIENTED_EDGE ( 'NONE', *, *, #5017, .T. ) ;
#6574 = VERTEX_POINT ( 'NONE', #3868 ) ;
#6575 = DIRECTION ( 'NONE',  ( 1.000000000000000000, 0.000000000000000000, 0.000000000000000000 ) ) ;
#6576 = ADVANCED_FACE ( 'NONE', ( #6237 ), #4650, .F. ) ;
#6577 = CARTESIAN_POINT ( 'NONE',  ( 10.24588957259812005, -36.67431014136215595, -3.799999999999999822 ) ) ;
#6578 = EDGE_CURVE ( 'NONE', #7235, #7111, #5616, .T. ) ;
#6579 = CYLINDRICAL_SURFACE ( 'NONE', #6664, 7.700000000000000178 ) ;
#6580 = DIRECTION ( 'NONE',  ( 0.5000000000000011102, -0.8660254037844380415, 0.000000000000000000 ) ) ;
#6581 = ORIENTED_EDGE ( 'NONE', *, *, #1399, .T. ) ;
#6582 = EDGE_LOOP ( 'NONE', ( #4873, #56, #4712, #2196, #3385, #466, #283, #2776, #6994 ) ) ;
#6583 = DIRECTION ( 'NONE',  ( 0.000000000000000000, 0.000000000000000000, -1.000000000000000000 ) ) ;
#6584 = DIRECTION ( 'NONE',  ( 0.000000000000000000, 0.000000000000000000, -1.000000000000000000 ) ) ;
#6585 = COORDINATED_UNIVERSAL_TIME_OFFSET ( 8, 0, .AHEAD. ) ;
#6586 = VECTOR ( 'NONE', #2830, 1000.000000000000000 ) ;
#6587 = EDGE_CURVE ( 'NONE', #3174, #3891, #3316, .T. ) ;
#6588 = ORIENTED_EDGE ( 'NONE', *, *, #2363, .F. ) ;
#6589 = DIRECTION ( 'NONE',  ( 0.000000000000000000, 0.000000000000000000, -1.000000000000000000 ) ) ;
#6590 = CARTESIAN_POINT ( 'NONE',  ( -14.24233132880129915, 36.84299116956504605, -4.500000000000000000 ) ) ;
#6591 = VERTEX_POINT ( 'NONE', #253 ) ;
#6592 = DIRECTION ( 'NONE',  ( -0.8660254037844379305, 0.5000000000000011102, 0.000000000000000000 ) ) ;
#6593 = DIRECTION ( 'NONE',  ( 0.000000000000000000, 0.000000000000000000, -1.000000000000000000 ) ) ;
#6594 = CONICAL_SURFACE ( 'NONE', #719, 6.499999999999999112, 0.7853981633974490562 ) ;
#6595 = DIRECTION ( 'NONE',  ( 0.000000000000000000, 0.000000000000000000, -1.000000000000000000 ) ) ;
#6596 = DIRECTION ( 'NONE',  ( 0.000000000000000000, 0.000000000000000000, 1.000000000000000000 ) ) ;
#6597 = EDGE_CURVE ( 'NONE', #6111, #7474, #329, .T. ) ;
#6598 = EDGE_CURVE ( 'NONE', #5528, #7074, #5143, .T. ) ;
#6599 = CIRCLE ( 'NONE', #3856, 4.499999999999997335 ) ;
#6600 = VERTEX_POINT ( 'NONE', #5102 ) ;
#6601 = DIRECTION ( 'NONE',  ( 0.000000000000000000, 0.000000000000000000, -1.000000000000000000 ) ) ;
#6602 = AXIS2_PLACEMENT_3D ( 'NONE', #29, #6006, #4293 ) ;
#6603 = EDGE_CURVE ( 'NONE', #6416, #6707, #7378, .T. ) ;
#6604 = CARTESIAN_POINT ( 'NONE',  ( -11.50000000000000000, 1.399999999999999911, 30.56012519531154936 ) ) ;
#6605 = EDGE_CURVE ( 'NONE', #6292, #6564, #6779, .T. ) ;
#6606 = VECTOR ( 'NONE', #1562, 1000.000000000000000 ) ;
#6607 = DIRECTION ( 'NONE',  ( -1.000000000000000000, 0.000000000000000000, 0.000000000000000000 ) ) ;
#6608 = EDGE_LOOP ( 'NONE', ( #4184, #2967, #2342, #5988 ) ) ;
#6609 = CARTESIAN_POINT ( 'NONE',  ( -12.64327944127550118, -26.09880236658035102, 3.799999999999999822 ) ) ;
#6610 = VERTEX_POINT ( 'NONE', #7419 ) ;
#6611 = VERTEX_POINT ( 'NONE', #6311 ) ;
#6612 = DIRECTION ( 'NONE',  ( 1.000000000000000000, 0.000000000000000000, 0.000000000000000000 ) ) ;
#6613 = CARTESIAN_POINT ( 'NONE',  ( 1.961284649213400177, -6.197044660542629479, 5.000000000000000000 ) ) ;
#6614 = EDGE_CURVE ( 'NONE', #1128, #530, #1156, .T. ) ;
#6615 = FACE_OUTER_BOUND ( 'NONE', #6304, .T. ) ;
#6616 = EDGE_CURVE ( 'NONE', #530, #81, #3782, .T. ) ;
#6617 = DIRECTION ( 'NONE',  ( 0.000000000000000000, 0.000000000000000000, -1.000000000000000000 ) ) ;
#6618 = EDGE_LOOP ( 'NONE', ( #5526, #2731, #4204, #7082 ) ) ;
#6619 = VERTEX_POINT ( 'NONE', #5653 ) ;
#6620 = DIRECTION ( 'NONE',  ( 1.000000000000000000, 0.000000000000000000, 0.000000000000000000 ) ) ;
#6621 = DIRECTION ( 'NONE',  ( 0.000000000000000000, 0.000000000000000000, -1.000000000000000000 ) ) ;
#6622 = SHAPE_DEFINITION_REPRESENTATION ( #4497, #7068 ) ;
#6623 = ADVANCED_FACE ( 'NONE', ( #2714 ), #3155, .T. ) ;
#6624 = CIRCLE ( 'NONE', #1744, 1.600000000000004086 ) ;
#6625 = EDGE_LOOP ( 'NONE', ( #4837, #6061, #246, #1287 ) ) ;
#6626 = ADVANCED_FACE ( 'NONE', ( #5542 ), #1896, .F. ) ;
#6627 = CARTESIAN_POINT ( 'NONE',  ( 33.11205535492550212, -12.80006992841649982, -0.5999999999999999778 ) ) ;
#6628 = DIRECTION ( 'NONE',  ( -0.000000000000000000, -0.000000000000000000, -1.000000000000000000 ) ) ;
#6629 = EDGE_LOOP ( 'NONE', ( #4620, #3564, #3720, #6175 ) ) ;
#6630 = PLANE ( 'NONE',  #7234 ) ;
#6631 = CARTESIAN_POINT ( 'NONE',  ( 33.95447164295439535, 10.36068798139426050, -4.499999999999944933 ) ) ;
#6632 = AXIS2_PLACEMENT_3D ( 'NONE', #1608, #6390, #5106 ) ;
#6633 = LINE ( 'NONE', #686, #5646 ) ;
#6634 = CARTESIAN_POINT ( 'NONE',  ( 33.95447164295445219, -10.36068798139403846, -0.5999999999999999778 ) ) ;
#6635 = ORIENTED_EDGE ( 'NONE', *, *, #7077, .T. ) ;
#6636 = AXIS2_PLACEMENT_3D ( 'NONE', #7604, #2352, #1017 ) ;
#6637 = LINE ( 'NONE', #6166, #1967 ) ;
#6638 = FACE_OUTER_BOUND ( 'NONE', #1111, .T. ) ;
#6639 = EDGE_CURVE ( 'NONE', #7493, #1442, #5582, .T. ) ;
#6640 = ITEM_DEFINED_TRANSFORMATION ( 'NONE', 'NONE', #1785,  #44 ) ;
#6641 = EDGE_CURVE ( 'NONE', #6657, #4035, #2565, .T. ) ;
#6642 = EDGE_CURVE ( 'NONE', #4834, #1128, #5027, .T. ) ;
#6643 = AXIS2_PLACEMENT_3D ( 'NONE', #721, #2451, #1237 ) ;
#6644 = CC_DESIGN_PERSON_AND_ORGANIZATION_ASSIGNMENT ( #484, #4633, ( #7233 ) ) ;
#6645 = CYLINDRICAL_SURFACE ( 'NONE', #6958, 7.700000000000000178 ) ;
#6646 = ORIENTED_EDGE ( 'NONE', *, *, #2800, .F. ) ;
#6647 = DIRECTION ( 'NONE',  ( 1.000000000000000000, -8.673617379884043361E-16, 0.000000000000000000 ) ) ;
#6648 = ORIENTED_EDGE ( 'NONE', *, *, #3567, .F. ) ;
#6649 = ORIENTED_EDGE ( 'NONE', *, *, #2679, .T. ) ;
#6650 = VECTOR ( 'NONE', #1371, 1000.000000000000000 ) ;
#6651 = DIRECTION ( 'NONE',  ( 0.5000000000000007772, -0.8660254037844381525, 0.000000000000000000 ) ) ;
#6652 = ORIENTED_EDGE ( 'NONE', *, *, #21, .F. ) ;
#6653 = VECTOR ( 'NONE', #1875, 1000.000000000000114 ) ;
#6654 = VERTEX_POINT ( 'NONE', #4369 ) ;
#6655 = LINE ( 'NONE', #5376, #3794 ) ;
#6656 = DIRECTION ( 'NONE',  ( 0.000000000000000000, 0.000000000000000000, -1.000000000000000000 ) ) ;
#6657 = VERTEX_POINT ( 'NONE', #6741 ) ;
#6658 = EDGE_LOOP ( 'NONE', ( #688, #1550, #2473, #5227 ) ) ;
#6659 = CIRCLE ( 'NONE', #1783, 78.50000000000000000 ) ;
#6660 = CARTESIAN_POINT ( 'NONE',  ( -12.69999999999999929, -2.600000000000000089, 5.000000000000000000 ) ) ;
#6661 = CARTESIAN_POINT ( 'NONE',  ( -7.247758274114829646, 2.600000000000000089, 30.56012519531154936 ) ) ;
#6662 = VECTOR ( 'NONE', #4078, 1000.000000000000000 ) ;
#6663 = APPROVAL_STATUS ( 'not_yet_approved' ) ;
#6664 = AXIS2_PLACEMENT_3D ( 'NONE', #4791, #2394, #5337 ) ;
#6665 = ORIENTED_EDGE ( 'NONE', *, *, #1425, .F. ) ;
#6666 = CARTESIAN_POINT ( 'NONE',  ( 8.808915324408838288, -70.71953709566709279, -3.799999999999999822 ) ) ;
#6667 = CARTESIAN_POINT ( 'NONE',  ( -14.80357795871362114, 70.97255863797140307, -0.5999999999999999778 ) ) ;
#6668 = ORIENTED_EDGE ( 'NONE', *, *, #7222, .F. ) ;
#6669 = CC_DESIGN_APPROVAL ( #4368, ( #7423 ) ) ;
#6670 = CARTESIAN_POINT ( 'NONE',  ( 5.875545186896980354, 4.976742785872269259, 30.80087640576605068 ) ) ;
#6671 = CARTESIAN_POINT ( 'NONE',  ( -12.64327944127586001, 26.09880236658020181, 3.799999999999999822 ) ) ;
#6672 = AXIS2_PLACEMENT_3D ( 'NONE', #833, #6814, #6191 ) ;
#6673 = DIRECTION ( 'NONE',  ( 0.6922093447043908832, 0.1443822118680091748, -0.7071067811865608954 ) ) ;
#6674 = ORIENTED_EDGE ( 'NONE', *, *, #204, .F. ) ;
#6675 = FACE_BOUND ( 'NONE', #353, .T. ) ;
#6676 = DIRECTION ( 'NONE',  ( 0.000000000000000000, 0.000000000000000000, -1.000000000000000000 ) ) ;
#6677 = VECTOR ( 'NONE', #108, 1000.000000000000114 ) ;
#6678 = DATE_AND_TIME ( #1280, #7690 ) ;
#6679 = VECTOR ( 'NONE', #1648, 1000.000000000000000 ) ;
#6680 = VECTOR ( 'NONE', #6656, 1000.000000000000000 ) ;
#6681 = EDGE_CURVE ( 'NONE', #4937, #5940, #5522, .T. ) ;
#6682 = CARTESIAN_POINT ( 'NONE',  ( 14.80357795871362114, 70.97255863797140307, 5.000000000000000000 ) ) ;
#6683 = EDGE_LOOP ( 'NONE', ( #4239, #1212, #3267, #2106 ) ) ;
#6684 = EDGE_CURVE ( 'NONE', #2980, #1919, #4519, .T. ) ;
#6685 = DIRECTION ( 'NONE',  ( 0.000000000000000000, 0.000000000000000000, -1.000000000000000000 ) ) ;
#6686 = VERTEX_POINT ( 'NONE', #7539 ) ;
#6687 = ORIENTED_EDGE ( 'NONE', *, *, #995, .T. ) ;
#6688 = CARTESIAN_POINT ( 'NONE',  ( 70.71953709566700752, 8.808915324409579028, -4.499999999999944933 ) ) ;
#6689 = VECTOR ( 'NONE', #6909, 1000.000000000000000 ) ;
#6690 = EDGE_CURVE ( 'NONE', #2231, #4277, #2277, .T. ) ;
#6691 = DIRECTION ( 'NONE',  ( 0.000000000000000000, 0.000000000000000000, -1.000000000000000000 ) ) ;
#6692 = PLANE ( 'NONE',  #5937 ) ;
#6693 = ORIENTED_EDGE ( 'NONE', *, *, #472, .F. ) ;
#6694 = ORIENTED_EDGE ( 'NONE', *, *, #470, .T. ) ;
#6695 = DIRECTION ( 'NONE',  ( 1.000000000000000000, 0.000000000000000000, 0.000000000000000000 ) ) ;
#6696 = CARTESIAN_POINT ( 'NONE',  ( -12.39260979084540004, 25.66462979611909745, -4.500000000000000000 ) ) ;
#6697 = EDGE_CURVE ( 'NONE', #1300, #3069, #6385, .T. ) ;
#6698 = PERSON_AND_ORGANIZATION_ROLE ( 'creator' ) ;
#6699 = EDGE_CURVE ( 'NONE', #1526, #2273, #3149, .T. ) ;
#6700 = ORIENTED_EDGE ( 'NONE', *, *, #5017, .F. ) ;
#6701 = LINE ( 'NONE', #4253, #4067 ) ;
#6702 = CARTESIAN_POINT ( 'NONE',  ( 58.20652884342099753, -46.50000000000000000, 4.500000000000000000 ) ) ;
#6703 = ORIENTED_EDGE ( 'NONE', *, *, #7024, .F. ) ;
#6704 = DIRECTION ( 'NONE',  ( 3.885780586188044933E-16, 1.000000000000000000, 0.000000000000000000 ) ) ;
#6705 = CARTESIAN_POINT ( 'NONE',  ( 0.000000000000000000, 0.000000000000000000, -3.799999999999999822 ) ) ;
#6706 = CARTESIAN_POINT ( 'NONE',  ( -8.803577958713621143, -70.97255863797140307, 3.799999999999999822 ) ) ;
#6707 = VERTEX_POINT ( 'NONE', #6938 ) ;
#6708 = VECTOR ( 'NONE', #1825, 1000.000000000000000 ) ;
#6709 = PLANE ( 'NONE',  #1100 ) ;
#6710 = DIRECTION ( 'NONE',  ( 0.000000000000000000, 0.000000000000000000, 1.000000000000000000 ) ) ;
#6711 = EDGE_CURVE ( 'NONE', #3494, #1526, #1813, .T. ) ;
#6712 = PERSON_AND_ORGANIZATION ( #1179, #5555 ) ;
#6713 = APPROVAL_DATE_TIME ( #1939, #6736 ) ;
#6714 = VECTOR ( 'NONE', #2777, 1000.000000000000114 ) ;
#6715 = FACE_OUTER_BOUND ( 'NONE', #6897, .T. ) ;
#6716 = VERTEX_POINT ( 'NONE', #4682 ) ;
#6717 = CIRCLE ( 'NONE', #4358, 6.500000000000005329 ) ;
#6718 = DIRECTION ( 'NONE',  ( 0.000000000000000000, 0.000000000000000000, 1.000000000000000000 ) ) ;
#6719 = EDGE_LOOP ( 'NONE', ( #2269, #4451, #1397, #4424 ) ) ;
#6720 = VERTEX_POINT ( 'NONE', #523 ) ;
#6721 = DIRECTION ( 'NONE',  ( 0.000000000000000000, 0.000000000000000000, 1.000000000000000000 ) ) ;
#6722 = VECTOR ( 'NONE', #1194, 1000.000000000000000 ) ;
#6723 = ORIENTED_EDGE ( 'NONE', *, *, #215, .F. ) ;
#6724 = DIRECTION ( 'NONE',  ( 0.000000000000000000, 0.000000000000000000, -1.000000000000000000 ) ) ;
#6725 = DIRECTION ( 'NONE',  ( 0.000000000000000000, 0.000000000000000000, 1.000000000000000000 ) ) ;
#6726 = VERTEX_POINT ( 'NONE', #1075 ) ;
#6727 = VERTEX_POINT ( 'NONE', #3467 ) ;
#6728 = ADVANCED_FACE ( 'NONE', ( #7055 ), #3350, .F. ) ;
#6729 = DIRECTION ( 'NONE',  ( 0.000000000000000000, 0.000000000000000000, -1.000000000000000000 ) ) ;
#6730 = EDGE_CURVE ( 'NONE', #5271, #2550, #7619, .T. ) ;
#6731 = CIRCLE ( 'NONE', #6107, 3.999999999999996447 ) ;
#6732 = DIRECTION ( 'NONE',  ( 1.000000000000000000, 0.000000000000000000, 0.000000000000000000 ) ) ;
#6733 = PERSON_AND_ORGANIZATION ( #2664, #7165 ) ;
#6734 = ORIENTED_EDGE ( 'NONE', *, *, #5209, .F. ) ;
#6735 = DIRECTION ( 'NONE',  ( -1.000000000000000000, 0.000000000000000000, 0.000000000000000000 ) ) ;
#6736 = APPROVAL ( #6792, '未指定' ) ;
#6737 = CARTESIAN_POINT ( 'NONE',  ( 4.386155779809904232, 4.797044660542590933, -5.000000000000000000 ) ) ;
#6738 = ORIENTED_EDGE ( 'NONE', *, *, #4994, .T. ) ;
#6739 = CARTESIAN_POINT ( 'NONE',  ( 28.99685864425680037, -0.4268357588007369863, 3.799999999999999822 ) ) ;
#6740 = FACE_OUTER_BOUND ( 'NONE', #2283, .T. ) ;
#6741 = CARTESIAN_POINT ( 'NONE',  ( -12.39260979084503944, -25.66462979611925022, -0.5999999999999999778 ) ) ;
#6742 = AXIS2_PLACEMENT_3D ( 'NONE', #6279, #5702, #5858 ) ;
#6743 = VERTEX_POINT ( 'NONE', #4722 ) ;
#6744 = CARTESIAN_POINT ( 'NONE',  ( 16.13079529294314796, 77.33561561930680739, 5.000000000000000000 ) ) ;
#6745 = CARTESIAN_POINT ( 'NONE',  ( -84.40000000000000568, 0.000000000000000000, -5.000000000000000000 ) ) ;
#6746 = AXIS2_PLACEMENT_3D ( 'NONE', #6982, #5817, #2835 ) ;
#6747 = VECTOR ( 'NONE', #6628, 1000.000000000000000 ) ;
#6748 = COORDINATED_UNIVERSAL_TIME_OFFSET ( 8, 0, .AHEAD. ) ;
#6749 = DIRECTION ( 'NONE',  ( 0.000000000000000000, 0.000000000000000000, 1.000000000000000000 ) ) ;
#6750 = EDGE_CURVE ( 'NONE', #4895, #7716, #5810, .T. ) ;
#6751 = CARTESIAN_POINT ( 'NONE',  ( 10.36068798139389990, -33.95447164295450193, -0.5999999999999999778 ) ) ;
#6752 = ORIENTED_EDGE ( 'NONE', *, *, #3361, .F. ) ;
#6753 = CARTESIAN_POINT ( 'NONE',  ( -61.33171160011479373, -48.99664429530200493, 3.799999999999999822 ) ) ;
#6754 = ORIENTED_EDGE ( 'NONE', *, *, #6699, .F. ) ;
#6755 = ORIENTED_EDGE ( 'NONE', *, *, #2965, .T. ) ;
#6756 = ADVANCED_FACE ( 'NONE', ( #401 ), #4158, .F. ) ;
#6757 = CARTESIAN_POINT ( 'NONE',  ( 16.02870165184800300, 76.84614969766569459, -0.5999999999999999778 ) ) ;
#6758 = ADVANCED_BREP_SHAPE_REPRESENTATION ( '', ( #1144, #44 ), #7553 ) ;
#6759 = AXIS2_PLACEMENT_3D ( 'NONE', #292, #3197, #7497 ) ;
#6760 = VERTEX_POINT ( 'NONE', #5181 ) ;
#6761 = DIRECTION ( 'NONE',  ( 1.000000000000000000, 0.000000000000000000, 0.000000000000000000 ) ) ;
#6762 = DIRECTION ( 'NONE',  ( 0.000000000000000000, 0.000000000000000000, 1.000000000000000000 ) ) ;
#6763 = CARTESIAN_POINT ( 'NONE',  ( 11.27330309624259996, -0.4758213614811809822, -5.000000000000000000 ) ) ;
#6764 = ORIENTED_EDGE ( 'NONE', *, *, #3622, .F. ) ;
#6765 = VECTOR ( 'NONE', #2667, 1000.000000000000114 ) ;
#6766 = ORIENTED_EDGE ( 'NONE', *, *, #5711, .F. ) ;
#6767 = DIRECTION ( 'NONE',  ( 0.000000000000000000, 0.000000000000000000, 1.000000000000000000 ) ) ;
#6768 = DIRECTION ( 'NONE',  ( 0.000000000000000000, 0.000000000000000000, -1.000000000000000000 ) ) ;
#6769 = CIRCLE ( 'NONE', #6900, 78.50000000000000000 ) ;
#6770 = ORIENTED_EDGE ( 'NONE', *, *, #4186, .F. ) ;
#6771 = EDGE_CURVE ( 'NONE', #3198, #2550, #6518, .T. ) ;
#6772 = FACE_OUTER_BOUND ( 'NONE', #2097, .T. ) ;
#6773 = FACE_OUTER_BOUND ( 'NONE', #3308, .T. ) ;
#6774 = ORIENTED_EDGE ( 'NONE', *, *, #5190, .F. ) ;
#6775 = LINE ( 'NONE', #1420, #2362 ) ;
#6776 = DIRECTION ( 'NONE',  ( 0.000000000000000000, 0.000000000000000000, -1.000000000000000000 ) ) ;
#6777 = EDGE_CURVE ( 'NONE', #5490, #6842, #2764, .T. ) ;
#6778 = CIRCLE ( 'NONE', #166, 6.000000000000000000 ) ;
#6779 = LINE ( 'NONE', #876, #147 ) ;
#6780 = VECTOR ( 'NONE', #5993, 1000.000000000000114 ) ;
#6781 = CIRCLE ( 'NONE', #1041, 6.499999999999999112 ) ;
#6782 = APPROVAL_PERSON_ORGANIZATION ( #6507, #2242, #567 ) ;
#6783 = ORIENTED_EDGE ( 'NONE', *, *, #3061, .T. ) ;
#6784 = EDGE_CURVE ( 'NONE', #2595, #5088, #2328, .T. ) ;
#6785 = LINE ( 'NONE', #3319, #5729 ) ;
#6786 = VECTOR ( 'NONE', #5577, 1000.000000000000000 ) ;
#6787 = CARTESIAN_POINT ( 'NONE',  ( -16.02991648673969749, -23.56462979611924879, 0.5999999999999999778 ) ) ;
#6788 = CARTESIAN_POINT ( 'NONE',  ( 11.27330309624252180, 0.4758213614812579761, -5.000000000000000000 ) ) ;
#6789 = APPROVAL_DATE_TIME ( #2497, #769 ) ;
#6790 = PLANE ( 'NONE',  #763 ) ;
#6791 = APPROVAL_PERSON_ORGANIZATION ( #220, #196, #3202 ) ;
#6792 = APPROVAL_STATUS ( 'not_yet_approved' ) ;
#6793 = AXIS2_PLACEMENT_3D ( 'NONE', #2428, #3018, #115 ) ;
#6794 = VECTOR ( 'NONE', #3201, 1000.000000000000114 ) ;
#6795 = EDGE_CURVE ( 'NONE', #7254, #4121, #6468, .T. ) ;
#6796 = DIRECTION ( 'NONE',  ( -0.04217025705072554448, 0.9991104390507966615, 0.000000000000000000 ) ) ;
#6797 = ORIENTED_EDGE ( 'NONE', *, *, #2968, .T. ) ;
#6798 = VECTOR ( 'NONE', #1567, 1000.000000000000000 ) ;
#6799 = DIRECTION ( 'NONE',  ( 1.000000000000000000, 0.000000000000000000, 0.000000000000000000 ) ) ;
#6800 = ORIENTED_EDGE ( 'NONE', *, *, #3476, .T. ) ;
#6801 = EDGE_LOOP ( 'NONE', ( #3913, #3027, #6964, #5608 ) ) ;
#6802 = DIRECTION ( 'NONE',  ( 0.000000000000000000, 0.000000000000000000, 1.000000000000000000 ) ) ;
#6803 = VERTEX_POINT ( 'NONE', #2200 ) ;
#6804 = DIRECTION ( 'NONE',  ( 1.000000000000000000, -7.771561172376090853E-16, 0.000000000000000000 ) ) ;
#6805 = VERTEX_POINT ( 'NONE', #1728 ) ;
#6806 = CARTESIAN_POINT ( 'NONE',  ( -86.00000000000000000, 1.959434878635770160E-16, -5.000000000000000000 ) ) ;
#6807 = DIRECTION ( 'NONE',  ( 1.000000000000000000, 0.000000000000000000, 0.000000000000000000 ) ) ;
#6808 = ORIENTED_EDGE ( 'NONE', *, *, #1605, .T. ) ;
#6809 = VERTEX_POINT ( 'NONE', #5727 ) ;
#6810 = EDGE_CURVE ( 'NONE', #993, #3850, #3284, .T. ) ;
#6811 = CARTESIAN_POINT ( 'NONE',  ( 1.372213087217910132, -7.576742785872299990, 30.80087640576605068 ) ) ;
#6812 = LINE ( 'NONE', #4326, #6272 ) ;
#6813 = VERTEX_POINT ( 'NONE', #2797 ) ;
#6814 = DIRECTION ( 'NONE',  ( 0.000000000000000000, 0.000000000000000000, -1.000000000000000000 ) ) ;
#6815 = DIRECTION ( 'NONE',  ( 1.000000000000000000, 0.000000000000000000, 0.000000000000000000 ) ) ;
#6816 = ORIENTED_EDGE ( 'NONE', *, *, #1051, .T. ) ;
#6817 = DIRECTION ( 'NONE',  ( 1.000000000000000000, 0.000000000000000000, 0.000000000000000000 ) ) ;
#6818 = CARTESIAN_POINT ( 'NONE',  ( -16.02870165184855011, 76.84614969766559511, 4.500000000000000000 ) ) ;
#6819 = DIRECTION ( 'NONE',  ( 0.000000000000000000, 0.000000000000000000, 1.000000000000000000 ) ) ;
#6820 = EDGE_CURVE ( 'NONE', #315, #6803, #7667, .T. ) ;
#6821 = ORIENTED_EDGE ( 'NONE', *, *, #4427, .F. ) ;
#6822 = DIRECTION ( 'NONE',  ( 1.000000000000000000, 0.000000000000000000, 0.000000000000000000 ) ) ;
#6823 = DIRECTION ( 'NONE',  ( 0.000000000000000000, 0.000000000000000000, 1.000000000000000000 ) ) ;
#6824 = LINE ( 'NONE', #881, #4691 ) ;
#6825 = PLANE ( 'NONE',  #2763 ) ;
#6826 = ADVANCED_FACE ( 'NONE', ( #4595 ), #6025, .F. ) ;
#6827 = ADVANCED_FACE ( 'NONE', ( #7217 ), #1771, .T. ) ;
#6828 = ADVANCED_FACE ( 'NONE', ( #60 ), #1847, .T. ) ;
#6829 = CONICAL_SURFACE ( 'NONE', #5211, 6.499999999999999112, 0.7853981633974574939 ) ;
#6830 = CARTESIAN_POINT ( 'NONE',  ( -13.83473019803201964, 46.50000000000000000, 4.500000000000000000 ) ) ;
#6831 = ORIENTED_EDGE ( 'NONE', *, *, #5926, .F. ) ;
#6832 = EDGE_CURVE ( 'NONE', #5568, #6611, #2014, .T. ) ;
#6833 = CARTESIAN_POINT ( 'NONE',  ( -14.80357795871362114, 70.97255863797140307, 4.500000000000000000 ) ) ;
#6834 = ORIENTED_EDGE ( 'NONE', *, *, #6263, .F. ) ;
#6835 = ORIENTED_EDGE ( 'NONE', *, *, #6282, .F. ) ;
#6836 = AXIS2_PLACEMENT_3D ( 'NONE', #2426, #1323, #625 ) ;
#6837 = AXIS2_PLACEMENT_3D ( 'NONE', #3492, #507, #4372 ) ;
#6838 = CARTESIAN_POINT ( 'NONE',  ( 9.838288441828840547, 46.33131897179710279, 4.499999999999944933 ) ) ;
#6839 = EDGE_CURVE ( 'NONE', #6805, #2319, #5409, .T. ) ;
#6840 = AXIS2_PLACEMENT_3D ( 'NONE', #7586, #491, #1609 ) ;
#6841 = CARTESIAN_POINT ( 'NONE',  ( 12.74414409577109986, 1.083270731264101961E-12, 3.799999999999999822 ) ) ;
#6842 = VERTEX_POINT ( 'NONE', #7137 ) ;
#6843 = CYLINDRICAL_SURFACE ( 'NONE', #3175, 29.00000000000000000 ) ;
#6844 = LINE ( 'NONE', #940, #7000 ) ;
#6845 = ORIENTED_EDGE ( 'NONE', *, *, #3028, .F. ) ;
#6846 = ORIENTED_EDGE ( 'NONE', *, *, #260, .F. ) ;
#6847 = CARTESIAN_POINT ( 'NONE',  ( 4.386155779809904232, 4.797044660542590933, 5.000000000000000000 ) ) ;
#6848 = AXIS2_PLACEMENT_3D ( 'NONE', #325, #799, #1454 ) ;
#6849 = CARTESIAN_POINT ( 'NONE',  ( -13.83473019803201964, 46.50000000000000000, 5.000000000000000000 ) ) ;
#6850 = EDGE_CURVE ( 'NONE', #4222, #4861, #3661, .T. ) ;
#6851 = EDGE_CURVE ( 'NONE', #7074, #6727, #640, .T. ) ;
#6852 = ORIENTED_EDGE ( 'NONE', *, *, #3991, .T. ) ;
#6853 = PLANE ( 'NONE',  #3307 ) ;
#6854 = AXIS2_PLACEMENT_3D ( 'NONE', #296, #3353, #6314 ) ;
#6855 = CARTESIAN_POINT ( 'NONE',  ( -12.64327944127586001, 26.09880236658020181, -3.799999999999999822 ) ) ;
#6856 = VERTEX_POINT ( 'NONE', #4868 ) ;
#6857 = CARTESIAN_POINT ( 'NONE',  ( -16.28058613717050207, 23.99880236658015065, 5.000000000000000000 ) ) ;
#6858 = LINE ( 'NONE', #4745, #3921 ) ;
#6859 = EDGE_CURVE ( 'NONE', #3250, #4394, #4799, .T. ) ;
#6860 = CARTESIAN_POINT ( 'NONE',  ( 0.000000000000000000, 0.000000000000000000, -5.000000000000000000 ) ) ;
#6861 = VERTEX_POINT ( 'NONE', #5384 ) ;
#6862 = DIRECTION ( 'NONE',  ( 1.000000000000000000, 0.000000000000000000, 0.000000000000000000 ) ) ;
#6863 = CARTESIAN_POINT ( 'NONE',  ( 4.386155779809909561, 4.797044660542590933, 5.000000000000000000 ) ) ;
#6864 = DIRECTION ( 'NONE',  ( 0.000000000000000000, 0.7071067811865330288, -0.7071067811865621167 ) ) ;
#6865 = CARTESIAN_POINT ( 'NONE',  ( -11.27330309624259996, -0.4758213614811830361, -5.000000000000000000 ) ) ;
#6866 = CIRCLE ( 'NONE', #1611, 88.50000000000000000 ) ;
#6867 = EDGE_CURVE ( 'NONE', #7262, #5996, #6393, .T. ) ;
#6868 = B_SPLINE_CURVE_WITH_KNOTS ( 'NONE', 3,
 ( #528, #1607, #570, #7662 ),
 .UNSPECIFIED., .F., .F.,
 ( 4, 4 ),
 ( 2.453269466693399854E-18, 0.0007080544432370660356 ),
 .UNSPECIFIED. ) ;
#6869 = CARTESIAN_POINT ( 'NONE',  ( 0.000000000000000000, 0.000000000000000000, -5.000000000000000000 ) ) ;
#6870 = ORIENTED_EDGE ( 'NONE', *, *, #6784, .T. ) ;
#6871 = EDGE_CURVE ( 'NONE', #5528, #889, #3588, .T. ) ;
#6872 = CARTESIAN_POINT ( 'NONE',  ( 36.67431014136210621, -10.24588957259826039, -3.799999999999999822 ) ) ;
#6873 = ORIENTED_EDGE ( 'NONE', *, *, #802, .F. ) ;
#6874 = ORIENTED_EDGE ( 'NONE', *, *, #4701, .T. ) ;
#6875 = EDGE_CURVE ( 'NONE', #1170, #7279, #5527, .T. ) ;
#6876 = CIRCLE ( 'NONE', #3520, 3.999999999999996447 ) ;
#6877 = DIRECTION ( 'NONE',  ( 0.000000000000000000, 0.000000000000000000, 1.000000000000000000 ) ) ;
#6878 = PRODUCT_RELATED_PRODUCT_CATEGORY ( 'detail', '', ( #3324 ) ) ;
#6879 = DIRECTION ( 'NONE',  ( 1.000000000000000000, 0.000000000000000000, 0.000000000000000000 ) ) ;
#6880 = ORIENTED_EDGE ( 'NONE', *, *, #2042, .F. ) ;
#6881 = CARTESIAN_POINT ( 'NONE',  ( -8.803577958713621143, 70.97255863797140307, 4.500000000000000000 ) ) ;
#6882 = AXIS2_PLACEMENT_3D ( 'NONE', #747, #5453, #4392 ) ;
#6883 = CARTESIAN_POINT ( 'NONE',  ( 36.84299116956490394, 14.24233132880170061, -4.499999999999944933 ) ) ;
#6884 = VERTEX_POINT ( 'NONE', #90 ) ;
#6885 = ORIENTED_EDGE ( 'NONE', *, *, #5404, .T. ) ;
#6886 = LINE ( 'NONE', #980, #379 ) ;
#6887 = FACE_OUTER_BOUND ( 'NONE', #4436, .T. ) ;
#6888 = ORIENTED_EDGE ( 'NONE', *, *, #7344, .F. ) ;
#6889 = CIRCLE ( 'NONE', #6387, 6.500000000000000000 ) ;
#6890 = CARTESIAN_POINT ( 'NONE',  ( 8.309360104883459996, -70.69845196714169333, -5.000000000000000000 ) ) ;
#6891 = LINE ( 'NONE', #3384, #5128 ) ;
#6892 = ORIENTED_EDGE ( 'NONE', *, *, #5260, .T. ) ;
#6893 = LINE ( 'NONE', #2159, #6093 ) ;
#6894 = CARTESIAN_POINT ( 'NONE',  ( -8.318653347947439158, 10.20833024919759957, -0.5999999999999999778 ) ) ;
#6895 = CARTESIAN_POINT ( 'NONE',  ( -84.40000000000000568, 0.000000000000000000, -5.000000000000000000 ) ) ;
#6896 = VECTOR ( 'NONE', #1556, 1000.000000000000000 ) ;
#6897 = EDGE_LOOP ( 'NONE', ( #352, #82, #5964, #6652 ) ) ;
#6898 = DIRECTION ( 'NONE',  ( 1.000000000000000000, -2.664535259100375303E-15, 0.000000000000000000 ) ) ;
#6899 = DIRECTION ( 'NONE',  ( 0.000000000000000000, 0.000000000000000000, 1.000000000000000000 ) ) ;
#6900 = AXIS2_PLACEMENT_3D ( 'NONE', #1328, #5564, #3252 ) ;
#6901 = DIRECTION ( 'NONE',  ( 1.000000000000000000, 0.000000000000000000, 0.000000000000000000 ) ) ;
#6902 = CARTESIAN_POINT ( 'NONE',  ( 1.372213087217910132, -7.576742785872299990, 30.80087640576605068 ) ) ;
#6903 = CARTESIAN_POINT ( 'NONE',  ( -14.80357795871362114, 70.97255863797140307, 0.5999999999999999778 ) ) ;
#6904 = ADVANCED_FACE ( 'NONE', ( #5419 ), #1154, .T. ) ;
#6905 = AXIS2_PLACEMENT_3D ( 'NONE', #7122, #2712, #1752 ) ;
#6906 = AXIS2_PLACEMENT_3D ( 'NONE', #3753, #5474, #4375 ) ;
#6907 = CONICAL_SURFACE ( 'NONE', #2291, 35.50000000000000000, 0.7853981633974547183 ) ;
#6908 = CARTESIAN_POINT ( 'NONE',  ( 0.000000000000000000, 0.000000000000000000, -5.000000000000000000 ) ) ;
#6909 = DIRECTION ( 'NONE',  ( 0.000000000000000000, 0.000000000000000000, 1.000000000000000000 ) ) ;
#6910 = ORIENTED_EDGE ( 'NONE', *, *, #2454, .F. ) ;
#6911 = LOCAL_TIME ( 15, 19, 25.00000000000000000, #3717 ) ;
#6912 = VERTEX_POINT ( 'NONE', #709 ) ;
#6913 = CARTESIAN_POINT ( 'NONE',  ( -8.303577958713638907, 70.97255863797140307, 5.000000000000000000 ) ) ;
#6914 = ADVANCED_FACE ( 'NONE', ( #1197 ), #3106, .F. ) ;
#6915 = CC_DESIGN_SECURITY_CLASSIFICATION ( #7309, ( #7754 ) ) ;
#6916 = ADVANCED_FACE ( 'NONE', ( #5998 ), #2513, .T. ) ;
#6917 = AXIS2_PLACEMENT_3D ( 'NONE', #582, #1790, #6566 ) ;
#6918 = DIRECTION ( 'NONE',  ( 0.000000000000000000, 0.000000000000000000, 1.000000000000000000 ) ) ;
#6919 = VERTEX_POINT ( 'NONE', #566 ) ;
#6920 = CARTESIAN_POINT ( 'NONE',  ( 12.61978725336826024, -32.64568837809564883, -5.000000000000000000 ) ) ;
#6921 = CARTESIAN_POINT ( 'NONE',  ( 8.601666049839581163, -9.698522628062329787, 30.80087640576605068 ) ) ;
#6922 = VERTEX_POINT ( 'NONE', #4830 ) ;
#6923 = EDGE_LOOP ( 'NONE', ( #4009, #1276, #4030, #7524 ) ) ;
#6924 = VERTEX_POINT ( 'NONE', #2955 ) ;
#6925 = AXIS2_PLACEMENT_3D ( 'NONE', #2844, #1663, #7027 ) ;
#6926 = AXIS2_PLACEMENT_3D ( 'NONE', #1842, #85, #4245 ) ;
#6927 = DIRECTION ( 'NONE',  ( 0.000000000000000000, 0.000000000000000000, -1.000000000000000000 ) ) ;
#6928 = CARTESIAN_POINT ( 'NONE',  ( 0.000000000000000000, 0.000000000000000000, 3.299999999999999822 ) ) ;
#6929 = EDGE_CURVE ( 'NONE', #3288, #2302, #5344, .T. ) ;
#6930 = ORIENTED_EDGE ( 'NONE', *, *, #4260, .T. ) ;
#6931 = B_SPLINE_SURFACE_WITH_KNOTS ( 'NONE', 2, 1, ( 
 ( #433, #5295 ),
 ( #2356, #7692 ),
 ( #4587, #4624 ) ),
 .UNSPECIFIED., .F., .F., .F.,
 ( 3, 3 ),
 ( 2, 2 ),
 ( 0.000000000000000000, 1.000000000000000000 ),
 ( 0.000000000000000000, 1.000000000000000000 ),
 .UNSPECIFIED. ) ;
#6932 = DIRECTION ( 'NONE',  ( 0.000000000000000000, 0.000000000000000000, -1.000000000000000000 ) ) ;
#6933 = DIRECTION ( 'NONE',  ( 1.000000000000000000, 0.000000000000000000, 0.000000000000000000 ) ) ;
#6934 = ORIENTED_EDGE ( 'NONE', *, *, #5328, .F. ) ;
#6935 = CARTESIAN_POINT ( 'NONE',  ( -14.24233132880129915, -36.84299116956499631, -0.5999999999999999778 ) ) ;
#6936 = CARTESIAN_POINT ( 'NONE',  ( 8.500000000000000000, 78.03845206050668537, 0.5999999999999999778 ) ) ;
#6937 = ADVANCED_FACE ( 'NONE', ( #7183 ), #6548, .T. ) ;
#6938 = CARTESIAN_POINT ( 'NONE',  ( 5.875545186896980354, -4.976742785872279917, 0.5999999999999999778 ) ) ;
#6939 = DATE_AND_TIME ( #4559, #798 ) ;
#6940 = CONICAL_SURFACE ( 'NONE', #5559, 4.499999999999997335, 0.7853981633974447263 ) ;
#6941 = EDGE_CURVE ( 'NONE', #1170, #6743, #5607, .T. ) ;
#6942 = VERTEX_POINT ( 'NONE', #3771 ) ;
#6943 = CARTESIAN_POINT ( 'NONE',  ( -70.97255863797140307, 14.80357795871386095, -4.500000000000000000 ) ) ;
#6944 = LINE ( 'NONE', #2245, #1499 ) ;
#6945 = LINE ( 'NONE', #3239, #5847 ) ;
#6946 = DIRECTION ( 'NONE',  ( -0.5000000000000099920, 0.8660254037844328234, 0.000000000000000000 ) ) ;
#6947 = APPROVAL_ROLE ( '' ) ;
#6948 = SHAPE_DEFINITION_REPRESENTATION ( #7503, #1422 ) ;
#6949 = FACE_OUTER_BOUND ( 'NONE', #5656, .T. ) ;
#6950 = EDGE_CURVE ( 'NONE', #3900, #4218, #3145, .T. ) ;
#6951 = ADVANCED_FACE ( 'NONE', ( #3186 ), #7369, .F. ) ;
#6952 = CYLINDRICAL_SURFACE ( 'NONE', #3437, 28.50000000000000000 ) ;
#6953 = FACE_OUTER_BOUND ( 'NONE', #2602, .T. ) ;
#6954 = EDGE_LOOP ( 'NONE', ( #7123, #6022, #2098, #590 ) ) ;
#6955 = ORIENTED_EDGE ( 'NONE', *, *, #6810, .T. ) ;
#6956 = AXIS2_PLACEMENT_3D ( 'NONE', #6409, #1056, #4120 ) ;
#6957 = FACE_OUTER_BOUND ( 'NONE', #3295, .T. ) ;
#6958 = AXIS2_PLACEMENT_3D ( 'NONE', #1286, #5478, #4308 ) ;
#6959 = LINE ( 'NONE', #1097, #711 ) ;
#6960 = VERTEX_POINT ( 'NONE', #205 ) ;
#6961 = CARTESIAN_POINT ( 'NONE',  ( -79.00000000000000000, 0.000000000000000000, 3.299999999999999822 ) ) ;
#6962 = CARTESIAN_POINT ( 'NONE',  ( 62.70652884342099753, 46.50000000000000000, 5.000000000000000000 ) ) ;
#6963 = VERTEX_POINT ( 'NONE', #1448 ) ;
#6964 = ORIENTED_EDGE ( 'NONE', *, *, #1664, .T. ) ;
#6965 = LINE ( 'NONE', #5642, #3140 ) ;
#6966 = CYLINDRICAL_SURFACE ( 'NONE', #2403, 2.100000000000000089 ) ;
#6967 = DIRECTION ( 'NONE',  ( 0.000000000000000000, 0.000000000000000000, 1.000000000000000000 ) ) ;
#6968 = DIRECTION ( 'NONE',  ( -0.04217025705071829333, -0.9991104390507968835, 0.000000000000000000 ) ) ;
#6969 = CARTESIAN_POINT ( 'NONE',  ( -12.69999999999999929, 2.600000000000000089, -5.000000000000000000 ) ) ;
#6970 = ADVANCED_FACE ( 'NONE', ( #5531 ), #3894, .F. ) ;
#6971 = VERTEX_POINT ( 'NONE', #165 ) ;
#6972 = CARTESIAN_POINT ( 'NONE',  ( -36.67431014136210621, -10.24588957259823907, -4.500000000000000000 ) ) ;
#6973 = DIRECTION ( 'NONE',  ( 0.000000000000000000, 0.000000000000000000, -1.000000000000000000 ) ) ;
#6974 = ADVANCED_FACE ( 'NONE', ( #4393 ), #3539, .T. ) ;
#6975 = VECTOR ( 'NONE', #2879, 1000.000000000000000 ) ;
#6976 = DIRECTION ( 'NONE',  ( 0.000000000000000000, 0.000000000000000000, -1.000000000000000000 ) ) ;
#6977 = DATE_AND_TIME ( #3977, #413 ) ;
#6978 = AXIS2_PLACEMENT_3D ( 'NONE', #7536, #4446, #2676 ) ;
#6979 = CC_DESIGN_DATE_AND_TIME_ASSIGNMENT ( #6977, #6346, ( #7233 ) ) ;
#6980 = EDGE_LOOP ( 'NONE', ( #5783, #6874, #2324, #4041 ) ) ;
#6981 = CARTESIAN_POINT ( 'NONE',  ( 76.84614969766559511, -16.02870165184879880, -0.5999999999999999778 ) ) ;
#6982 = CARTESIAN_POINT ( 'NONE',  ( 58.20652884342099753, -46.50000000000000000, 5.000000000000000000 ) ) ;
#6983 = DIRECTION ( 'NONE',  ( 1.000000000000000000, 0.000000000000000000, 0.000000000000000000 ) ) ;
#6984 = DIRECTION ( 'NONE',  ( -0.04217025705071845293, -0.9991104390507968835, 0.000000000000000000 ) ) ;
#6985 = PERSON_AND_ORGANIZATION ( #2664, #7165 ) ;
#6986 = DIRECTION ( 'NONE',  ( 0.000000000000000000, -0.7071067811865570096, -0.7071067811865380248 ) ) ;
#6987 = CARTESIAN_POINT ( 'NONE',  ( 28.92386557844574924, 2.100000000000195044, 5.000000000000000000 ) ) ;
#6988 = CARTESIAN_POINT ( 'NONE',  ( 36.84299116956495368, -14.24233132880143948, -5.000000000000000000 ) ) ;
#6989 = EDGE_CURVE ( 'NONE', #4277, #4707, #4439, .T. ) ;
#6990 = ORIENTED_EDGE ( 'NONE', *, *, #5689, .T. ) ;
#6991 = ORIENTED_EDGE ( 'NONE', *, *, #2525, .F. ) ;
#6992 = DIRECTION ( 'NONE',  ( -1.000000000000000000, 7.771561172376090853E-16, 0.000000000000000000 ) ) ;
#6993 = FACE_OUTER_BOUND ( 'NONE', #7079, .T. ) ;
#6994 = ORIENTED_EDGE ( 'NONE', *, *, #21, .T. ) ;
#6995 = CARTESIAN_POINT ( 'NONE',  ( 0.000000000000000000, 0.000000000000000000, 3.799999999999999822 ) ) ;
#6996 = DIRECTION ( 'NONE',  ( 0.000000000000000000, 0.000000000000000000, -1.000000000000000000 ) ) ;
#6997 = EDGE_LOOP ( 'NONE', ( #1702, #6588, #5452, #2549 ) ) ;
#6998 = ORIENTED_EDGE ( 'NONE', *, *, #4848, .F. ) ;
#6999 = ORIENTED_EDGE ( 'NONE', *, *, #1330, .F. ) ;
#7000 = VECTOR ( 'NONE', #3336, 1000.000000000000000 ) ;
#7001 = DIRECTION ( 'NONE',  ( 0.000000000000000000, 0.000000000000000000, 1.000000000000000000 ) ) ;
#7002 = DIRECTION ( 'NONE',  ( 0.5000000000000007772, -0.8660254037844381525, 0.000000000000000000 ) ) ;
#7003 = CIRCLE ( 'NONE', #3021, 7.700000000000000178 ) ;
#7004 = DIRECTION ( 'NONE',  ( -0.5000000000000007772, 0.8660254037844381525, 0.000000000000000000 ) ) ;
#7005 = CARTESIAN_POINT ( 'NONE',  ( -8.309360104883459996, 70.69845196714169333, 5.000000000000000000 ) ) ;
#7006 = CARTESIAN_POINT ( 'NONE',  ( 0.000000000000000000, 0.000000000000000000, 3.299999999999999822 ) ) ;
#7007 = ORIENTED_EDGE ( 'NONE', *, *, #6690, .F. ) ;
#7008 = DIRECTION ( 'NONE',  ( -0.8660254037844381525, -0.5000000000000007772, 0.000000000000000000 ) ) ;
#7009 = CARTESIAN_POINT ( 'NONE',  ( -61.33171160011479373, -48.99664429530200493, 4.500000000000000000 ) ) ;
#7010 = CARTESIAN_POINT ( 'NONE',  ( 0.000000000000000000, 0.000000000000000000, 4.499999999999944933 ) ) ;
#7011 = PERSON_AND_ORGANIZATION ( #2664, #7165 ) ;
#7012 = AXIS2_PLACEMENT_3D ( 'NONE', #5432, #1895, #4296 ) ;
#7013 = EDGE_CURVE ( 'NONE', #2187, #889, #2646, .T. ) ;
#7014 = ORIENTED_EDGE ( 'NONE', *, *, #2306, .F. ) ;
#7015 = FACE_OUTER_BOUND ( 'NONE', #4935, .T. ) ;
#7016 = EDGE_CURVE ( 'NONE', #5604, #6442, #2553, .T. ) ;
#7017 = DIRECTION ( 'NONE',  ( 1.000000000000000000, 0.000000000000000000, 0.000000000000000000 ) ) ;
#7018 = EDGE_LOOP ( 'NONE', ( #5854, #7567, #4737, #4097 ) ) ;
#7019 = CARTESIAN_POINT ( 'NONE',  ( 4.537564434701829796, -10.65929214352101972, -5.000000000000000000 ) ) ;
#7020 = DIRECTION ( 'NONE',  ( 0.000000000000000000, 0.000000000000000000, 1.000000000000000000 ) ) ;
#7021 = AXIS2_PLACEMENT_3D ( 'NONE', #2626, #5574, #6188 ) ;
#7022 = DATE_AND_TIME ( #4730, #52 ) ;
#7023 = CARTESIAN_POINT ( 'NONE',  ( 0.000000000000000000, 0.000000000000000000, 5.000000000000000000 ) ) ;
#7024 = EDGE_CURVE ( 'NONE', #3605, #7191, #6812, .T. ) ;
#7025 = VECTOR ( 'NONE', #2433, 1000.000000000000114 ) ;
#7026 = ORIENTED_EDGE ( 'NONE', *, *, #1901, .T. ) ;
#7027 = DIRECTION ( 'NONE',  ( 0.000000000000000000, 0.000000000000000000, 1.000000000000000000 ) ) ;
#7028 = CIRCLE ( 'NONE', #6401, 6.500000000000000000 ) ;
#7029 = DIRECTION ( 'NONE',  ( 0.000000000000000000, 0.000000000000000000, -1.000000000000000000 ) ) ;
#7030 = ORIENTED_EDGE ( 'NONE', *, *, #2047, .F. ) ;
#7031 = ORIENTED_EDGE ( 'NONE', *, *, #3834, .F. ) ;
#7032 = VECTOR ( 'NONE', #1507, 1000.000000000000000 ) ;
#7033 = CARTESIAN_POINT ( 'NONE',  ( 9.838288441828840547, 46.33131897179710279, 3.799999999999999822 ) ) ;
#7034 = VECTOR ( 'NONE', #3888, 1000.000000000000000 ) ;
#7035 = EDGE_CURVE ( 'NONE', #4545, #3584, #319, .T. ) ;
#7036 = CC_DESIGN_APPROVAL ( #6563, ( #4806 ) ) ;
#7037 = DIRECTION ( 'NONE',  ( 0.7064777666070970463, -0.02981887472494311464, -0.7071067811865379138 ) ) ;
#7038 = ORIENTED_EDGE ( 'NONE', *, *, #5974, .F. ) ;
#7039 = DIRECTION ( 'NONE',  ( 0.02981887472494768737, -0.7064777666070908291, 0.7071067811865437980 ) ) ;
#7040 = AXIS2_PLACEMENT_3D ( 'NONE', #1268, #2484, #4909 ) ;
#7041 = ORIENTED_EDGE ( 'NONE', *, *, #7590, .T. ) ;
#7042 = EDGE_LOOP ( 'NONE', ( #6646, #2928 ) ) ;
#7043 = DIRECTION ( 'NONE',  ( -0.9991104390507971056, -0.04217025705071510838, 0.000000000000000000 ) ) ;
#7044 = CARTESIAN_POINT ( 'NONE',  ( -9.338733222303439163, -46.31023384327180281, 5.000000000000000000 ) ) ;
#7045 = ORIENTED_EDGE ( 'NONE', *, *, #3283, .T. ) ;
#7046 = AXIS2_PLACEMENT_3D ( 'NONE', #922, #7346, #3161 ) ;
#7047 = FACE_OUTER_BOUND ( 'NONE', #6923, .T. ) ;
#7048 = EDGE_CURVE ( 'NONE', #6716, #7439, #5056, .T. ) ;
#7049 = DIRECTION ( 'NONE',  ( 0.000000000000000000, 0.000000000000000000, -1.000000000000000000 ) ) ;
#7050 = ORIENTED_EDGE ( 'NONE', *, *, #571, .T. ) ;
#7051 = FACE_OUTER_BOUND ( 'NONE', #3460, .T. ) ;
#7052 = ORIENTED_EDGE ( 'NONE', *, *, #7467, .F. ) ;
#7053 = CIRCLE ( 'NONE', #5440, 29.00000000000000000 ) ;
#7054 = LINE ( 'NONE', #7094, #3216 ) ;
#7055 = FACE_OUTER_BOUND ( 'NONE', #3881, .T. ) ;
#7056 = COORDINATED_UNIVERSAL_TIME_OFFSET ( 8, 0, .AHEAD. ) ;
#7057 = VECTOR ( 'NONE', #6476, 1000.000000000000000 ) ;
#7058 = AXIS2_PLACEMENT_3D ( 'NONE', #3849, #7252, #3809 ) ;
#7059 = EDGE_LOOP ( 'NONE', ( #6816, #7292, #4505, #3998, #2767, #4002, #5886, #1363, #7041 ) ) ;
#7060 = CARTESIAN_POINT ( 'NONE',  ( -76.84614969766559511, -16.02870165184879880, -3.799999999999999822 ) ) ;
#7061 = CARTESIAN_POINT ( 'NONE',  ( 58.20652884342099753, 46.50000000000000000, 4.499999999999944933 ) ) ;
#7062 = ORIENTED_EDGE ( 'NONE', *, *, #4848, .T. ) ;
#7063 = CARTESIAN_POINT ( 'NONE',  ( 61.72235944470150315, -49.30872483221479996, 5.000000000000000000 ) ) ;
#7064 = DIRECTION ( 'NONE',  ( 0.000000000000000000, 0.000000000000000000, -1.000000000000000000 ) ) ;
#7065 = APPROVAL_ROLE ( '' ) ;
#7066 = CARTESIAN_POINT ( 'NONE',  ( -76.97255863797140307, -14.80357795871386095, -0.5999999999999999778 ) ) ;
#7067 = VECTOR ( 'NONE', #6761, 1000.000000000000000 ) ;
#7068 = SHAPE_REPRESENTATION ( '零件4', ( #44 ), #7553 ) ;
#7069 = VERTEX_POINT ( 'NONE', #3816 ) ;
#7070 = DIRECTION ( 'NONE',  ( 1.000000000000000000, 0.000000000000000000, 0.000000000000000000 ) ) ;
#7071 = EDGE_CURVE ( 'NONE', #6557, #5950, #829, .T. ) ;
#7072 = DIRECTION ( 'NONE',  ( 0.000000000000000000, 0.000000000000000000, 1.000000000000000000 ) ) ;
#7073 = VERTEX_POINT ( 'NONE', #2072 ) ;
#7074 = VERTEX_POINT ( 'NONE', #1339 ) ;
#7075 = ADVANCED_FACE ( 'NONE', ( #3737 ), #3408, .F. ) ;
#7076 = EDGE_CURVE ( 'NONE', #2273, #6809, #7729, .T. ) ;
#7077 = EDGE_CURVE ( 'NONE', #5950, #4371, #6108, .T. ) ;
#7078 = DIRECTION ( 'NONE',  ( 0.000000000000000000, 0.000000000000000000, -1.000000000000000000 ) ) ;
#7079 = EDGE_LOOP ( 'NONE', ( #6821, #2624, #1182, #1630 ) ) ;
#7080 = DIRECTION ( 'NONE',  ( -0.7064777666070869433, -0.02981887472494270871, 0.7071067811865480168 ) ) ;
#7081 = ORIENTED_EDGE ( 'NONE', *, *, #6189, .F. ) ;
#7082 = ORIENTED_EDGE ( 'NONE', *, *, #6477, .T. ) ;
#7083 = ORIENTED_EDGE ( 'NONE', *, *, #2537, .T. ) ;
#7084 = CARTESIAN_POINT ( 'NONE',  ( -33.95447164295445219, 10.36068798139403846, -4.500000000000000000 ) ) ;
#7085 = DIRECTION ( 'NONE',  ( 0.000000000000000000, 0.000000000000000000, -1.000000000000000000 ) ) ;
#7086 = AXIS2_PLACEMENT_3D ( 'NONE', #3573, #7317, #1941 ) ;
#7087 = VERTEX_POINT ( 'NONE', #6336 ) ;
#7088 = FACE_OUTER_BOUND ( 'NONE', #6997, .T. ) ;
#7089 = DIRECTION ( 'NONE',  ( 0.000000000000000000, -1.000000000000000000, 0.000000000000000000 ) ) ;
#7090 = EDGE_LOOP ( 'NONE', ( #7435, #6910, #2350, #4641 ) ) ;
#7091 = DIRECTION ( 'NONE',  ( 1.000000000000000000, 0.000000000000000000, 0.000000000000000000 ) ) ;
#7092 = ORIENTED_EDGE ( 'NONE', *, *, #5545, .F. ) ;
#7093 = EDGE_CURVE ( 'NONE', #4038, #3376, #1164, .T. ) ;
#7094 = CARTESIAN_POINT ( 'NONE',  ( -10.00000000000000000, 42.50000000000000000, 4.500000000000000000 ) ) ;
#7095 = CIRCLE ( 'NONE', #7349, 35.50000000000000000 ) ;
#7096 = DIRECTION ( 'NONE',  ( 0.000000000000000000, 0.000000000000000000, -1.000000000000000000 ) ) ;
#7097 = CALENDAR_DATE ( 2026, 9, 8 ) ;
#7098 = VECTOR ( 'NONE', #1192, 1000.000000000000000 ) ;
#7099 = VERTEX_POINT ( 'NONE', #6300 ) ;
#7100 = DIRECTION ( 'NONE',  ( 0.000000000000000000, 0.000000000000000000, -1.000000000000000000 ) ) ;
#7101 = VECTOR ( 'NONE', #4020, 1000.000000000000114 ) ;
#7102 = FACE_OUTER_BOUND ( 'NONE', #5538, .T. ) ;
#7103 = VERTEX_POINT ( 'NONE', #6418 ) ;
#7104 = DIRECTION ( 'NONE',  ( 0.000000000000000000, 0.000000000000000000, -1.000000000000000000 ) ) ;
#7105 = DIRECTION ( 'NONE',  ( 0.000000000000000000, 0.000000000000000000, 1.000000000000000000 ) ) ;
#7106 = EDGE_CURVE ( 'NONE', #736, #5125, #5291, .T. ) ;
#7107 = AXIS2_PLACEMENT_3D ( 'NONE', #4792, #4717, #5414 ) ;
#7108 = APPROVAL_STATUS ( 'not_yet_approved' ) ;
#7109 = CARTESIAN_POINT ( 'NONE',  ( 0.000000000000000000, 0.000000000000000000, 3.299999999999999822 ) ) ;
#7110 = AXIS2_PLACEMENT_3D ( 'NONE', #6935, #874, #3938 ) ;
#7111 = VERTEX_POINT ( 'NONE', #3417 ) ;
#7112 = FACE_OUTER_BOUND ( 'NONE', #1438, .T. ) ;
#7113 = LINE ( 'NONE', #1618, #2303 ) ;
#7114 = ORIENTED_EDGE ( 'NONE', *, *, #4585, .F. ) ;
#7115 = AXIS2_PLACEMENT_3D ( 'NONE', #2672, #1344, #5062 ) ;
#7116 = CARTESIAN_POINT ( 'NONE',  ( 0.000000000000000000, 0.000000000000000000, 0.5999999999999999778 ) ) ;
#7117 = EDGE_CURVE ( 'NONE', #1552, #5723, #4584, .T. ) ;
#7118 = AXIS2_PLACEMENT_3D ( 'NONE', #5760, #6967, #3421 ) ;
#7119 = LINE ( 'NONE', #1750, #2079 ) ;
#7120 = VERTEX_POINT ( 'NONE', #982 ) ;
#7121 = ADVANCED_FACE ( 'NONE', ( #6887 ), #3379, .F. ) ;
#7122 = CARTESIAN_POINT ( 'NONE',  ( 0.000000000000000000, 0.000000000000000000, 4.500000000000000000 ) ) ;
#7123 = ORIENTED_EDGE ( 'NONE', *, *, #7461, .F. ) ;
#7124 = ORIENTED_EDGE ( 'NONE', *, *, #7504, .T. ) ;
#7125 = CARTESIAN_POINT ( 'NONE',  ( -12.69999999999999929, -2.600000000000000089, -0.5999999999999999778 ) ) ;
#7126 = CIRCLE ( 'NONE', #1493, 3.999999999999996447 ) ;
#7127 = DIRECTION ( 'NONE',  ( 0.000000000000000000, 0.000000000000000000, -1.000000000000000000 ) ) ;
#7128 = EDGE_LOOP ( 'NONE', ( #7671, #5835, #4324, #4520 ) ) ;
#7129 = DIRECTION ( 'NONE',  ( -1.000000000000000000, 0.000000000000000000, 0.000000000000000000 ) ) ;
#7130 = AXIS2_PLACEMENT_3D ( 'NONE', #406, #4019, #1692 ) ;
#7131 = DIRECTION ( 'NONE',  ( 0.000000000000000000, 0.000000000000000000, -1.000000000000000000 ) ) ;
#7132 = AXIS2_PLACEMENT_3D ( 'NONE', #3899, #5097, #7491 ) ;
#7133 = ORIENTED_EDGE ( 'NONE', *, *, #7661, .T. ) ;
#7134 = DIRECTION ( 'NONE',  ( 0.000000000000000000, 0.000000000000000000, -1.000000000000000000 ) ) ;
#7135 = ORIENTED_EDGE ( 'NONE', *, *, #916, .T. ) ;
#7136 = DIRECTION ( 'NONE',  ( 0.000000000000000000, 0.000000000000000000, -1.000000000000000000 ) ) ;
#7137 = CARTESIAN_POINT ( 'NONE',  ( 4.386155779809839395, -4.797044660542650441, 5.000000000000000000 ) ) ;
#7138 = CC_DESIGN_PERSON_AND_ORGANIZATION_ASSIGNMENT ( #220, #1322, ( #5177 ) ) ;
#7139 = APPROVAL_ROLE ( '' ) ;
#7140 = CONICAL_SURFACE ( 'NONE', #3766, 6.499999999999999112, 0.7853981633974391752 ) ;
#7141 = EDGE_CURVE ( 'NONE', #6842, #4133, #512, .T. ) ;
#7142 = ORIENTED_EDGE ( 'NONE', *, *, #7541, .T. ) ;
#7143 = CARTESIAN_POINT ( 'NONE',  ( -70.71953709566709279, -8.808915324409088754, -3.799999999999999822 ) ) ;
#7144 = DIRECTION ( 'NONE',  ( 1.000000000000000000, 0.000000000000000000, 0.000000000000000000 ) ) ;
#7145 = ORIENTED_EDGE ( 'NONE', *, *, #6551, .F. ) ;
#7146 = LINE ( 'NONE', #4689, #3736 ) ;
#7147 = DIRECTION ( 'NONE',  ( -0.9991104390507974387, 0.04217025705070797520, 0.000000000000000000 ) ) ;
#7148 = CIRCLE ( 'NONE', #4780, 65.00000000000000000 ) ;
#7149 = LINE ( 'NONE', #4192, #3281 ) ;
#7150 = DIRECTION ( 'NONE',  ( 0.000000000000000000, 0.000000000000000000, 1.000000000000000000 ) ) ;
#7151 = AXIS2_PLACEMENT_3D ( 'NONE', #5262, #7656, #3976 ) ;
#7152 = ORIENTED_EDGE ( 'NONE', *, *, #2997, .F. ) ;
#7153 = AXIS2_PLACEMENT_3D ( 'NONE', #3628, #1263, #6036 ) ;
#7154 = DIRECTION ( 'NONE',  ( 0.000000000000000000, -1.000000000000000000, 0.000000000000000000 ) ) ;
#7155 = FACE_OUTER_BOUND ( 'NONE', #5680, .T. ) ;
#7156 = ORIENTED_EDGE ( 'NONE', *, *, #594, .F. ) ;
#7157 = CARTESIAN_POINT ( 'NONE',  ( 0.000000000000000000, 0.000000000000000000, 0.000000000000000000 ) ) ;
#7158 = AXIS2_PLACEMENT_3D ( 'NONE', #5745, #1622, #2733 ) ;
#7159 =( REPRESENTATION_RELATIONSHIP ('NONE','NONE', #4681, #1422 ) REPRESENTATION_RELATIONSHIP_WITH_TRANSFORMATION ( #6640 )SHAPE_REPRESENTATION_RELATIONSHIP( ) );
#7160 = AXIS2_PLACEMENT_3D ( 'NONE', #4205, #4237, #7163 ) ;
#7161 = LINE ( 'NONE', #2, #3475 ) ;
#7162 = VERTEX_POINT ( 'NONE', #2861 ) ;
#7163 = DIRECTION ( 'NONE',  ( -1.000000000000000000, 0.000000000000000000, 0.000000000000000000 ) ) ;
#7164 = VERTEX_POINT ( 'NONE', #3459 ) ;
#7165 = ORGANIZATION ( '未指定', '未指定', '' ) ;
#7166 = ORIENTED_EDGE ( 'NONE', *, *, #1815, .F. ) ;
#7167 = AXIS2_PLACEMENT_3D ( 'NONE', #7733, #7290, #7212 ) ;
#7168 = DIRECTION ( 'NONE',  ( 1.000000000000000000, 0.000000000000000000, 0.000000000000000000 ) ) ;
#7169 = CARTESIAN_POINT ( 'NONE',  ( 8.601666049839590045, 9.698522628062329787, 5.000000000000000000 ) ) ;
#7170 = ADVANCED_FACE ( 'NONE', ( #5170 ), #6966, .F. ) ;
#7171 = VECTOR ( 'NONE', #1491, 1000.000000000000000 ) ;
#7172 = PRODUCT_DEFINITION_FORMATION_WITH_SPECIFIED_SOURCE ( '任何', '', #5746, .NOT_KNOWN. ) ;
#7173 = AXIS2_PLACEMENT_3D ( 'NONE', #5535, #95, #2559 ) ;
#7174 = CARTESIAN_POINT ( 'NONE',  ( 4.098333950160519379, 12.29852262806234009, 0.5999999999999999778 ) ) ;
#7175 = CARTESIAN_POINT ( 'NONE',  ( 76.84614969766559511, -16.02870165184879880, -3.799999999999999822 ) ) ;
#7176 = ORIENTED_EDGE ( 'NONE', *, *, #5476, .F. ) ;
#7177 = DIRECTION ( 'NONE',  ( 0.2549582041139414335, 0.6595425036758255644, 0.7071067811865597852 ) ) ;
#7178 = ORIENTED_EDGE ( 'NONE', *, *, #2419, .T. ) ;
#7179 = EDGE_CURVE ( 'NONE', #1629, #7321, #2742, .T. ) ;
#7180 = DIRECTION ( 'NONE',  ( 0.000000000000000000, 0.000000000000000000, 1.000000000000000000 ) ) ;
#7181 = EDGE_CURVE ( 'NONE', #1908, #4121, #4508, .T. ) ;
#7182 = EDGE_CURVE ( 'NONE', #6842, #2947, #7647, .T. ) ;
#7183 = FACE_OUTER_BOUND ( 'NONE', #3525, .T. ) ;
#7184 = CALENDAR_DATE ( 2026, 9, 8 ) ;
#7185 = VECTOR ( 'NONE', #5278, 1000.000000000000000 ) ;
#7186 = ORIENTED_EDGE ( 'NONE', *, *, #6001, .F. ) ;
#7187 = CARTESIAN_POINT ( 'NONE',  ( 58.20652884342099753, 42.50000000000000000, 3.799999999999999822 ) ) ;
#7188 = EDGE_CURVE ( 'NONE', #3956, #4382, #1021, .T. ) ;
#7189 = DIRECTION ( 'NONE',  ( 1.000000000000000000, 0.000000000000000000, -0.000000000000000000 ) ) ;
#7190 = AXIS2_PLACEMENT_3D ( 'NONE', #197, #3923, #5009 ) ;
#7191 = VERTEX_POINT ( 'NONE', #391 ) ;
#7192 = DIRECTION ( 'NONE',  ( 1.000000000000000000, 0.000000000000000000, 0.000000000000000000 ) ) ;
#7193 = PLANE ( 'NONE',  #5422 ) ;
#7194 = B_SPLINE_CURVE_WITH_KNOTS ( 'NONE', 2,
 ( #1952, #825, #5489 ),
 .UNSPECIFIED., .F., .F.,
 ( 3, 3 ),
 ( 0.000000000000000000, 0.9871637959192589573 ),
 .UNSPECIFIED. ) ;
#7195 = CARTESIAN_POINT ( 'NONE',  ( 28.75675633182089896, 2.100000000000195044, -4.833329469438149673 ) ) ;
#7196 = AXIS2_PLACEMENT_3D ( 'NONE', #3767, #2509, #1444 ) ;
#7197 = CARTESIAN_POINT ( 'NONE',  ( 5.875545186896980354, 4.976742785872269259, 30.80087640576605068 ) ) ;
#7198 = ADVANCED_FACE ( 'NONE', ( #2268 ), #2823, .F. ) ;
#7199 = ORIENTED_EDGE ( 'NONE', *, *, #860, .T. ) ;
#7200 = CARTESIAN_POINT ( 'NONE',  ( 0.000000000000000000, 0.000000000000000000, 5.000000000000000000 ) ) ;
#7201 = EDGE_CURVE ( 'NONE', #3039, #993, #5207, .T. ) ;
#7202 =( NAMED_UNIT ( * ) PLANE_ANGLE_UNIT ( ) SI_UNIT ( $, .RADIAN. ) );
#7203 = EDGE_CURVE ( 'NONE', #5403, #3328, #4086, .T. ) ;
#7204 = DIRECTION ( 'NONE',  ( 0.000000000000000000, 0.000000000000000000, -1.000000000000000000 ) ) ;
#7205 = ORIENTED_EDGE ( 'NONE', *, *, #5069, .F. ) ;
#7206 = DIRECTION ( 'NONE',  ( 1.000000000000000000, 0.000000000000000000, 0.000000000000000000 ) ) ;
#7207 = EDGE_LOOP ( 'NONE', ( #4039, #773, #2034, #3591 ) ) ;
#7208 = ORIENTED_EDGE ( 'NONE', *, *, #4735, .T. ) ;
#7209 = CARTESIAN_POINT ( 'NONE',  ( 70.71953709566700752, 8.808915324409579028, -4.499999999999944933 ) ) ;
#7210 = LINE ( 'NONE', #2468, #4533 ) ;
#7211 = ORIENTED_EDGE ( 'NONE', *, *, #656, .T. ) ;
#7212 = DIRECTION ( 'NONE',  ( 1.000000000000000000, 0.000000000000000000, 0.000000000000000000 ) ) ;
#7213 = LINE ( 'NONE', #5339, #7236 ) ;
#7214 = ORIENTED_EDGE ( 'NONE', *, *, #4261, .F. ) ;
#7215 = VERTEX_POINT ( 'NONE', #2108 ) ;
#7216 = PLANE ( 'NONE',  #1997 ) ;
#7217 = FACE_OUTER_BOUND ( 'NONE', #6285, .T. ) ;
#7218 = DATE_AND_TIME ( #5532, #2668 ) ;
#7219 = CIRCLE ( 'NONE', #7731, 79.00000000000000000 ) ;
#7220 = EDGE_CURVE ( 'NONE', #6264, #4408, #3786, .T. ) ;
#7221 = ORIENTED_EDGE ( 'NONE', *, *, #140, .T. ) ;
#7222 = EDGE_CURVE ( 'NONE', #2376, #2779, #1634, .T. ) ;
#7223 = CYLINDRICAL_SURFACE ( 'NONE', #6413, 3.999999999999996447 ) ;
#7224 = DIRECTION ( 'NONE',  ( 1.000000000000000000, 0.000000000000000000, 0.000000000000000000 ) ) ;
#7225 = ORIENTED_EDGE ( 'NONE', *, *, #1995, .F. ) ;
#7226 = CARTESIAN_POINT ( 'NONE',  ( 6.962435565298259910, 9.259292143521010487, -5.000000000000000000 ) ) ;
#7227 = DIRECTION ( 'NONE',  ( 0.000000000000000000, 0.000000000000000000, 1.000000000000000000 ) ) ;
#7228 = AXIS2_PLACEMENT_3D ( 'NONE', #6682, #3719, #189 ) ;
#7229 = AXIS2_PLACEMENT_3D ( 'NONE', #3714, #107, #5585 ) ;
#7230 = CARTESIAN_POINT ( 'NONE',  ( 76.84614969766539616, 16.02870165184935303, -3.799999999999999822 ) ) ;
#7231 = DIRECTION ( 'NONE',  ( -1.000000000000000000, 0.000000000000000000, 0.000000000000000000 ) ) ;
#7232 = CIRCLE ( 'NONE', #3858, 29.00000000000000000 ) ;
#7233 = PRODUCT_DEFINITION ( '未知', '', #4195, #2674 ) ;
#7234 = AXIS2_PLACEMENT_3D ( 'NONE', #6670, #3667, #4838 ) ;
#7235 = VERTEX_POINT ( 'NONE', #3340 ) ;
#7236 = VECTOR ( 'NONE', #1224, 1000.000000000000000 ) ;
#7237 = CARTESIAN_POINT ( 'NONE',  ( -16.13079529294310177, 77.33561561930680739, 5.000000000000000000 ) ) ;
#7238 = DIRECTION ( 'NONE',  ( 0.000000000000000000, 0.000000000000000000, 1.000000000000000000 ) ) ;
#7239 = CIRCLE ( 'NONE', #480, 79.00000000000000000 ) ;
#7240 = DIRECTION ( 'NONE',  ( 0.000000000000000000, 0.000000000000000000, 1.000000000000000000 ) ) ;
#7241 = CIRCLE ( 'NONE', #3496, 79.00000000000000000 ) ;
#7242 = CARTESIAN_POINT ( 'NONE',  ( 61.33171160011479373, 48.99664429530200493, 3.799999999999999822 ) ) ;
#7243 = VERTEX_POINT ( 'NONE', #2149 ) ;
#7244 = CARTESIAN_POINT ( 'NONE',  ( 16.13079529294260084, 77.33561561930690686, -5.000000000000000000 ) ) ;
#7245 = ORIENTED_EDGE ( 'NONE', *, *, #7222, .T. ) ;
#7246 = ORIENTED_EDGE ( 'NONE', *, *, #1741, .F. ) ;
#7247 = CARTESIAN_POINT ( 'NONE',  ( -16.13079529294310177, 77.33561561930669370, -5.000000000000000000 ) ) ;
#7248 = PERSON ( 'NAUO-PER1', 'UNSPECIFIED', 'UNSPECIFIED', ('UNSPECIFIED'), ('UNSPECIFIED'), ('UNSPECIFIED') ) ;
#7249 = CIRCLE ( 'NONE', #495, 6.000000000000005329 ) ;
#7250 = ORIENTED_EDGE ( 'NONE', *, *, #1861, .F. ) ;
#7251 = FACE_OUTER_BOUND ( 'NONE', #5320, .T. ) ;
#7252 = DIRECTION ( 'NONE',  ( 0.000000000000000000, 0.000000000000000000, -1.000000000000000000 ) ) ;
#7253 = EDGE_LOOP ( 'NONE', ( #4228, #1401, #4755, #3142, #3686, #3732, #6172, #4621, #277 ) ) ;
#7254 = VERTEX_POINT ( 'NONE', #4547 ) ;
#7255 = DIRECTION ( 'NONE',  ( 0.000000000000000000, -0.7071067811865475727, 0.7071067811865475727 ) ) ;
#7256 = CARTESIAN_POINT ( 'NONE',  ( 70.97255863797130360, 14.80357795871436188, -5.000000000000000000 ) ) ;
#7257 = APPROVAL_DATE_TIME ( #2995, #4548 ) ;
#7258 = CONICAL_SURFACE ( 'NONE', #6119, 6.499999999999999112, 0.7853981633974574939 ) ;
#7259 = ORIENTED_EDGE ( 'NONE', *, *, #5697, .F. ) ;
#7260 = CARTESIAN_POINT ( 'NONE',  ( -8.803577958713621143, 70.97255863797140307, 3.799999999999999822 ) ) ;
#7261 = FACE_BOUND ( 'NONE', #2519, .T. ) ;
#7262 = VERTEX_POINT ( 'NONE', #6613 ) ;
#7263 = DIRECTION ( 'NONE',  ( 1.000000000000000000, 0.000000000000000000, 0.000000000000000000 ) ) ;
#7264 = CARTESIAN_POINT ( 'NONE',  ( 13.00000000000000000, -2.099999999999909495, 5.000000000000000000 ) ) ;
#7265 =( REPRESENTATION_RELATIONSHIP ('NONE','NONE', #121, #4681 ) REPRESENTATION_RELATIONSHIP_WITH_TRANSFORMATION ( #3241 )SHAPE_REPRESENTATION_RELATIONSHIP( ) );
#7266 = VECTOR ( 'NONE', #1014, 1000.000000000000000 ) ;
#7267 = CARTESIAN_POINT ( 'NONE',  ( -76.84614969766559511, 16.02870165184879880, -3.799999999999999822 ) ) ;
#7268 = EDGE_CURVE ( 'NONE', #3039, #7566, #9, .T. ) ;
#7269 = ADVANCED_FACE ( 'NONE', ( #4167 ), #1838, .F. ) ;
#7270 = VERTEX_POINT ( 'NONE', #4127 ) ;
#7271 = VECTOR ( 'NONE', #6534, 1000.000000000000000 ) ;
#7272 = DIRECTION ( 'NONE',  ( -0.7071067811865550112, 0.000000000000000000, -0.7071067811865400232 ) ) ;
#7273 = CARTESIAN_POINT ( 'NONE',  ( 13.83473019803201964, 46.50000000000000000, 5.000000000000000000 ) ) ;
#7274 = DATE_TIME_ROLE ( 'classification_date' ) ;
#7275 = EDGE_CURVE ( 'NONE', #4199, #5497, #2392, .T. ) ;
#7276 = MECHANICAL_CONTEXT ( 'NONE', #3571, 'mechanical' ) ;
#7277 = VECTOR ( 'NONE', #2161, 1000.000000000000114 ) ;
#7278 = CARTESIAN_POINT ( 'NONE',  ( -16.28058613717015035, -23.99880236658034960, 5.000000000000000000 ) ) ;
#7279 = VERTEX_POINT ( 'NONE', #6026 ) ;
#7280 = CC_DESIGN_DATE_AND_TIME_ASSIGNMENT ( #4360, #7334, ( #4128 ) ) ;
#7281 = DIRECTION ( 'NONE',  ( 0.000000000000000000, 0.000000000000000000, -1.000000000000000000 ) ) ;
#7282 = VERTEX_POINT ( 'NONE', #5913 ) ;
#7283 = ORIENTED_EDGE ( 'NONE', *, *, #3450, .T. ) ;
#7284 = AXIS2_PLACEMENT_3D ( 'NONE', #6345, #990, #5767 ) ;
#7285 = FACE_OUTER_BOUND ( 'NONE', #5349, .T. ) ;
#7286 = EDGE_CURVE ( 'NONE', #266, #7069, #3094, .T. ) ;
#7287 = VERTEX_POINT ( 'NONE', #6577 ) ;
#7288 = AXIS2_PLACEMENT_3D ( 'NONE', #3136, #6721, #1362 ) ;
#7289 = ORIENTED_EDGE ( 'NONE', *, *, #4879, .F. ) ;
#7290 = DIRECTION ( 'NONE',  ( 0.000000000000000000, 0.000000000000000000, 1.000000000000000000 ) ) ;
#7291 = FACE_OUTER_BOUND ( 'NONE', #5332, .T. ) ;
#7292 = ORIENTED_EDGE ( 'NONE', *, *, #3062, .F. ) ;
#7293 = EDGE_LOOP ( 'NONE', ( #2578, #7696, #6114, #2183 ) ) ;
#7294 = AXIS2_PLACEMENT_3D ( 'NONE', #5079, #7437, #6248 ) ;
#7295 = DIRECTION ( 'NONE',  ( -1.000000000000000000, 0.000000000000000000, 0.000000000000000000 ) ) ;
#7296 = DIRECTION ( 'NONE',  ( 0.000000000000000000, 0.000000000000000000, -1.000000000000000000 ) ) ;
#7297 = APPLICATION_PROTOCOL_DEFINITION ( 'international standard', 'config_control_design', 1994, #3118 ) ;
#7298 = CIRCLE ( 'NONE', #5038, 6.000000000000000000 ) ;
#7299 = ADVANCED_FACE ( 'NONE', ( #6495 ), #5373, .F. ) ;
#7300 = ORIENTED_EDGE ( 'NONE', *, *, #140, .F. ) ;
#7301 = CARTESIAN_POINT ( 'NONE',  ( -8.303577958713630025, -70.97255863797140307, 5.000000000000000000 ) ) ;
#7302 = DIRECTION ( 'NONE',  ( 1.000000000000000000, 0.000000000000000000, 0.000000000000000000 ) ) ;
#7303 = EDGE_LOOP ( 'NONE', ( #4720, #6471, #4473, #4990, #2264, #7176, #4124 ) ) ;
#7304 = CC_DESIGN_SECURITY_CLASSIFICATION ( #1296, ( #5792 ) ) ;
#7305 = CARTESIAN_POINT ( 'NONE',  ( 28.92386557844579897, -2.099999999999799805, 5.000000000000000000 ) ) ;
#7306 = DIRECTION ( 'NONE',  ( 0.000000000000000000, 0.000000000000000000, -1.000000000000000000 ) ) ;
#7307 = ADVANCED_FACE ( 'NONE', ( #4714 ), #3060, .F. ) ;
#7308 = CARTESIAN_POINT ( 'NONE',  ( 58.20652884342099753, -42.50000000000000000, 3.799999999999999822 ) ) ;
#7309 = SECURITY_CLASSIFICATION ( '', '', #6126 ) ;
#7310 = ORIENTED_EDGE ( 'NONE', *, *, #4840, .T. ) ;
#7311 = DIRECTION ( 'NONE',  ( 1.000000000000000000, 0.000000000000000000, 0.000000000000000000 ) ) ;
#7312 = CARTESIAN_POINT ( 'NONE',  ( 8.601666049839590045, 9.698522628062329787, 30.80087640576605068 ) ) ;
#7313 = AXIS2_PLACEMENT_3D ( 'NONE', #6055, #2969, #1243 ) ;
#7314 = SECURITY_CLASSIFICATION_LEVEL ( 'unclassified' ) ;
#7315 = CALENDAR_DATE ( 2026, 9, 8 ) ;
#7316 = EDGE_CURVE ( 'NONE', #1684, #7162, #4170, .T. ) ;
#7317 = DIRECTION ( 'NONE',  ( 0.000000000000000000, 0.000000000000000000, -1.000000000000000000 ) ) ;
#7318 = ORIENTED_EDGE ( 'NONE', *, *, #2295, .F. ) ;
#7319 = EDGE_CURVE ( 'NONE', #2736, #4611, #7210, .T. ) ;
#7320 = CARTESIAN_POINT ( 'NONE',  ( -36.84299116956499631, -14.24233132880143948, -4.500000000000000000 ) ) ;
#7321 = VERTEX_POINT ( 'NONE', #4859 ) ;
#7322 = ORIENTED_EDGE ( 'NONE', *, *, #872, .T. ) ;
#7323 = CARTESIAN_POINT ( 'NONE',  ( 0.000000000000000000, 0.000000000000000000, -5.000000000000000000 ) ) ;
#7324 = AXIS2_PLACEMENT_3D ( 'NONE', #2341, #7029, #2845 ) ;
#7325 = CC_DESIGN_PERSON_AND_ORGANIZATION_ASSIGNMENT ( #4596, #1155, ( #5366 ) ) ;
#7326 = ORIENTED_EDGE ( 'NONE', *, *, #6730, .T. ) ;
#7327 = EDGE_LOOP ( 'NONE', ( #3152, #2226, #4880, #932 ) ) ;
#7328 = FACE_BOUND ( 'NONE', #6323, .T. ) ;
#7329 = CARTESIAN_POINT ( 'NONE',  ( -12.69999999999999929, -2.600000000000000089, -5.000000000000000000 ) ) ;
#7330 = ORIENTED_EDGE ( 'NONE', *, *, #6105, .T. ) ;
#7331 = ORIENTED_EDGE ( 'NONE', *, *, #6697, .F. ) ;
#7332 = DIRECTION ( 'NONE',  ( 1.000000000000000000, -4.625929269271485322E-15, 0.000000000000000000 ) ) ;
#7333 = CARTESIAN_POINT ( 'NONE',  ( 29.20453601124035004, -0.4780010011199599673, -3.799999999999999822 ) ) ;
#7334 = DATE_TIME_ROLE ( 'creation_date' ) ;
#7335 = ORIENTED_EDGE ( 'NONE', *, *, #1095, .F. ) ;
#7336 = CARTESIAN_POINT ( 'NONE',  ( 12.74414409577106078, 0.5278586372665100557, -3.799999999999999822 ) ) ;
#7337 = CARTESIAN_POINT ( 'NONE',  ( 1.372213087217910132, -7.576742785872299990, 30.80087640576605068 ) ) ;
#7338 = ORIENTED_EDGE ( 'NONE', *, *, #1222, .F. ) ;
#7339 = FACE_OUTER_BOUND ( 'NONE', #839, .T. ) ;
#7340 = DIRECTION ( 'NONE',  ( 0.000000000000000000, 0.000000000000000000, -1.000000000000000000 ) ) ;
#7341 = CARTESIAN_POINT ( 'NONE',  ( -12.69999999999999929, 2.600000000000000089, 30.56012519531154936 ) ) ;
#7342 = VERTEX_POINT ( 'NONE', #2945 ) ;
#7343 = AXIS2_PLACEMENT_3D ( 'NONE', #5162, #3370, #7680 ) ;
#7344 = EDGE_CURVE ( 'NONE', #6861, #993, #4788, .T. ) ;
#7345 = DIRECTION ( 'NONE',  ( -0.8660254037844329345, -0.5000000000000101030, 0.000000000000000000 ) ) ;
#7346 = DIRECTION ( 'NONE',  ( 0.02981887472494013439, 0.7064777666070819473, 0.7071067811865530128 ) ) ;
#7347 = COORDINATED_UNIVERSAL_TIME_OFFSET ( 8, 0, .AHEAD. ) ;
#7348 = CARTESIAN_POINT ( 'NONE',  ( 14.80357795871312021, 70.97255863797150255, -5.000000000000000000 ) ) ;
#7349 = AXIS2_PLACEMENT_3D ( 'NONE', #5107, #4523, #1535 ) ;
#7350 = DIRECTION ( 'NONE',  ( 0.000000000000000000, 0.000000000000000000, -1.000000000000000000 ) ) ;
#7351 = VERTEX_POINT ( 'NONE', #7247 ) ;
#7352 = AXIS2_PLACEMENT_3D ( 'NONE', #4223, #4874, #7263 ) ;
#7353 = DIRECTION ( 'NONE',  ( 0.000000000000000000, 0.000000000000000000, 1.000000000000000000 ) ) ;
#7354 = ORIENTED_EDGE ( 'NONE', *, *, #822, .T. ) ;
#7355 = ORIENTED_EDGE ( 'NONE', *, *, #5176, .F. ) ;
#7356 = LINE ( 'NONE', #6757, #904 ) ;
#7357 = EDGE_CURVE ( 'NONE', #7622, #4744, #3690, .T. ) ;
#7358 = CIRCLE ( 'NONE', #2608, 6.499999999999999112 ) ;
#7359 = ORIENTED_EDGE ( 'NONE', *, *, #1904, .F. ) ;
#7360 = EDGE_CURVE ( 'NONE', #6884, #3905, #4209, .T. ) ;
#7361 = LINE ( 'NONE', #1441, #7713 ) ;
#7362 = VERTEX_POINT ( 'NONE', #5335 ) ;
#7363 = DIRECTION ( 'NONE',  ( 1.000000000000000000, 0.000000000000000000, 0.000000000000000000 ) ) ;
#7364 = LINE ( 'NONE', #1917, #1677 ) ;
#7365 = VERTEX_POINT ( 'NONE', #6065 ) ;
#7366 = ORIENTED_EDGE ( 'NONE', *, *, #738, .F. ) ;
#7367 = LINE ( 'NONE', #1955, #3265 ) ;
#7368 = CIRCLE ( 'NONE', #5738, 6.000000000000005329 ) ;
#7369 = CYLINDRICAL_SURFACE ( 'NONE', #7021, 29.50000000000000000 ) ;
#7370 = EDGE_CURVE ( 'NONE', #382, #6104, #5658, .T. ) ;
#7371 = ORIENTED_EDGE ( 'NONE', *, *, #7609, .F. ) ;
#7372 = DIRECTION ( 'NONE',  ( 1.000000000000000000, 0.000000000000000000, 0.000000000000000000 ) ) ;
#7373 = FACE_OUTER_BOUND ( 'NONE', #5014, .T. ) ;
#7374 = DESIGN_CONTEXT ( 'detailed design', #3918, 'design' ) ;
#7375 = ORIENTED_EDGE ( 'NONE', *, *, #5974, .T. ) ;
#7376 = CARTESIAN_POINT ( 'NONE',  ( 8.808915324408838288, 70.71953709566709279, 4.499999999999944933 ) ) ;
#7377 = DIRECTION ( 'NONE',  ( 0.000000000000000000, -1.000000000000000000, 0.000000000000000000 ) ) ;
#7378 = LINE ( 'NONE', #2637, #651 ) ;
#7379 = ADVANCED_FACE ( 'NONE', ( #1221 ), #2354, .F. ) ;
#7380 = VERTEX_POINT ( 'NONE', #1757 ) ;
#7381 = CARTESIAN_POINT ( 'NONE',  ( 0.000000000000000000, 0.000000000000000000, 5.000000000000000000 ) ) ;
#7382 = DIRECTION ( 'NONE',  ( -0.5000000000000011102, -0.8660254037844379305, 0.000000000000000000 ) ) ;
#7383 = DIRECTION ( 'NONE',  ( -1.000000000000000000, 0.000000000000000000, 0.000000000000000000 ) ) ;
#7384 = AXIS2_PLACEMENT_3D ( 'NONE', #4640, #5270, #3471 ) ;
#7385 = CALENDAR_DATE ( 2026, 9, 8 ) ;
#7386 = LINE ( 'NONE', #4456, #7521 ) ;
#7387 =( LENGTH_UNIT ( ) NAMED_UNIT ( * ) SI_UNIT ( .MILLI., .METRE. ) );
#7388 = AXIS2_PLACEMENT_3D ( 'NONE', #6811, #5016, #279 ) ;
#7389 = EDGE_CURVE ( 'NONE', #5723, #5715, #6535, .T. ) ;
#7390 = DIRECTION ( 'NONE',  ( -1.000000000000000000, 0.000000000000000000, 0.000000000000000000 ) ) ;
#7391 = ORIENTED_EDGE ( 'NONE', *, *, #6603, .F. ) ;
#7392 = DIRECTION ( 'NONE',  ( 0.000000000000000000, 0.000000000000000000, 1.000000000000000000 ) ) ;
#7393 = VERTEX_POINT ( 'NONE', #5952 ) ;
#7394 = ORIENTED_EDGE ( 'NONE', *, *, #3024, .F. ) ;
#7395 = DIRECTION ( 'NONE',  ( -1.000000000000000000, 0.000000000000000000, 0.000000000000000000 ) ) ;
#7396 = AXIS2_PLACEMENT_3D ( 'NONE', #6427, #6976, #954 ) ;
#7397 = ORIENTED_EDGE ( 'NONE', *, *, #1760, .T. ) ;
#7398 = CYLINDRICAL_SURFACE ( 'NONE', #7190, 29.00000000000000000 ) ;
#7399 = ORIENTED_EDGE ( 'NONE', *, *, #6326, .F. ) ;
#7400 = DIRECTION ( 'NONE',  ( 0.7064777666070953810, -0.02981887472494751043, -0.7071067811865392461 ) ) ;
#7401 = CARTESIAN_POINT ( 'NONE',  ( -14.80357795871362114, 70.97255863797140307, 5.000000000000000000 ) ) ;
#7402 = ORIENTED_EDGE ( 'NONE', *, *, #1664, .F. ) ;
#7403 = AXIS2_PLACEMENT_3D ( 'NONE', #3931, #5873, #1105 ) ;
#7404 = VERTEX_POINT ( 'NONE', #593 ) ;
#7405 = EDGE_CURVE ( 'NONE', #5458, #2153, #2983, .T. ) ;
#7406 = CARTESIAN_POINT ( 'NONE',  ( 0.000000000000000000, 0.000000000000000000, -0.5999999999999999778 ) ) ;
#7407 = CARTESIAN_POINT ( 'NONE',  ( 12.74414409577097906, 1.527858637266509945, -3.799999999999999822 ) ) ;
#7408 = VECTOR ( 'NONE', #1474, 1000.000000000000114 ) ;
#7409 = VERTEX_POINT ( 'NONE', #2542 ) ;
#7410 = DIRECTION ( 'NONE',  ( 1.000000000000000000, 1.734723475976807094E-15, 0.000000000000000000 ) ) ;
#7411 = CARTESIAN_POINT ( 'NONE',  ( -12.61978725336826024, -32.64568837809559909, -5.000000000000000000 ) ) ;
#7412 = VECTOR ( 'NONE', #5405, 1000.000000000000000 ) ;
#7413 = EDGE_LOOP ( 'NONE', ( #3687, #4445, #5224, #7525, #5340, #3964, #7081, #3482, #5822, #4553, #672, #4746 ) ) ;
#7414 = DIRECTION ( 'NONE',  ( -1.000000000000000000, 7.771561172376090853E-16, 0.000000000000000000 ) ) ;
#7415 = FACE_BOUND ( 'NONE', #2816, .T. ) ;
#7416 = ADVANCED_FACE ( 'NONE', ( #5047 ), #119, .F. ) ;
#7417 = EDGE_CURVE ( 'NONE', #6924, #6324, #1400, .T. ) ;
#7418 = CIRCLE ( 'NONE', #544, 3.999999999999996447 ) ;
#7419 = CARTESIAN_POINT ( 'NONE',  ( 8.309360104883399600, 70.69845196714169333, 5.000000000000000000 ) ) ;
#7420 = VECTOR ( 'NONE', #702, 1000.000000000000000 ) ;
#7421 = CONICAL_SURFACE ( 'NONE', #5039, 6.500000000000005329, 0.7853981633974589371 ) ;
#7422 = ADVANCED_FACE ( 'NONE', ( #7285 ), #4966, .F. ) ;
#7423 = SECURITY_CLASSIFICATION ( '', '', #4567 ) ;
#7424 = ORIENTED_EDGE ( 'NONE', *, *, #1903, .T. ) ;
#7425 = CARTESIAN_POINT ( 'NONE',  ( 0.000000000000000000, 42.50000000000000000, 3.799999999999999822 ) ) ;
#7426 = AXIS2_PLACEMENT_3D ( 'NONE', #5425, #713, #4871 ) ;
#7427 = LINE ( 'NONE', #3983, #6216 ) ;
#7428 = CARTESIAN_POINT ( 'NONE',  ( 6.962435565298249251, -9.259292143521021146, -5.000000000000000000 ) ) ;
#7429 = DATE_AND_TIME ( #6057, #924 ) ;
#7430 = EDGE_CURVE ( 'NONE', #7566, #6861, #821, .T. ) ;
#7431 = FACE_OUTER_BOUND ( 'NONE', #2908, .T. ) ;
#7432 = EDGE_CURVE ( 'NONE', #3510, #4408, #7356, .T. ) ;
#7433 = AXIS2_PLACEMENT_3D ( 'NONE', #302, #1129, #1045 ) ;
#7434 = CARTESIAN_POINT ( 'NONE',  ( 4.098333950160519379, 12.29852262806234009, 5.000000000000000000 ) ) ;
#7435 = ORIENTED_EDGE ( 'NONE', *, *, #1974, .T. ) ;
#7436 = AXIS2_PLACEMENT_3D ( 'NONE', #4803, #1202, #3036 ) ;
#7437 = DIRECTION ( 'NONE',  ( 0.7064777666070799489, -0.02981887472494252830, 0.7071067811865550112 ) ) ;
#7438 = ORIENTED_EDGE ( 'NONE', *, *, #813, .F. ) ;
#7439 = VERTEX_POINT ( 'NONE', #3725 ) ;
#7440 = AXIS2_PLACEMENT_3D ( 'NONE', #2450, #2335, #3559 ) ;
#7441 = EDGE_CURVE ( 'NONE', #229, #7513, #7442, .T. ) ;
#7442 = LINE ( 'NONE', #5521, #1643 ) ;
#7443 = AXIS2_PLACEMENT_3D ( 'NONE', #4619, #1627, #351 ) ;
#7444 = DIRECTION ( 'NONE',  ( 1.000000000000000000, 0.000000000000000000, 0.000000000000000000 ) ) ;
#7445 = EDGE_CURVE ( 'NONE', #1489, #2506, #6251, .T. ) ;
#7446 = ORIENTED_EDGE ( 'NONE', *, *, #2576, .T. ) ;
#7447 = FACE_BOUND ( 'NONE', #7059, .T. ) ;
#7448 = LINE ( 'NONE', #3297, #1374 ) ;
#7449 = VERTEX_POINT ( 'NONE', #3762 ) ;
#7450 = EDGE_LOOP ( 'NONE', ( #4856, #6492, #6464, #1267 ) ) ;
#7451 = DIRECTION ( 'NONE',  ( 0.000000000000000000, 0.000000000000000000, 1.000000000000000000 ) ) ;
#7452 = CARTESIAN_POINT ( 'NONE',  ( 58.20652884342099753, 42.50000000000000000, 4.499999999999944933 ) ) ;
#7453 = EDGE_LOOP ( 'NONE', ( #97, #2866, #7335, #5707 ) ) ;
#7454 = DIRECTION ( 'NONE',  ( 0.000000000000000000, 0.000000000000000000, -1.000000000000000000 ) ) ;
#7455 = CARTESIAN_POINT ( 'NONE',  ( -7.247758274114829646, 2.600000000000000089, -5.000000000000000000 ) ) ;
#7456 = ORIENTED_EDGE ( 'NONE', *, *, #264, .F. ) ;
#7457 = CARTESIAN_POINT ( 'NONE',  ( -8.318653347947439158, 10.20833024919759957, 0.5999999999999999778 ) ) ;
#7458 = CARTESIAN_POINT ( 'NONE',  ( 8.601666049839590045, 9.698522628062329787, 30.80087640576605068 ) ) ;
#7459 = DIRECTION ( 'NONE',  ( 0.000000000000000000, 0.000000000000000000, -1.000000000000000000 ) ) ;
#7460 = EDGE_CURVE ( 'NONE', #1300, #6813, #4914, .T. ) ;
#7461 = EDGE_CURVE ( 'NONE', #2833, #5501, #4040, .T. ) ;
#7462 = ORIENTED_EDGE ( 'NONE', *, *, #4495, .T. ) ;
#7463 = LINE ( 'NONE', #7425, #4486 ) ;
#7464 = EDGE_CURVE ( 'NONE', #4550, #3723, #2533, .T. ) ;
#7465 = CARTESIAN_POINT ( 'NONE',  ( 0.000000000000000000, 0.000000000000000000, -5.000000000000000000 ) ) ;
#7466 = LINE ( 'NONE', #6788, #6794 ) ;
#7467 = EDGE_CURVE ( 'NONE', #5280, #797, #3176, .T. ) ;
#7468 = CARTESIAN_POINT ( 'NONE',  ( -84.40000000000000568, 0.000000000000000000, 4.499999999999954703 ) ) ;
#7469 = VECTOR ( 'NONE', #5922, 1000.000000000000000 ) ;
#7470 = CARTESIAN_POINT ( 'NONE',  ( -29.50000000000000000, 3.612708057484690026E-15, -3.299999999999999822 ) ) ;
#7471 = ORIENTED_EDGE ( 'NONE', *, *, #1866, .F. ) ;
#7472 = CARTESIAN_POINT ( 'NONE',  ( 13.83473019803201964, -42.50000000000000000, 4.500000000000000000 ) ) ;
#7473 = ORIENTED_EDGE ( 'NONE', *, *, #3716, .F. ) ;
#7474 = VERTEX_POINT ( 'NONE', #1913 ) ;
#7475 = CIRCLE ( 'NONE', #6337, 29.00000000000000000 ) ;
#7476 = CC_DESIGN_DATE_AND_TIME_ASSIGNMENT ( #1938, #2724, ( #5434 ) ) ;
#7477 = DIRECTION ( 'NONE',  ( 1.000000000000000000, 0.000000000000000000, 0.000000000000000000 ) ) ;
#7478 = CONICAL_SURFACE ( 'NONE', #2213, 35.50000000000000000, 0.7853981633974547183 ) ;
#7479 = AXIS2_PLACEMENT_3D ( 'NONE', #5724, #5099, #6309 ) ;
#7480 = CARTESIAN_POINT ( 'NONE',  ( 0.000000000000000000, 0.000000000000000000, -3.799999999999999822 ) ) ;
#7481 = ORIENTED_EDGE ( 'NONE', *, *, #2968, .F. ) ;
#7482 = DIRECTION ( 'NONE',  ( -0.9991104390507971056, -0.04217025705071510144, 0.000000000000000000 ) ) ;
#7483 = DIRECTION ( 'NONE',  ( -0.7064777666070799489, 0.02981887472494252830, 0.7071067811865550112 ) ) ;
#7484 = ORIENTED_EDGE ( 'NONE', *, *, #4638, .T. ) ;
#7485 = ORIENTED_EDGE ( 'NONE', *, *, #2190, .T. ) ;
#7486 = CARTESIAN_POINT ( 'NONE',  ( -84.40000000000000568, 0.000000000000000000, 5.000000000000000000 ) ) ;
#7487 = AXIS2_PLACEMENT_3D ( 'NONE', #3346, #5137, #2711 ) ;
#7488 = CARTESIAN_POINT ( 'NONE',  ( -12.47616830166936097, 25.80935738227094944, -4.666662734709449367 ) ) ;
#7489 = VERTEX_POINT ( 'NONE', #231 ) ;
#7490 = DIRECTION ( 'NONE',  ( -1.000000000000000000, 0.000000000000000000, 0.000000000000000000 ) ) ;
#7491 = DIRECTION ( 'NONE',  ( 1.000000000000000000, 8.881784197001250351E-16, 0.000000000000000000 ) ) ;
#7492 = EDGE_CURVE ( 'NONE', #2464, #7243, #6028, .T. ) ;
#7493 = VERTEX_POINT ( 'NONE', #3842 ) ;
#7494 = FACE_OUTER_BOUND ( 'NONE', #15, .T. ) ;
#7495 = CYLINDRICAL_SURFACE ( 'NONE', #39, 6.500000000000000000 ) ;
#7496 = CIRCLE ( 'NONE', #7115, 3.999999999999996447 ) ;
#7497 = DIRECTION ( 'NONE',  ( 0.000000000000000000, 0.000000000000000000, 1.000000000000000000 ) ) ;
#7498 = ORIENTED_EDGE ( 'NONE', *, *, #5872, .F. ) ;
#7499 = LINE ( 'NONE', #3277, #617 ) ;
#7500 = CARTESIAN_POINT ( 'NONE',  ( 1.372213087217910132, -7.576742785872299990, -5.000000000000000000 ) ) ;
#7501 = DIRECTION ( 'NONE',  ( 1.000000000000000000, 0.000000000000000000, 0.000000000000000000 ) ) ;
#7502 = CARTESIAN_POINT ( 'NONE',  ( 28.99685864425680037, -0.4268357588007369863, -3.799999999999999822 ) ) ;
#7503 = PRODUCT_DEFINITION_SHAPE ( 'NONE', 'NONE',  #4128 ) ;
#7504 = EDGE_CURVE ( 'NONE', #1647, #2116, #778, .T. ) ;
#7505 = VECTOR ( 'NONE', #1739, 1000.000000000000000 ) ;
#7506 = CARTESIAN_POINT ( 'NONE',  ( -86.00000000000000000, 1.959434878635770160E-16, 4.499999999999954703 ) ) ;
#7507 = EDGE_CURVE ( 'NONE', #2300, #6461, #6769, .T. ) ;
#7508 = AXIS2_PLACEMENT_3D ( 'NONE', #4975, #2512, #1262 ) ;
#7509 = AXIS2_PLACEMENT_3D ( 'NONE', #4331, #3821, #6815 ) ;
#7510 = DIRECTION ( 'NONE',  ( 1.000000000000000000, 0.000000000000000000, 0.000000000000000000 ) ) ;
#7511 = CARTESIAN_POINT ( 'NONE',  ( 1.961284649213485221, -6.197044660542599281, -5.000000000000000000 ) ) ;
#7512 = ORIENTED_EDGE ( 'NONE', *, *, #2192, .F. ) ;
#7513 = VERTEX_POINT ( 'NONE', #2062 ) ;
#7514 = EDGE_CURVE ( 'NONE', #5458, #6557, #4295, .T. ) ;
#7515 = VECTOR ( 'NONE', #318, 1000.000000000000000 ) ;
#7516 = CARTESIAN_POINT ( 'NONE',  ( 36.84299116956490394, 14.24233132880170061, -5.000000000000000000 ) ) ;
#7517 = EDGE_CURVE ( 'NONE', #6591, #5041, #1398, .T. ) ;
#7518 = CARTESIAN_POINT ( 'NONE',  ( 16.02870165184855011, 76.84614969766559511, 3.799999999999999822 ) ) ;
#7519 = EDGE_LOOP ( 'NONE', ( #3058, #5995, #5095, #7737 ) ) ;
#7520 = CARTESIAN_POINT ( 'NONE',  ( -70.97255863797140307, -14.80357795871386095, -3.799999999999999822 ) ) ;
#7521 = VECTOR ( 'NONE', #1801, 1000.000000000000000 ) ;
#7522 = DIRECTION ( 'NONE',  ( 0.000000000000000000, 0.000000000000000000, -1.000000000000000000 ) ) ;
#7523 = ORIENTED_EDGE ( 'NONE', *, *, #2693, .T. ) ;
#7524 = ORIENTED_EDGE ( 'NONE', *, *, #6049, .F. ) ;
#7525 = ORIENTED_EDGE ( 'NONE', *, *, #3306, .F. ) ;
#7526 = CARTESIAN_POINT ( 'NONE',  ( -16.02991648673969749, -23.56462979611924879, -4.500000000000000000 ) ) ;
#7527 = EDGE_CURVE ( 'NONE', #467, #1226, #5288, .T. ) ;
#7528 = AXIS2_PLACEMENT_3D ( 'NONE', #2490, #7749, #2522 ) ;
#7529 = DIRECTION ( 'NONE',  ( 0.000000000000000000, 0.000000000000000000, -1.000000000000000000 ) ) ;
#7530 = EDGE_LOOP ( 'NONE', ( #5679, #1108, #1020, #663 ) ) ;
#7531 = VECTOR ( 'NONE', #6376, 1000.000000000000114 ) ;
#7532 = PRODUCT_DEFINITION_SHAPE ( 'NONE', 'NONE',  #7755 ) ;
#7533 = CARTESIAN_POINT ( 'NONE',  ( 58.20652884342099753, -46.50000000000000000, 0.5999999999999999778 ) ) ;
#7534 = CARTESIAN_POINT ( 'NONE',  ( -14.80357795871362114, -70.97255863797140307, 5.000000000000000000 ) ) ;
#7535 = ORIENTED_EDGE ( 'NONE', *, *, #3245, .T. ) ;
#7536 = CARTESIAN_POINT ( 'NONE',  ( -13.83473019803201964, 46.50000000000000000, 5.000000000000000000 ) ) ;
#7537 = CARTESIAN_POINT ( 'NONE',  ( 0.000000000000000000, 0.000000000000000000, -5.000000000000000000 ) ) ;
#7538 = B_SPLINE_CURVE_WITH_KNOTS ( 'NONE', 3,
 ( #633, #2584, #5601, #1405 ),
 .UNSPECIFIED., .F., .F.,
 ( 4, 4 ),
 ( 2.327375768669319780E-17, 0.0007080544432370840333 ),
 .UNSPECIFIED. ) ;
#7539 = CARTESIAN_POINT ( 'NONE',  ( -36.65322501283674939, 9.746334353072889201, -5.000000000000000000 ) ) ;
#7540 = VECTOR ( 'NONE', #4043, 1000.000000000000000 ) ;
#7541 = EDGE_CURVE ( 'NONE', #5458, #6600, #970, .T. ) ;
#7542 = AXIS2_PLACEMENT_3D ( 'NONE', #3532, #6973, #1028 ) ;
#7543 = EDGE_LOOP ( 'NONE', ( #387, #316, #1345, #2957 ) ) ;
#7544 = EDGE_CURVE ( 'NONE', #5248, #3259, #420, .T. ) ;
#7545 = LINE ( 'NONE', #2165, #5103 ) ;
#7546 = DIRECTION ( 'NONE',  ( 0.000000000000000000, 0.000000000000000000, -1.000000000000000000 ) ) ;
#7547 = CIRCLE ( 'NONE', #913, 5.999999999999998224 ) ;
#7548 = DIRECTION ( 'NONE',  ( 0.000000000000000000, 0.000000000000000000, -1.000000000000000000 ) ) ;
#7549 = PLANE ( 'NONE',  #1313 ) ;
#7550 = CALENDAR_DATE ( 2026, 9, 8 ) ;
#7551 = DIRECTION ( 'NONE',  ( 1.000000000000000000, 0.000000000000000000, 0.000000000000000000 ) ) ;
#7552 = AXIS2_PLACEMENT_3D ( 'NONE', #4986, #837, #7377 ) ;
#7553 =( GEOMETRIC_REPRESENTATION_CONTEXT ( 3 ) GLOBAL_UNCERTAINTY_ASSIGNED_CONTEXT ( ( #5649 ) ) GLOBAL_UNIT_ASSIGNED_CONTEXT ( ( #7387, #3792, #5588 ) ) REPRESENTATION_CONTEXT ( 'NONE', 'WORKASPACE' ) );
#7554 = DIRECTION ( 'NONE',  ( 0.000000000000000000, 0.000000000000000000, 1.000000000000000000 ) ) ;
#7555 = DIRECTION ( 'NONE',  ( 1.000000000000000000, 0.000000000000000000, 0.000000000000000000 ) ) ;
#7556 = ORIENTED_EDGE ( 'NONE', *, *, #3922, .F. ) ;
#7557 = CC_DESIGN_APPROVAL ( #2242, ( #3047 ) ) ;
#7558 = ORIENTED_EDGE ( 'NONE', *, *, #1350, .T. ) ;
#7559 = PLANE ( 'NONE',  #3414 ) ;
#7560 = EDGE_CURVE ( 'NONE', #7215, #6134, #1169, .T. ) ;
#7561 = VECTOR ( 'NONE', #2140, 999.9999999999998863 ) ;
#7562 = DIRECTION ( 'NONE',  ( -0.000000000000000000, -0.000000000000000000, -1.000000000000000000 ) ) ;
#7563 = ORIENTED_EDGE ( 'NONE', *, *, #6278, .T. ) ;
#7564 = LINE ( 'NONE', #6961, #5220 ) ;
#7565 = CARTESIAN_POINT ( 'NONE',  ( -8.808915324408838288, 70.71953709566709279, -5.000000000000000000 ) ) ;
#7566 = VERTEX_POINT ( 'NONE', #345 ) ;
#7567 = ORIENTED_EDGE ( 'NONE', *, *, #3103, .T. ) ;
#7568 = VERTEX_POINT ( 'NONE', #3449 ) ;
#7569 = CIRCLE ( 'NONE', #809, 7.700000000000000178 ) ;
#7570 = DIRECTION ( 'NONE',  ( 0.000000000000000000, 0.000000000000000000, -1.000000000000000000 ) ) ;
#7571 = DIRECTION ( 'NONE',  ( -0.7064777666070869433, -0.02981887472494539407, -0.7071067811865479058 ) ) ;
#7572 = CC_DESIGN_DATE_AND_TIME_ASSIGNMENT ( #4800, #1923, ( #5428 ) ) ;
#7573 = DIRECTION ( 'NONE',  ( 0.000000000000000000, 0.000000000000000000, -1.000000000000000000 ) ) ;
#7574 = DIRECTION ( 'NONE',  ( -0.7071067811865600072, 0.000000000000000000, -0.7071067811865350272 ) ) ;
#7575 = FACE_OUTER_BOUND ( 'NONE', #417, .T. ) ;
#7576 = ORIENTED_EDGE ( 'NONE', *, *, #3601, .T. ) ;
#7577 = FACE_OUTER_BOUND ( 'NONE', #5868, .T. ) ;
#7578 = DIRECTION ( 'NONE',  ( -0.6922093447044096459, 0.1443822118680041511, 0.7071067811865436870 ) ) ;
#7579 = CARTESIAN_POINT ( 'NONE',  ( 0.000000000000000000, -42.00000000000000000, 5.000000000000000000 ) ) ;
#7580 = SECURITY_CLASSIFICATION_LEVEL ( 'unclassified' ) ;
#7581 = ADVANCED_FACE ( 'NONE', ( #2771 ), #7596, .F. ) ;
#7582 = ORIENTED_EDGE ( 'NONE', *, *, #7687, .T. ) ;
#7583 = ORIENTED_EDGE ( 'NONE', *, *, #5476, .T. ) ;
#7584 = CARTESIAN_POINT ( 'NONE',  ( 4.537564434701829796, -10.65929214352101972, 30.80087640576605068 ) ) ;
#7585 = CARTESIAN_POINT ( 'NONE',  ( -36.84299116956499631, -14.24233132880143948, -5.000000000000000000 ) ) ;
#7586 = CARTESIAN_POINT ( 'NONE',  ( 0.000000000000000000, 0.000000000000000000, -5.000000000000000000 ) ) ;
#7587 = CARTESIAN_POINT ( 'NONE',  ( 29.20453601124035004, -0.4780010011199599673, -3.799999999999999822 ) ) ;
#7588 = APPROVAL_STATUS ( 'not_yet_approved' ) ;
#7589 = DIRECTION ( 'NONE',  ( 0.000000000000000000, 0.000000000000000000, 1.000000000000000000 ) ) ;
#7590 = EDGE_CURVE ( 'NONE', #5947, #6367, #3166, .T. ) ;
#7591 = CARTESIAN_POINT ( 'NONE',  ( -8.303577958713638907, 70.97255863797140307, 5.000000000000000000 ) ) ;
#7592 = CARTESIAN_POINT ( 'NONE',  ( -8.808915324408838288, 70.71953709566709279, 3.799999999999999822 ) ) ;
#7593 = ORIENTED_EDGE ( 'NONE', *, *, #1583, .F. ) ;
#7594 = ORIENTED_EDGE ( 'NONE', *, *, #638, .T. ) ;
#7595 = AXIS2_PLACEMENT_3D ( 'NONE', #5218, #7136, #565 ) ;
#7596 = PLANE ( 'NONE',  #6532 ) ;
#7597 = CIRCLE ( 'NONE', #4230, 29.00000000000000000 ) ;
#7598 = CARTESIAN_POINT ( 'NONE',  ( -86.00000000000000000, 1.959434878635770160E-16, -5.000000000000000000 ) ) ;
#7599 = ORIENTED_EDGE ( 'NONE', *, *, #995, .F. ) ;
#7600 = DIRECTION ( 'NONE',  ( 1.000000000000000000, 0.000000000000000000, 0.000000000000000000 ) ) ;
#7601 = LINE ( 'NONE', #3412, #3896 ) ;
#7602 = ORIENTED_EDGE ( 'NONE', *, *, #2693, .F. ) ;
#7603 = ORIENTED_EDGE ( 'NONE', *, *, #6867, .T. ) ;
#7604 = CARTESIAN_POINT ( 'NONE',  ( 0.000000000000000000, 0.000000000000000000, -3.299999999999999822 ) ) ;
#7605 = CIRCLE ( 'NONE', #2982, 29.50000000000000000 ) ;
#7606 = EDGE_CURVE ( 'NONE', #6324, #4805, #2781, .T. ) ;
#7607 = CARTESIAN_POINT ( 'NONE',  ( 0.000000000000000000, -42.50000000000000000, 3.799999999999999822 ) ) ;
#7608 = CONICAL_SURFACE ( 'NONE', #344, 4.499999999999997335, 0.7853981633974291832 ) ;
#7609 = EDGE_CURVE ( 'NONE', #4744, #4222, #5158, .T. ) ;
#7610 = AXIS2_PLACEMENT_3D ( 'NONE', #6542, #4754, #2395 ) ;
#7611 = EDGE_LOOP ( 'NONE', ( #1929, #3366, #5815, #835 ) ) ;
#7612 = CARTESIAN_POINT ( 'NONE',  ( -16.02991648673969749, -23.56462979611924879, -0.5999999999999999778 ) ) ;
#7613 = DIRECTION ( 'NONE',  ( 0.000000000000000000, 0.000000000000000000, -1.000000000000000000 ) ) ;
#7614 = ORIENTED_EDGE ( 'NONE', *, *, #91, .F. ) ;
#7615 = LINE ( 'NONE', #5844, #859 ) ;
#7616 = VECTOR ( 'NONE', #2487, 1000.000000000000114 ) ;
#7617 = DIRECTION ( 'NONE',  ( 1.000000000000000000, 0.000000000000000000, 0.000000000000000000 ) ) ;
#7618 = ADVANCED_FACE ( 'NONE', ( #6290 ), #7559, .F. ) ;
#7619 = LINE ( 'NONE', #1029, #7277 ) ;
#7620 = COORDINATED_UNIVERSAL_TIME_OFFSET ( 8, 0, .AHEAD. ) ;
#7621 = VECTOR ( 'NONE', #2040, 1000.000000000000114 ) ;
#7622 = VERTEX_POINT ( 'NONE', #2179 ) ;
#7623 = LINE ( 'NONE', #2244, #6679 ) ;
#7624 = CARTESIAN_POINT ( 'NONE',  ( 0.000000000000000000, 0.000000000000000000, -4.499999999999944933 ) ) ;
#7625 = ORIENTED_EDGE ( 'NONE', *, *, #5785, .F. ) ;
#7626 = CARTESIAN_POINT ( 'NONE',  ( -36.67431014136210621, 10.24588957259826039, -4.500000000000000000 ) ) ;
#7627 = PLANE ( 'NONE',  #2314 ) ;
#7628 = PERSON_AND_ORGANIZATION ( #5378, #5927 ) ;
#7629 = PERSON_AND_ORGANIZATION ( #2664, #7165 ) ;
#7630 = CARTESIAN_POINT ( 'NONE',  ( -86.50000000000000000, 2.571758278209499642E-16, 5.000000000000000000 ) ) ;
#7631 = EDGE_CURVE ( 'NONE', #7449, #1087, #5412, .T. ) ;
#7632 = ORIENTED_EDGE ( 'NONE', *, *, #264, .T. ) ;
#7633 = CARTESIAN_POINT ( 'NONE',  ( 10.00000000000000000, 42.50000000000000000, 4.499999999999944933 ) ) ;
#7634 = CARTESIAN_POINT ( 'NONE',  ( 33.95447164295445219, -10.36068798139403846, -4.500000000000000000 ) ) ;
#7635 = ORIENTED_EDGE ( 'NONE', *, *, #7316, .T. ) ;
#7636 = EDGE_LOOP ( 'NONE', ( #1722, #2111, #276, #6665 ) ) ;
#7637 = DIRECTION ( 'NONE',  ( 1.000000000000000000, 0.000000000000000000, 0.000000000000000000 ) ) ;
#7639 = EDGE_CURVE ( 'NONE', #5004, #2633, #4534, .T. ) ;
#7638 = AXIS2_PLACEMENT_3D ( 'NONE', #6479, #5317, #616 ) ;
#7640 = CARTESIAN_POINT ( 'NONE',  ( -11.27330309624258042, 0.4758213614811779846, 5.000000000000000000 ) ) ;
#7641 = EDGE_LOOP ( 'NONE', ( #3214, #7205, #542, #3659 ) ) ;
#7642 = LINE ( 'NONE', #4659, #102 ) ;
#7643 = DIRECTION ( 'NONE',  ( 0.000000000000000000, 0.000000000000000000, 1.000000000000000000 ) ) ;
#7644 = ORIENTED_EDGE ( 'NONE', *, *, #903, .F. ) ;
#7645 = ORIENTED_EDGE ( 'NONE', *, *, #955, .T. ) ;
#7646 = DIRECTION ( 'NONE',  ( -0.7064777666070758411, 0.02981887472494584856, -0.7071067811865588970 ) ) ;
#7647 = LINE ( 'NONE', #5758, #4406 ) ;
#7648 = AXIS2_PLACEMENT_3D ( 'NONE', #2899, #2316, #6375 ) ;
#7649 = EDGE_LOOP ( 'NONE', ( #7031, #6991, #7676, #779 ) ) ;
#7650 = DIRECTION ( 'NONE',  ( 0.000000000000000000, 0.000000000000000000, 1.000000000000000000 ) ) ;
#7651 = DIRECTION ( 'NONE',  ( -1.000000000000000000, 0.000000000000000000, 0.000000000000000000 ) ) ;
#7652 = ORIENTED_EDGE ( 'NONE', *, *, #2557, .T. ) ;
#7653 = PLANE ( 'NONE',  #6347 ) ;
#7654 = VERTEX_POINT ( 'NONE', #4574 ) ;
#7655 = DIRECTION ( 'NONE',  ( -1.000000000000000000, 0.000000000000000000, 0.000000000000000000 ) ) ;
#7656 = DIRECTION ( 'NONE',  ( 0.000000000000000000, 0.000000000000000000, -1.000000000000000000 ) ) ;
#7657 = CALENDAR_DATE ( 2026, 9, 8 ) ;
#7658 = VECTOR ( 'NONE', #6196, 1000.000000000000000 ) ;
#7659 = VERTEX_POINT ( 'NONE', #5827 ) ;
#7660 = EDGE_CURVE ( 'NONE', #7282, #2704, #7418, .T. ) ;
#7661 = EDGE_CURVE ( 'NONE', #7654, #1725, #2259, .T. ) ;
#7662 = CARTESIAN_POINT ( 'NONE',  ( -12.64327944127550118, -26.09880236658035102, -5.000000000000000000 ) ) ;
#7663 = CARTESIAN_POINT ( 'NONE',  ( 14.80357795871362114, -70.97255863797140307, 3.799999999999999822 ) ) ;
#7664 = ORIENTED_EDGE ( 'NONE', *, *, #4033, .T. ) ;
#7665 = CARTESIAN_POINT ( 'NONE',  ( 0.000000000000000000, 0.000000000000000000, -5.000000000000000000 ) ) ;
#7666 = CARTESIAN_POINT ( 'NONE',  ( 29.10072080866190092, -0.4522531258548480038, 3.799999999999999822 ) ) ;
#7667 = CIRCLE ( 'NONE', #7284, 6.000000000000005329 ) ;
#7668 = PERSON_AND_ORGANIZATION ( #2664, #7165 ) ;
#7669 = CARTESIAN_POINT ( 'NONE',  ( 8.309360104883438680, -70.69845196714169333, 5.000000000000000000 ) ) ;
#7670 = ADVANCED_FACE ( 'NONE', ( #6957 ), #407, .F. ) ;
#7671 = ORIENTED_EDGE ( 'NONE', *, *, #7389, .F. ) ;
#7672 = LINE ( 'NONE', #6482, #1540 ) ;
#7673 = VECTOR ( 'NONE', #3939, 1000.000000000000000 ) ;
#7674 = FACE_OUTER_BOUND ( 'NONE', #6529, .T. ) ;
#7675 = EDGE_LOOP ( 'NONE', ( #6099, #7582, #114, #2186 ) ) ;
#7676 = ORIENTED_EDGE ( 'NONE', *, *, #3266, .F. ) ;
#7677 = DIRECTION ( 'NONE',  ( 1.000000000000000000, 0.000000000000000000, 0.000000000000000000 ) ) ;
#7678 = VECTOR ( 'NONE', #6968, 1000.000000000000114 ) ;
#7679 = LOCAL_TIME ( 15, 19, 25.00000000000000000, #1126 ) ;
#7680 = DIRECTION ( 'NONE',  ( -1.000000000000000000, 0.000000000000000000, 0.000000000000000000 ) ) ;
#7681 = EDGE_LOOP ( 'NONE', ( #5003, #1174, #6096, #7178 ) ) ;
#7682 = DIRECTION ( 'NONE',  ( 0.000000000000000000, 0.000000000000000000, -1.000000000000000000 ) ) ;
#7683 = AXIS2_PLACEMENT_3D ( 'NONE', #1523, #4981, #7372 ) ;
#7684 = ORIENTED_EDGE ( 'NONE', *, *, #4288, .T. ) ;
#7685 = ORIENTED_EDGE ( 'NONE', *, *, #4994, .F. ) ;
#7686 = ORIENTED_EDGE ( 'NONE', *, *, #4227, .T. ) ;
#7687 = EDGE_CURVE ( 'NONE', #1684, #527, #3919, .T. ) ;
#7688 = CARTESIAN_POINT ( 'NONE',  ( -58.20652884342099753, 42.50000000000000000, 3.799999999999999822 ) ) ;
#7689 = DIRECTION ( 'NONE',  ( -0.04217025705071854313, 0.9991104390507968835, 0.000000000000000000 ) ) ;
#7690 = LOCAL_TIME ( 15, 19, 25.00000000000000000, #3789 ) ;
#7691 = EDGE_CURVE ( 'NONE', #2347, #6264, #7547, .T. ) ;
#7692 = CARTESIAN_POINT ( 'NONE',  ( 20.99529699264139992, 0.5278586372672050553, -3.799999999999999822 ) ) ;
#7693 = AXIS2_PLACEMENT_3D ( 'NONE', #3677, #7238, #3640 ) ;
#7694 = DIRECTION ( 'NONE',  ( -0.9991104390507973276, 0.04217025705070801683, 0.000000000000000000 ) ) ;
#7695 = CARTESIAN_POINT ( 'NONE',  ( 28.92386557844579897, -2.099999999999804690, 5.000000000000000000 ) ) ;
#7696 = ORIENTED_EDGE ( 'NONE', *, *, #5664, .T. ) ;
#7697 = CARTESIAN_POINT ( 'NONE',  ( 0.000000000000000000, 0.000000000000000000, -0.5999999999999999778 ) ) ;
#7698 = EDGE_LOOP ( 'NONE', ( #1242, #1503, #3270, #3048, #6404, #3924, #7523, #1351, #1551 ) ) ;
#7699 = AXIS2_PLACEMENT_3D ( 'NONE', #6112, #3740, #754 ) ;
#7700 = CARTESIAN_POINT ( 'NONE',  ( 0.000000000000000000, 0.000000000000000000, 0.5999999999999999778 ) ) ;
#7701 = CARTESIAN_POINT ( 'NONE',  ( 0.000000000000000000, 0.000000000000000000, 3.799999999999999822 ) ) ;
#7702 = APPROVAL_ROLE ( '' ) ;
#7703 = AXIS2_PLACEMENT_3D ( 'NONE', #3788, #219, #2086 ) ;
#7704 = ORIENTED_EDGE ( 'NONE', *, *, #4201, .F. ) ;
#7705 = PLANE ( 'NONE',  #422 ) ;
#7706 = CARTESIAN_POINT ( 'NONE',  ( -6.347440429023320618, 1.400000000000090061, 5.000000000000000000 ) ) ;
#7707 = ORIENTED_EDGE ( 'NONE', *, *, #6066, .T. ) ;
#7708 = DIRECTION ( 'NONE',  ( 0.8660254037844381525, 0.5000000000000007772, 0.000000000000000000 ) ) ;
#7709 = DIRECTION ( 'NONE',  ( 1.000000000000000000, -1.776356839400250070E-15, 0.000000000000000000 ) ) ;
#7710 = CALENDAR_DATE ( 2026, 9, 8 ) ;
#7711 = DIRECTION ( 'NONE',  ( -1.000000000000000000, 0.000000000000000000, 0.000000000000000000 ) ) ;
#7712 = EDGE_CURVE ( 'NONE', #6654, #6743, #3293, .T. ) ;
#7713 = VECTOR ( 'NONE', #5710, 1000.000000000000114 ) ;
#7714 = EDGE_CURVE ( 'NONE', #1290, #3198, #2099, .T. ) ;
#7715 = ADVANCED_FACE ( 'NONE', ( #5788 ), #2813, .T. ) ;
#7716 = VERTEX_POINT ( 'NONE', #3012 ) ;
#7717 = CYLINDRICAL_SURFACE ( 'NONE', #2305, 6.000000000000000000 ) ;
#7718 = ADVANCED_FACE ( 'NONE', ( #1829 ), #2973, .F. ) ;
#7719 = CARTESIAN_POINT ( 'NONE',  ( 8.808915324408838288, -70.71953709566709279, 3.799999999999999822 ) ) ;
#7720 = ORIENTED_EDGE ( 'NONE', *, *, #7203, .T. ) ;
#7721 = DIRECTION ( 'NONE',  ( 0.000000000000000000, 0.000000000000000000, 1.000000000000000000 ) ) ;
#7722 = ORIENTED_EDGE ( 'NONE', *, *, #7590, .F. ) ;
#7723 = CC_DESIGN_PERSON_AND_ORGANIZATION_ASSIGNMENT ( #2208, #1738, ( #4806 ) ) ;
#7724 = DIRECTION ( 'NONE',  ( 0.000000000000000000, 0.000000000000000000, -1.000000000000000000 ) ) ;
#7725 = VERTEX_POINT ( 'NONE', #1867 ) ;
#7726 = ORIENTED_EDGE ( 'NONE', *, *, #3940, .T. ) ;
#7727 = DIRECTION ( 'NONE',  ( -1.000000000000000000, 0.000000000000000000, 0.000000000000000000 ) ) ;
#7728 = DIRECTION ( 'NONE',  ( -1.000000000000000000, 0.000000000000000000, 0.000000000000000000 ) ) ;
#7729 = B_SPLINE_CURVE_WITH_KNOTS ( 'NONE', 3,
 ( #243, #3853, #7488, #6696 ),
 .UNSPECIFIED., .F., .F.,
 ( 4, 4 ),
 ( 1.681876810535999638E-17, 0.0007080544432370690713 ),
 .UNSPECIFIED. ) ;
#7730 = EDGE_CURVE ( 'NONE', #6924, #5508, #6778, .T. ) ;
#7731 = AXIS2_PLACEMENT_3D ( 'NONE', #3627, #1770, #19 ) ;
#7732 = CARTESIAN_POINT ( 'NONE',  ( 70.97255863797130360, 14.80357795871436188, -4.499999999999944933 ) ) ;
#7733 = CARTESIAN_POINT ( 'NONE',  ( 0.000000000000000000, 0.000000000000000000, -3.799999999999999822 ) ) ;
#7734 = CARTESIAN_POINT ( 'NONE',  ( -66.50000000000000000, 8.143901214329899974E-15, -3.299999999999999822 ) ) ;
#7735 = ORIENTED_EDGE ( 'NONE', *, *, #1614, .T. ) ;
#7736 = DIRECTION ( 'NONE',  ( 0.8660254037844382635, 0.5000000000000008882, 0.000000000000000000 ) ) ;
#7737 = ORIENTED_EDGE ( 'NONE', *, *, #4018, .F. ) ;
#7738 = CARTESIAN_POINT ( 'NONE',  ( 70.69845196714159385, 8.309360104884140341, -5.000000000000000000 ) ) ;
#7739 = AXIS2_PLACEMENT_3D ( 'NONE', #6995, #2262, #6449 ) ;
#7740 = DIRECTION ( 'NONE',  ( 1.000000000000000000, 0.000000000000000000, 0.000000000000000000 ) ) ;
#7741 = DATE_AND_TIME ( #7657, #4045 ) ;
#7742 = EDGE_LOOP ( 'NONE', ( #5603, #5252, #5045, #41 ) ) ;
#7743 = CARTESIAN_POINT ( 'NONE',  ( -12.39260979084503944, -25.66462979611925022, 5.000000000000000000 ) ) ;
#7744 = AXIS2_PLACEMENT_3D ( 'NONE', #3514, #5228, #531 ) ;
#7745 = LINE ( 'NONE', #2959, #6747 ) ;
#7746 = ORIENTED_EDGE ( 'NONE', *, *, #5801, .F. ) ;
#7747 = DIRECTION ( 'NONE',  ( 0.6595425036758387760, 0.2549582041139574207, -0.7071067811865416886 ) ) ;
#7748 = FACE_OUTER_BOUND ( 'NONE', #3859, .T. ) ;
#7749 = DIRECTION ( 'NONE',  ( 0.000000000000000000, 0.000000000000000000, -1.000000000000000000 ) ) ;
#7750 = DIRECTION ( 'NONE',  ( 0.000000000000000000, 0.000000000000000000, -1.000000000000000000 ) ) ;
#7751 = VECTOR ( 'NONE', #7008, 1000.000000000000114 ) ;
#7752 = EDGE_CURVE ( 'NONE', #4870, #4895, #4267, .T. ) ;
#7753 = NEXT_ASSEMBLY_USAGE_OCCURRENCE ( 'NAUO1', ' ', ' ', #1905, #6400, $ ) ;
#7754 = NEXT_ASSEMBLY_USAGE_OCCURRENCE ( 'NAUO2', ' ', ' ', #1905, #7233, $ ) ;
#7755 = NEXT_ASSEMBLY_USAGE_OCCURRENCE ( 'NAUO3', ' ', ' ', #6400, #1915, $ ) ;
#7756 = NEXT_ASSEMBLY_USAGE_OCCURRENCE ( 'NAUO4', ' ', ' ', #6400, #4128, $ ) ;
ENDSEC;
END-ISO-10303-21;
